C,B,A
47,13,1
77,73,0
81,81,0
28,18,1
83,5,1
84,73,0
87,66,0
72,75,0
70,73,0
26,24,1
46,29,1
16,2,1
57,86,0
19,9,1
40,18,1
69,88,0
11,40,1
83,56,1
18,9,1
11,15,1
66,59,0
60,21,1
52,10,1
63,26,1
76,14,1
39,89,0
75,81,0
85,22,1
70,65,0
29,19,1
52,25,1
68,38,1
87,88,0
27,41,1
59,28,1
29,24,1
48,70,0
94,84,0
7,15,1
55,76,0
69,43,1
55,88,0
26,20,1
22,26,1
41,24,1
64,31,1
32,39,1
99,85,0
72,78,0
92,80,0
89,79,0
59,24,1
63,26,1
80,24,1
90,77,0
44,64,0
10,31,1
75,76,0
95,11,1
80,72,0
85,69,0
29,4,1
4,17,1
63,79,0
84,27,1
89,71,0
27,47,1
78,67,0
54,28,1
67,41,1
65,80,0
40,30,1
93,33,1
70,32,1
70,76,0
75,68,0
36,24,1
43,30,1
29,32,1
49,37,1
72,83,0
60,70,0
33,23,1
12,8,1
13,18,1
83,19,1
70,25,1
49,24,1
95,25,1
31,6,1
65,77,0
72,79,0
63,42,1
56,27,1
30,23,1
75,72,0
78,86,0
57,77,0
97,13,1
86,70,0
73,15,1
64,33,1
65,14,1
98,65,0
33,22,1
3,13,1
66,11,1
12,17,1
81,37,1
2,20,1
91,42,1
89,37,1
71,25,1
73,78,0
92,14,1
29,39,1
71,36,1
61,42,1
10,5,1
69,18,1
91,70,0
53,14,1
86,32,1
60,16,1
82,71,0
64,35,1
55,15,1
51,34,1
94,20,1
80,7,1
75,23,1
79,73,0
60,57,0
54,96,0
46,26,1
80,83,0
40,27,1
93,91,0
46,32,1
44,22,1
99,23,1
11,18,1
47,23,1
35,13,1
33,75,0
35,49,1
64,73,0
35,67,0
60,83,0
97,69,0
7,16,1
62,31,1
40,12,1
61,35,1
78,40,1
88,69,0
38,37,1
43,18,1
69,78,0
90,83,0
58,81,0
55,40,1
26,17,1
21,24,1
64,1,1
47,2,1
43,38,1
70,65,0
73,31,1
29,7,1
48,31,1
86,83,0
87,42,1
81,44,1
48,25,1
93,69,0
56,57,1
81,80,0
66,70,0
74,76,0
88,72,0
30,36,1
61,83,0
88,89,0
69,62,0
51,26,1
80,30,1
60,16,1
77,88,0
56,8,1
80,63,0
25,30,1
37,8,1
92,88,0
77,71,0
9,31,1
41,35,1
83,86,0
70,43,1
79,89,0
94,76,0
18,12,1
48,3,1
45,21,1
86,71,0
48,44,1
83,17,1
71,27,1
74,46,1
88,18,1
20,17,1
56,29,1
24,12,1
21,16,1
42,34,1
15,19,1
64,22,1
34,30,1
41,13,1
64,78,0
46,24,1
77,67,0
88,21,1
66,80,0
74,81,0
99,74,0
15,19,1
9,6,1
65,69,0
33,14,1
61,58,0
58,87,0
9,10,1
0,11,1
83,20,1
63,25,1
99,75,0
80,71,0
81,87,0
42,29,1
65,78,0
64,78,0
91,89,0
84,82,0
4,22,1
92,36,1
9,14,1
38,3,1
76,35,1
95,80,0
46,35,1
64,37,1
34,11,1
33,21,1
54,30,1
8,17,1
4,32,1
42,41,1
95,84,0
82,54,1
7,27,1
73,81,0
67,84,0
65,9,1
95,20,1
83,77,0
16,22,1
82,30,1
71,66,0
68,36,1
30,36,1
82,84,0
63,11,1
43,26,1
88,27,1
83,82,0
75,34,1
87,55,1
35,9,1
86,78,0
68,16,1
58,38,1
67,78,0
65,51,1
34,37,1
31,28,1
27,17,1
57,36,1
3,16,1
20,29,1
88,72,0
31,18,1
55,75,0
78,82,0
78,68,0
36,29,1
46,42,1
12,23,1
42,65,0
46,32,1
70,23,1
47,71,0
95,25,1
17,15,1
83,71,0
16,21,1
57,60,0
38,5,1
62,27,1
68,74,0
25,23,1
87,86,0
35,24,1
81,64,0
87,95,0
92,81,0
67,87,0
59,39,1
64,76,0
43,23,1
92,72,0
64,56,1
66,62,0
74,71,0
55,6,1
69,72,0
64,72,0
23,7,1
77,36,1
51,37,1
19,19,1
46,12,1
49,11,1
64,79,0
81,86,0
30,23,1
71,42,1
77,79,0
40,30,1
97,89,0
74,69,0
84,77,0
23,19,1
57,19,1
58,73,0
78,78,0
62,35,1
40,15,1
80,28,1
97,92,0
92,82,0
82,30,1
11,17,1
61,26,1
80,44,1
92,72,0
15,6,1
48,88,0
46,45,1
66,17,1
71,49,1
84,4,1
72,76,0
38,16,1
88,29,1
48,33,1
10,24,1
27,21,1
25,39,1
59,24,1
11,22,1
73,29,1
74,28,1
32,30,1
61,79,0
80,78,0
59,72,0
42,64,0
82,82,0
93,71,0
41,19,1
83,75,0
59,99,0
86,74,0
72,37,1
10,19,1
61,31,1
69,64,0
78,71,0
21,24,1
62,74,0
62,83,0
20,42,1
50,59,1
69,79,0
80,80,0
61,33,1
96,27,1
81,36,1
94,77,0
69,22,1
39,22,1
94,74,0
21,22,1
46,22,1
7,8,1
38,16,1
36,17,1
45,25,1
29,31,1
96,74,0
46,67,0
66,87,0
72,84,0
49,4,1
79,44,1
32,22,1
33,15,1
57,23,1
42,50,1
76,60,0
32,21,1
36,19,1
29,15,1
44,72,0
83,64,0
61,41,1
64,74,0
34,13,1
41,39,1
77,81,0
38,28,1
0,27,1
59,34,1
62,85,0
72,19,1
30,30,1
72,22,1
40,28,1
86,43,1
94,28,1
22,26,1
71,38,1
81,4,1
80,70,0
85,79,0
69,71,0
24,23,1
67,29,1
26,11,1
5,21,1
43,32,1
16,30,1
65,21,1
52,25,1
59,28,1
48,25,1
28,17,1
63,58,0
93,70,0
97,85,0
78,78,0
52,4,1
97,12,1
27,14,1
76,86,0
96,93,0
99,20,1
33,16,1
92,21,1
47,35,1
91,77,0
15,23,1
35,21,1
32,8,1
50,25,1
63,83,0
53,72,0
15,23,1
65,22,1
83,83,0
72,70,0
75,68,0
75,43,1
77,41,1
36,19,1
78,33,1
99,66,0
20,5,1
83,81,0
83,35,1
65,17,1
72,91,0
95,40,1
56,41,1
74,69,0
26,16,1
32,24,1
66,75,0
1,18,1
42,17,1
56,35,1
45,36,1
71,87,0
72,24,1
95,24,1
41,18,1
93,67,0
63,86,0
68,73,0
74,65,0
76,66,0
20,26,1
71,20,1
60,95,0
91,98,0
89,75,0
47,23,1
61,25,1
87,39,1
49,79,0
76,68,0
54,84,0
73,80,0
85,79,0
53,83,0
42,7,1
46,75,0
20,33,1
42,22,1
76,67,0
55,76,0
36,28,1
39,25,1
68,35,1
58,81,0
66,67,0
53,23,1
81,85,0
40,23,1
93,76,0
27,3,1
39,45,1
24,36,1
87,80,0
62,24,1
57,24,1
97,67,0
77,75,0
58,36,1
94,75,0
67,74,0
20,32,1
61,74,0
46,41,1
48,27,1
20,22,1
44,73,0
88,29,1
32,20,1
75,72,0
74,47,1
30,18,1
16,21,1
47,31,1
29,32,1
79,83,0
57,27,1
46,24,1
47,21,1
69,34,1
92,77,0
81,68,0
98,91,0
74,71,0
90,39,1
47,32,1
37,42,1
47,20,1
23,22,1
65,81,0
53,77,0
22,16,1
47,20,1
88,32,1
10,21,1
51,81,0
82,28,1
56,33,1
70,60,0
64,72,0
88,43,1
25,29,1
94,86,0
55,16,1
87,25,1
44,18,1
76,90,0
78,81,0
88,70,0
29,19,1
69,18,1
34,34,1
13,26,1
91,23,1
66,74,0
19,24,1
57,16,1
57,23,1
66,79,0
79,31,1
46,24,1
7,1,1
56,32,1
92,37,1
41,20,1
70,64,0
59,70,0
32,32,1
42,29,1
76,15,1
8,6,1
77,84,0
73,13,1
37,74,0
53,73,0
60,30,1
42,31,1
90,32,1
29,27,1
22,9,1
1,14,1
65,72,0
38,17,1
51,73,0
35,31,1
92,80,0
17,27,1
31,31,1
20,33,1
95,80,0
56,8,1
21,23,1
75,21,1
82,73,0
76,42,1
62,58,1
91,89,0
84,77,0
18,21,1
81,77,0
49,19,1
77,65,0
77,13,1
52,65,0
72,29,1
49,33,1
71,65,0
77,32,1
81,80,0
37,22,1
90,64,0
94,27,1
78,66,0
67,26,1
72,30,1
23,15,1
64,36,1
81,91,0
66,73,0
63,72,0
45,4,1
78,37,1
45,11,1
67,33,1
83,32,1
67,78,0
79,68,0
51,76,0
91,16,1
57,17,1
62,73,0
97,83,0
75,58,0
73,18,1
92,75,0
81,20,1
98,78,0
39,8,1
57,32,1
75,81,0
65,86,0
82,35,1
37,23,1
95,36,1
56,74,0
26,29,1
65,22,1
39,37,1
30,38,1
83,30,1
78,81,0
96,74,0
52,64,0
67,44,1
67,32,1
80,72,0
84,72,0
88,6,1
55,59,0
58,67,0
13,25,1
61,16,1
49,37,1
96,88,0
96,14,1
19,19,1
7,26,1
69,68,0
56,62,0
78,77,0
95,67,0
26,15,1
80,76,0
44,16,1
58,21,1
29,21,1
61,49,1
42,15,1
25,35,1
59,31,1
66,84,0
47,73,0
64,71,0
58,38,1
56,45,1
49,77,0
91,89,0
77,85,0
58,32,1
68,84,0
84,77,0
58,79,0
13,25,1
13,30,1
72,74,0
70,13,1
66,31,1
40,39,1
43,10,1
74,22,1
27,25,1
52,74,0
20,1,1
58,11,1
38,36,1
37,26,1
49,16,1
75,93,0
56,81,0
94,72,0
64,79,0
50,75,0
41,14,1
73,72,0
45,63,0
76,22,1
70,75,0
60,10,1
54,75,0
42,27,1
8,20,1
72,74,0
74,72,0
36,31,1
70,28,1
71,35,1
33,13,1
96,66,0
98,81,0
55,18,1
82,28,1
9,2,1
6,2,1
73,34,1
75,82,0
69,72,0
85,74,0
88,70,0
89,64,0
90,67,0
96,76,0
75,67,0
47,33,1
65,88,0
94,29,1
19,34,1
64,31,1
67,41,1
11,30,1
48,85,0
83,80,0
62,89,0
32,16,1
79,71,0
29,20,1
5,9,1
96,49,1
42,21,1
8,27,1
52,23,1
42,37,1
46,25,1
54,32,1
70,87,0
67,30,1
59,12,1
72,80,0
53,26,1
82,70,0
68,78,0
77,36,1
25,13,1
43,32,1
71,35,1
45,72,0
86,84,0
12,13,1
50,40,1
53,69,0
79,62,0
82,77,0
20,32,1
39,38,1
78,11,1
65,73,0
73,44,1
35,36,1
83,78,0
50,35,1
94,8,1
87,97,0
62,23,1
49,80,0
77,24,1
46,4,1
77,22,1
57,22,1
67,10,1
56,52,1
65,34,1
78,68,0
37,32,1
74,90,0
74,84,0
40,19,1
77,19,1
98,73,0
94,74,0
68,80,0
85,69,0
58,83,0
40,68,0
2,24,1
75,44,1
62,26,1
66,61,0
24,14,1
49,27,1
78,83,0
72,80,0
51,33,1
56,84,0
68,26,1
4,18,1
65,24,1
59,69,0
86,88,0
53,66,0
99,80,0
31,26,1
64,14,1
14,17,1
55,4,1
5,14,1
66,73,0
55,29,1
83,78,0
75,75,0
89,92,0
23,23,1
46,24,1
85,82,0
78,68,0
40,14,1
52,21,1
48,12,1
64,45,1
45,18,1
48,23,1
84,80,0
46,36,1
77,87,0
59,61,0
33,7,1
28,26,1
64,82,0
22,25,1
10,18,1
55,65,0
56,38,1
59,53,1
73,38,1
46,28,1
50,51,1
93,88,0
87,77,0
70,68,0
74,32,1
86,64,0
92,15,1
88,77,0
85,73,0
73,70,0
86,69,0
60,28,1
60,77,0
83,75,0
75,44,1
53,30,1
89,6,1
30,28,1
29,11,1
52,68,0
89,73,0
58,83,0
61,63,0
77,78,0
62,67,0
58,81,0
90,69,0
49,37,1
89,48,1
43,33,1
65,28,1
19,28,1
61,70,0
55,36,1
35,30,1
90,64,0
86,78,0
93,48,1
55,18,1
52,32,1
42,32,1
66,39,1
95,90,0
53,41,1
91,82,0
46,44,1
82,74,0
66,81,0
88,81,0
90,80,0
62,10,1
55,73,0
60,27,1
39,24,1
71,33,1
90,82,0
70,82,0
91,68,0
62,78,0
32,43,1
48,21,1
79,41,1
80,42,1
72,81,0
94,73,0
76,68,0
45,37,1
54,27,1
59,78,0
88,83,0
81,75,0
52,28,1
12,12,1
62,21,1
27,43,1
65,16,1
79,92,0
46,22,1
16,33,1
25,21,1
51,33,1
73,31,1
53,25,1
87,35,1
83,75,0
82,31,1
84,80,0
49,80,0
38,37,1
52,19,1
37,38,1
48,21,1
21,26,1
69,16,1
4,38,1
94,26,1
89,45,1
75,63,0
86,70,0
98,65,0
72,26,1
34,39,1
72,68,0
19,23,1
51,15,1
76,87,0
78,89,0
53,23,1
98,94,0
51,7,1
61,44,1
46,21,1
14,21,1
57,80,0
18,16,1
73,81,0
92,47,1
36,39,1
94,91,0
80,71,0
43,71,0
64,29,1
65,22,1
79,30,1
72,83,0
88,78,0
92,79,0
33,17,1
97,72,0
83,24,1
8,15,1
57,5,1
65,6,1
4,3,1
65,80,0
45,37,1
6,9,1
27,18,1
88,76,0
84,26,1
52,72,0
95,80,0
26,33,1
85,38,1
76,72,0
62,74,0
57,23,1
99,73,0
79,5,1
72,44,1
79,31,1
18,19,1
88,39,1
73,73,0
72,80,0
80,82,0
98,80,0
1,18,1
53,30,1
15,35,1
70,61,0
49,13,1
73,35,1
55,17,1
78,89,0
94,66,0
18,20,1
85,82,0
83,74,0
77,44,1
59,65,0
29,23,1
57,46,1
49,29,1
17,9,1
92,97,0
84,53,1
73,81,0
68,76,0
74,75,0
88,71,0
75,75,0
89,61,0
84,35,1
83,69,0
50,86,0
49,20,1
45,24,1
60,75,0
72,82,0
76,83,0
29,7,1
26,9,1
10,24,1
58,33,1
66,72,0
8,46,1
34,27,1
57,80,0
20,24,1
58,75,0
63,34,1
14,7,1
48,19,1
7,18,1
62,23,1
78,32,1
83,42,1
55,82,0
93,79,0
6,8,1
36,44,1
99,29,1
70,74,0
89,15,1
84,28,1
30,11,1
56,38,1
75,76,0
81,83,0
74,30,1
93,84,0
44,35,1
26,27,1
83,68,0
53,29,1
84,80,0
60,74,0
32,20,1
54,78,0
41,20,1
67,77,0
43,31,1
81,22,1
70,82,0
22,17,1
80,69,0
54,21,1
72,83,0
85,64,0
76,83,0
13,18,1
86,64,0
87,72,0
82,70,0
54,72,0
64,36,1
71,25,1
32,43,1
0,13,1
65,13,1
87,24,1
66,40,1
75,85,0
75,68,0
78,73,0
76,10,1
72,35,1
81,71,0
35,34,1
58,35,1
91,75,0
29,19,1
97,44,1
76,32,1
80,41,1
93,17,1
37,7,1
92,90,0
68,36,1
44,54,1
57,76,0
60,18,1
71,76,0
79,67,0
23,24,1
9,13,1
16,12,1
27,27,1
52,31,1
91,33,1
71,30,1
99,88,0
68,30,1
47,61,0
92,37,1
92,15,1
91,67,0
68,80,0
49,50,1
39,15,1
62,39,1
42,31,1
82,42,1
72,83,0
80,70,0
93,22,1
54,58,1
42,76,0
80,77,0
52,16,1
55,83,0
82,72,0
3,21,1
37,45,1
25,20,1
69,83,0
59,40,1
70,80,0
66,24,1
55,30,1
73,30,1
92,11,1
93,10,1
77,72,0
80,82,0
59,19,1
26,23,1
60,48,1
65,72,0
56,75,0
69,46,1
3,26,1
82,71,0
45,19,1
89,70,0
85,81,0
76,46,1
49,21,1
48,45,1
80,78,0
96,22,1
72,83,0
83,87,0
15,23,1
44,23,1
73,42,1
30,18,1
62,48,1
10,24,1
55,32,1
35,40,1
42,76,0
92,83,0
65,78,0
68,75,0
26,22,1
65,45,1
14,12,1
71,69,0
62,29,1
6,16,1
45,66,0
26,29,1
85,37,1
85,78,0
76,48,1
61,3,1
37,13,1
42,9,1
65,79,0
62,71,0
62,88,0
14,29,1
88,8,1
29,7,1
91,75,0
42,41,1
68,79,0
28,17,1
30,15,1
73,33,1
77,74,0
60,73,0
77,92,0
76,74,0
99,83,0
63,68,0
90,74,0
26,26,1
61,30,1
81,74,0
85,50,1
81,79,0
71,20,1
63,36,1
10,14,1
86,86,0
55,27,1
70,68,0
3,10,1
43,4,1
54,85,0
65,48,1
57,63,1
93,30,1
45,35,1
46,37,1
95,77,0
67,85,0
89,85,0
96,88,0
11,15,1
30,40,1
85,71,0
38,15,1
80,10,1
19,21,1
99,70,0
52,71,0
86,71,0
66,23,1
91,87,0
56,37,1
98,84,0
86,72,0
91,76,0
40,20,1
78,33,1
31,27,1
89,75,0
23,34,1
51,38,1
67,28,1
57,22,1
69,22,1
87,89,0
50,65,0
61,75,0
41,29,1
39,30,1
69,89,0
64,15,1
29,16,1
54,21,1
10,4,1
86,20,1
85,61,0
59,20,1
97,60,0
82,77,0
35,29,1
92,76,0
83,79,0
33,24,1
89,80,0
90,87,0
68,15,1
77,38,1
70,75,0
6,24,1
95,69,0
28,18,1
15,12,1
34,26,1
78,66,0
46,43,1
58,78,0
77,60,0
50,44,1
63,41,1
37,34,1
69,80,0
81,68,0
21,13,1
33,23,1
76,79,0
69,79,0
8,22,1
59,68,0
60,71,0
56,35,1
27,29,1
34,18,1
26,23,1
60,79,0
68,59,0
83,51,1
79,67,0
85,11,1
72,79,0
28,27,1
79,70,0
91,82,0
60,27,1
47,15,1
42,34,1
62,73,0
32,36,1
25,16,1
31,33,1
40,26,1
8,10,1
90,73,0
96,74,0
38,23,1
37,79,0
65,38,1
51,32,1
72,32,1
18,19,1
75,9,1
9,28,1
71,74,0
78,37,1
98,77,0
79,58,1
12,7,1
87,72,0
71,44,1
46,75,0
69,34,1
60,86,0
90,42,1
98,68,0
79,33,1
92,12,1
71,6,1
35,24,1
73,18,1
50,43,1
26,16,1
3,10,1
73,32,1
10,12,1
89,69,0
33,18,1
40,45,1
65,45,1
0,15,1
38,29,1
33,11,1
23,21,1
26,17,1
10,4,1
28,21,1
81,30,1
90,67,0
68,17,1
77,26,1
35,20,1
92,75,0
31,37,1
41,9,1
47,35,1
79,82,0
97,28,1
69,63,0
54,16,1
6,20,1
2,27,1
75,18,1
38,24,1
92,84,0
64,25,1
95,76,0
67,76,0
31,11,1
82,19,1
50,18,1
45,26,1
83,64,0
66,81,0
15,21,1
74,48,1
12,17,1
55,21,1
16,27,1
88,29,1
64,21,1
99,42,1
75,91,0
54,1,1
76,81,0
14,25,1
35,18,1
63,81,0
33,65,0
32,4,1
99,21,1
83,64,0
83,75,0
34,28,1
83,44,1
24,28,1
36,13,1
74,62,0
91,30,1
7,25,1
36,4,1
37,26,1
89,16,1
76,84,0
93,64,0
29,29,1
97,9,1
52,15,1
44,35,1
66,80,0
97,79,0
69,76,0
47,41,1
72,69,0
97,77,0
85,71,0
49,14,1
55,74,0
79,17,1
88,50,1
60,28,1
21,18,1
3,13,1
51,41,1
98,39,1
71,76,0
82,21,1
48,31,1
64,58,0
39,16,1
39,16,1
86,10,1
43,45,1
91,83,0
76,58,1
63,19,1
97,25,1
22,37,1
16,25,1
7,15,1
44,48,1
18,8,1
32,26,1
61,82,0
21,41,1
16,23,1
68,92,0
28,9,1
36,21,1
71,73,0
98,83,0
56,66,0
53,12,1
71,23,1
81,27,1
62,45,1
23,15,1
78,76,0
58,63,0
52,62,0
43,29,1
26,8,1
71,72,0
39,30,1
46,76,0
73,88,0
85,71,0
8,18,1
21,36,1
29,30,1
50,13,1
91,4,1
56,28,1
42,42,1
13,23,1
60,43,1
96,88,0
62,67,0
77,38,1
5,10,1
79,73,0
21,19,1
48,42,1
41,14,1
99,33,1
91,59,0
69,22,1
72,31,1
91,77,0
11,15,1
95,69,0
70,70,0
92,52,1
86,77,0
56,33,1
82,41,1
49,23,1
65,35,1
76,79,0
49,23,1
6,3,1
50,31,1
87,85,0
11,7,1
62,75,0
79,83,0
51,74,0
4,21,1
22,21,1
13,8,1
36,33,1
88,45,1
26,35,1
20,24,1
41,22,1
48,25,1
65,24,1
80,81,0
30,1,1
6,10,1
45,30,1
48,26,1
36,38,1
45,31,1
59,69,0
24,16,1
37,30,1
66,23,1
23,24,1
89,80,0
87,79,0
89,90,0
91,79,0
86,77,0
90,12,1
60,10,1
95,74,0
34,33,1
43,20,1
50,17,1
33,21,1
80,58,0
88,20,1
78,64,0
69,77,0
10,25,1
26,34,1
55,36,1
18,30,1
76,72,0
84,76,0
86,84,0
93,90,0
29,1,1
30,12,1
76,65,0
14,20,1
68,75,0
29,13,1
36,29,1
62,33,1
68,48,1
44,42,1
75,81,0
8,26,1
58,16,1
12,19,1
25,13,1
50,33,1
63,72,0
82,43,1
83,74,0
73,88,0
33,35,1
3,26,1
38,19,1
92,76,0
75,67,0
69,82,0
66,82,0
65,28,1
56,84,0
43,25,1
86,89,0
98,81,0
32,33,1
66,80,0
71,38,1
5,29,1
4,18,1
52,73,0
94,78,0
34,30,1
77,81,0
77,27,1
94,75,0
90,29,1
18,24,1
73,38,1
80,30,1
96,69,0
81,79,0
72,28,1
42,39,1
41,9,1
98,31,1
98,71,0
47,23,1
80,90,0
30,25,1
91,79,0
99,88,0
43,49,1
50,25,1
46,27,1
75,93,0
57,25,1
42,32,1
23,22,1
76,77,0
35,28,1
99,73,0
89,38,1
78,64,0
38,81,0
77,58,1
55,71,0
79,25,1
57,22,1
57,67,0
0,9,1
69,29,1
80,74,0
69,33,1
81,77,0
77,86,0
49,74,0
51,77,0
29,30,1
51,34,1
71,1,1
94,23,1
87,74,0
23,22,1
52,36,1
82,74,0
83,67,0
61,36,1
99,73,0
32,16,1
97,87,0
4,19,1
80,82,0
36,1,1
40,71,0
95,78,0
46,19,1
52,36,1
18,16,1
73,76,0
64,37,1
75,31,1
63,17,1
74,58,0
24,73,0
80,22,1
94,45,1
78,67,0
29,18,1
61,81,0
59,14,1
44,30,1
70,79,0
84,79,0
83,76,0
52,5,1
24,9,1
88,44,1
43,28,1
59,89,0
60,77,0
26,17,1
69,64,0
42,24,1
8,9,1
71,69,1
54,32,1
1,22,1
83,18,1
64,39,1
68,30,1
91,71,0
89,23,1
59,6,1
33,34,1
78,31,1
8,21,1
34,31,1
89,72,0
22,27,1
74,15,1
26,24,1
89,80,0
86,78,0
93,83,0
43,46,1
38,24,1
67,60,0
22,35,1
60,39,1
45,9,1
58,39,1
20,17,1
59,27,1
19,26,1
57,35,1
78,42,1
69,84,0
67,37,1
19,28,1
26,17,1
89,21,1
34,24,1
79,80,0
52,51,1
60,20,1
68,26,1
63,26,1
49,23,1
53,24,1
61,22,1
98,79,0
85,82,0
9,16,1
12,21,1
23,39,1
78,44,1
7,0,1
60,82,0
79,82,0
33,25,1
71,15,1
38,16,1
78,75,0
84,72,0
73,84,0
0,12,1
7,5,1
9,15,1
34,24,1
69,77,0
97,80,0
92,27,1
27,17,1
78,54,1
55,18,1
29,26,1
8,9,1
72,28,1
38,17,1
86,73,0
2,22,1
8,13,1
82,19,1
70,69,0
32,31,1
22,22,1
45,24,1
65,22,1
70,76,0
84,83,0
53,65,0
56,71,0
61,7,1
23,15,1
59,17,1
91,75,0
73,81,0
9,13,1
64,85,0
84,71,0
87,13,1
93,75,0
4,23,1
85,70,0
44,32,1
51,33,1
71,79,0
84,19,1
82,78,0
92,37,1
9,22,1
83,64,0
82,22,1
42,76,0
16,26,1
81,83,0
58,72,0
73,35,1
98,27,1
24,15,1
1,8,1
95,9,1
36,26,1
95,75,0
41,19,1
75,35,1
67,58,1
3,8,1
10,26,1
61,82,0
47,36,1
8,18,1
90,14,1
78,77,0
62,31,1
74,70,0
43,24,1
67,72,0
17,15,1
61,56,0
67,67,0
51,22,1
52,18,1
21,11,1
39,10,1
70,65,0
86,45,1
18,9,1
51,38,1
20,22,1
53,52,1
85,34,1
73,92,0
83,76,0
67,74,0
11,20,1
91,8,1
52,70,0
63,45,1
60,28,1
80,79,0
91,31,1
68,67,0
62,6,1
68,26,1
14,2,1
90,80,0
64,18,1
83,65,0
43,9,1
7,13,1
49,63,0
26,20,1
20,25,1
3,18,1
98,67,0
49,73,0
35,22,1
68,76,0
34,30,1
78,74,0
14,2,1
46,11,1
86,46,1
40,21,1
62,83,0
33,18,1
48,38,1
31,23,1
22,20,1
82,38,1
93,74,0
76,23,1
64,31,1
79,30,1
70,80,0
59,35,1
43,35,1
81,76,0
76,13,1
7,23,1
30,34,1
14,34,1
94,41,1
37,15,1
36,18,1
66,63,0
66,88,0
60,33,1
80,57,0
52,24,1
77,86,0
85,72,0
61,72,0
64,83,0
58,72,0
53,20,1
77,76,0
68,21,1
53,23,1
31,10,1
43,29,1
56,91,0
40,34,1
59,19,1
92,28,1
88,72,0
50,22,1
4,13,1
34,9,1
9,18,1
65,47,1
73,83,0
81,80,0
94,22,1
89,70,0
32,18,1
31,35,1
93,89,0
56,39,1
11,6,1
88,75,0
20,30,1
64,89,0
78,28,1
51,43,1
94,75,0
50,37,1
98,73,0
10,18,1
31,17,1
70,37,1
79,27,1
60,70,0
7,33,1
7,12,1
77,76,0
0,14,1
32,22,1
83,27,1
19,9,1
79,40,1
72,47,1
78,84,0
93,74,0
68,43,1
6,36,1
50,21,1
59,31,1
37,18,1
58,81,0
56,18,1
8,14,1
43,27,1
81,77,0
26,4,1
5,15,1
77,72,0
82,5,1
16,12,1
87,78,0
84,30,1
15,14,1
93,81,0
2,22,1
84,82,0
28,39,1
67,65,0
40,3,1
36,13,1
85,69,0
55,74,0
87,81,0
17,35,1
39,22,1
42,17,1
17,12,1
77,73,0
26,6,1
15,27,1
81,77,0
97,7,1
99,88,0
78,73,0
90,67,0
40,24,1
66,4,1
73,82,0
52,81,0
97,85,0
20,22,1
29,40,1
23,37,1
53,68,0
58,31,1
46,46,1
94,82,0
79,72,0
71,69,0
77,78,0
75,30,1
76,81,0
19,4,1
58,77,0
66,19,1
44,25,1
64,86,0
58,74,0
60,81,0
58,65,0
62,13,1
64,86,0
27,22,1
20,26,1
89,71,0
55,42,1
90,17,1
81,70,0
32,25,1
41,34,1
12,18,1
55,21,1
49,31,1
41,19,1
68,17,1
84,20,1
49,5,1
7,16,1
65,19,1
65,72,0
70,75,0
44,16,1
20,21,1
49,29,1
79,75,0
65,35,1
7,21,1
86,62,0
24,5,1
66,2,1
67,29,1
60,40,1
63,17,1
32,17,1
70,70,0
76,18,1
33,25,1
53,61,0
86,94,0
71,92,0
79,29,1
95,43,1
19,37,1
55,34,1
26,30,1
96,63,0
54,37,1
64,19,1
35,7,1
79,86,0
93,68,0
75,32,1
38,29,1
90,78,0
50,27,1
67,76,0
95,71,0
38,28,1
75,50,1
75,77,0
77,32,1
35,29,1
69,71,0
89,63,0
70,88,0
85,37,1
25,29,1
35,19,1
74,26,1
72,77,0
29,18,1
69,68,0
89,72,0
38,35,1
57,35,1
42,85,0
96,83,0
48,15,1
77,63,0
67,16,1
19,9,1
37,6,1
36,7,1
74,31,1
81,86,0
87,51,1
88,22,1
86,76,0
76,74,0
32,4,1
78,33,1
57,70,0
48,36,1
78,81,0
43,37,1
43,32,1
74,77,0
77,76,0
52,20,1
32,26,1
62,68,0
53,7,1
53,24,1
21,44,1
63,80,0
91,82,0
57,77,0
94,78,0
74,73,0
13,2,1
45,18,1
46,20,1
40,31,1
20,37,1
95,73,0
12,3,1
68,66,0
49,26,1
71,80,0
83,67,0
72,22,1
81,71,0
69,87,0
37,28,1
92,82,0
73,77,0
71,74,0
45,29,1
77,71,0
41,80,0
88,30,1
14,9,1
99,69,0
32,27,1
71,67,0
93,77,0
96,34,1
44,38,1
6,32,1
30,30,1
70,37,1
47,32,1
48,37,1
35,10,1
43,11,1
66,66,0
89,65,0
39,23,1
71,76,0
79,21,1
46,70,0
40,19,1
22,31,1
44,18,1
76,75,0
40,27,1
79,75,0
91,79,0
56,14,1
95,88,0
73,65,0
23,23,1
47,30,1
53,36,1
44,32,1
86,59,0
68,65,1
52,15,1
30,37,1
18,28,1
77,73,0
61,71,0
39,18,1
75,81,0
86,20,1
60,43,1
96,77,0
18,9,1
43,42,1
89,77,0
10,11,1
91,79,0
49,17,1
83,82,0
68,36,1
61,76,0
64,44,1
64,67,0
89,76,0
40,52,1
41,17,1
19,15,1
92,68,0
86,79,0
59,22,1
5,17,1
42,41,1
91,83,0
57,27,1
74,73,0
24,24,1
57,37,1
90,88,0
36,40,1
10,13,1
79,39,1
54,33,1
7,8,1
11,6,1
60,40,1
22,28,1
43,18,1
49,51,1
89,28,1
78,75,0
86,72,0
60,35,1
63,69,0
78,75,0
8,25,1
82,21,1
9,3,1
40,20,1
90,34,1
18,23,1
59,72,0
67,31,1
83,7,1
73,83,0
45,80,0
82,83,0
31,23,1
43,16,1
75,87,0
63,22,1
50,76,0
82,81,0
99,14,1
43,31,1
32,26,1
66,23,1
61,37,1
93,83,0
94,75,0
74,27,1
16,4,1
81,75,0
88,89,0
75,86,0
60,62,0
73,84,0
97,80,0
97,71,0
97,49,1
45,11,1
34,28,1
84,74,0
89,80,0
24,14,1
56,23,1
91,52,0
81,77,0
46,20,1
25,17,1
35,27,1
47,27,1
78,74,0
73,1,1
55,30,1
91,73,0
96,74,0
24,18,1
57,19,1
97,94,0
31,13,1
0,9,1
51,30,1
89,93,0
59,79,0
58,73,0
70,24,1
26,8,1
35,29,1
66,21,1
94,43,1
69,78,0
81,2,1
92,81,0
32,39,1
63,18,1
68,19,1
63,31,1
93,69,0
53,26,1
51,68,0
54,23,1
58,38,1
58,30,1
34,32,1
74,92,0
91,87,0
91,72,0
48,27,1
70,37,1
48,36,1
52,41,1
74,82,0
95,79,0
92,69,0
11,17,1
65,85,0
82,91,0
33,16,1
4,22,1
24,18,1
86,82,0
81,86,0
53,66,0
46,38,1
43,33,1
86,11,1
82,32,1
75,89,0
2,23,1
8,32,1
70,11,1
25,0,1
71,78,0
79,73,0
94,86,0
74,22,1
38,38,1
79,63,0
35,33,1
30,9,1
85,10,1
33,25,1
8,23,1
13,20,1
25,27,1
57,77,0
63,63,0
57,24,1
87,70,0
86,39,1
57,78,0
57,83,0
29,4,1
37,25,1
67,74,0
49,48,1
63,75,0
61,72,0
71,51,1
45,22,1
59,67,1
97,20,1
67,70,0
57,34,1
89,41,1
51,11,1
17,29,1
73,67,0
49,82,0
57,41,1
66,60,0
56,24,1
79,76,0
15,9,1
97,79,0
87,23,1
66,73,0
63,80,0
83,41,1
83,71,0
81,84,0
43,37,1
67,75,0
35,29,1
79,83,0
88,81,0
64,44,1
67,32,1
83,25,1
81,80,0
65,82,0
96,73,0
71,30,1
70,60,0
77,70,0
74,29,1
9,16,1
79,70,0
57,25,1
21,25,1
68,78,0
28,26,1
44,30,1
72,28,1
59,75,0
38,77,0
31,21,1
87,46,1
39,36,1
76,24,1
77,85,0
45,68,0
37,9,1
84,77,0
62,18,1
77,66,0
77,19,1
46,7,1
64,49,1
74,74,0
68,29,1
66,27,1
59,19,1
73,80,0
38,29,1
11,10,1
62,72,0
38,45,1
26,14,1
87,78,0
33,27,1
17,6,1
43,36,1
30,33,1
83,70,0
39,24,1
29,29,1
71,71,0
95,35,1
37,21,1
11,33,1
47,17,1
46,49,1
71,74,0
71,72,0
49,33,1
74,66,0
14,13,1
82,35,1
76,30,1
0,7,1
95,71,0
91,74,0
37,40,1
96,76,0
98,43,1
30,17,1
97,72,0
67,30,1
64,65,0
64,80,0
36,39,1
11,13,1
57,19,1
27,15,1
47,47,1
50,8,1
88,75,0
57,13,1
27,31,1
31,26,1
31,29,1
49,61,0
16,1,1
99,32,1
18,20,1
79,75,0
51,29,1
39,35,1
70,26,1
97,25,1
5,23,1
86,11,1
79,38,1
95,93,0
62,73,0
88,26,1
52,61,0
81,71,0
22,24,1
62,15,1
36,23,1
7,24,1
60,79,0
62,70,0
42,29,1
47,82,0
21,29,1
78,85,0
71,47,1
55,23,1
44,42,1
78,41,1
5,10,1
47,20,1
61,64,0
85,69,0
71,76,0
40,8,1
54,44,1
50,77,0
25,11,1
43,14,1
82,79,0
33,9,1
74,83,0
69,86,0
62,68,0
73,79,0
57,80,0
85,79,0
95,80,0
85,32,1
89,84,0
68,23,1
49,47,1
19,41,1
56,35,1
64,74,0
10,22,1
72,67,0
50,21,1
49,35,1
81,75,0
31,26,1
60,22,1
57,77,0
85,27,1
12,29,1
84,13,1
73,81,0
36,29,1
74,43,1
64,69,0
91,34,1
54,25,1
25,42,1
85,77,0
53,71,0
63,35,1
76,32,1
10,29,1
57,72,0
79,91,0
90,77,0
71,71,0
71,60,0
11,25,1
42,73,0
58,81,0
93,82,0
97,43,1
37,32,1
88,64,0
37,16,1
75,33,1
30,17,1
80,75,0
34,83,0
59,42,1
88,83,0
85,72,0
26,29,1
91,28,1
80,32,1
35,64,0
15,33,1
73,27,1
80,76,0
55,85,0
76,24,1
79,67,0
91,75,0
53,11,1
43,26,1
35,39,1
52,65,0
73,81,0
88,75,0
79,74,0
55,70,0
80,90,0
48,18,1
33,29,1
45,25,1
96,70,0
57,3,1
81,95,0
89,26,1
15,27,1
21,16,1
80,30,1
99,82,0
78,36,1
83,75,0
95,83,0
93,79,0
62,24,1
96,70,0
77,11,1
78,74,0
24,29,1
83,77,0
30,40,1
30,12,1
66,50,1
51,15,1
31,30,1
72,40,1
69,81,0
52,74,0
87,74,0
26,33,1
87,78,0
49,71,0
63,41,1
28,18,1
45,33,1
33,17,1
35,36,1
40,76,0
86,83,0
64,39,1
91,32,1
94,79,0
94,81,0
31,23,1
0,1,1
84,58,0
40,48,1
49,69,0
11,30,1
70,24,1
12,40,1
54,66,0
47,76,0
24,3,1
69,81,0
30,17,1
65,38,1
49,47,1
64,15,1
74,75,0
53,23,1
89,81,0
40,39,1
64,73,0
82,12,1
84,75,0
82,77,0
0,22,1
65,42,1
20,22,1
39,18,1
50,28,1
95,84,0
57,67,0
84,75,0
59,7,1
41,27,1
76,49,1
79,69,0
25,9,1
61,78,0
80,75,0
96,27,1
96,27,1
75,74,0
94,78,0
59,60,0
69,37,1
48,56,1
26,29,1
96,76,0
70,79,0
89,32,1
95,72,0
70,76,0
88,77,0
84,46,1
29,28,1
86,41,1
48,80,0
86,79,0
68,79,0
94,73,0
37,6,1
97,45,1
72,77,0
94,76,0
49,18,1
18,8,1
87,78,0
91,90,0
52,22,1
16,33,1
44,41,1
90,82,0
77,38,1
91,73,0
71,80,0
92,72,0
70,16,1
70,76,0
44,74,0
81,19,1
45,22,1
70,75,0
88,70,0
80,37,1
69,71,0
78,77,0
58,11,1
69,30,1
85,73,0
90,69,0
2,16,1
46,20,1
80,85,0
91,18,1
74,30,1
97,74,0
22,19,1
46,30,1
52,69,0
96,26,1
79,71,0
13,26,1
21,24,1
23,11,1
76,19,1
83,77,0
72,81,0
50,76,0
4,23,1
46,88,0
73,74,0
43,34,1
81,45,1
96,65,0
54,78,0
52,65,0
75,74,0
44,15,1
66,78,0
92,65,0
70,13,1
80,38,1
89,82,0
77,78,0
76,52,0
85,82,0
25,15,1
69,65,0
61,84,0
91,55,1
77,78,0
61,31,1
17,18,1
41,14,1
81,66,0
60,85,0
59,77,0
92,89,0
36,41,1
47,19,1
70,19,1
67,75,0
40,37,1
87,74,0
90,18,1
45,3,1
75,47,1
75,90,0
66,82,0
16,11,1
26,22,1
12,19,1
72,80,0
12,26,1
58,32,1
17,12,1
28,17,1
79,36,1
33,16,1
72,27,1
68,24,1
70,82,0
31,23,1
26,18,1
30,57,0
85,38,1
64,11,1
23,22,1
10,14,1
95,70,0
7,19,1
87,41,1
1,22,1
91,79,0
42,6,1
88,74,0
16,7,1
75,89,0
35,18,1
85,76,0
32,27,1
16,19,1
73,79,0
51,27,1
61,79,0
43,11,1
55,24,1
79,84,0
74,50,1
54,4,1
35,31,1
88,77,0
11,27,1
76,66,0
86,70,0
95,66,0
70,28,1
68,19,1
44,32,1
72,64,0
93,77,0
38,25,1
97,79,0
70,82,0
67,64,0
34,17,1
70,9,1
89,78,0
70,37,1
77,15,1
6,3,1
79,23,1
96,83,0
92,91,0
48,25,1
65,82,0
76,18,1
97,14,1
46,21,1
15,19,1
54,14,1
82,74,0
57,57,0
14,32,1
74,59,0
39,26,1
39,21,1
34,14,1
53,27,1
37,34,1
55,26,1
67,15,1
33,14,1
88,73,0
70,75,0
51,43,1
80,82,0
34,40,1
66,79,0
84,24,1
63,91,0
69,77,0
87,31,1
58,10,1
48,32,1
66,36,1
90,84,0
93,73,0
26,19,1
31,31,1
87,85,0
78,28,1
27,26,1
80,24,1
62,74,0
93,32,1
19,25,1
66,15,1
75,74,0
93,62,0
90,81,0
78,77,0
48,80,0
51,2,1
62,4,1
40,25,1
94,24,1
27,27,1
32,21,1
74,41,1
80,25,1
30,25,1
84,81,0
45,9,1
70,33,1
91,80,0
5,17,1
57,75,0
52,28,1
81,78,0
85,64,0
73,75,0
82,65,0
61,69,0
53,85,0
79,90,0
80,72,0
57,77,0
81,72,0
49,38,1
64,34,1
94,78,0
73,70,0
38,6,1
67,75,0
7,10,1
85,78,0
5,23,1
82,68,0
33,16,1
14,9,1
66,78,0
68,67,0
16,12,1
87,75,0
94,84,0
69,84,0
62,30,1
87,20,1
80,71,0
82,91,0
55,38,1
55,26,1
36,14,1
69,77,0
13,20,1
50,21,1
49,26,1
60,73,0
78,44,1
75,81,0
34,26,1
33,17,1
45,16,1
15,12,1
74,72,0
63,65,0
26,23,1
86,84,0
86,36,1
70,26,1
76,70,0
42,30,1
30,28,1
85,20,1
97,5,1
3,4,1
84,73,0
81,75,0
60,22,1
51,16,1
69,82,0
14,24,1
25,24,1
73,76,0
85,23,1
6,27,1
85,66,0
61,74,0
79,25,1
86,86,0
81,77,0
88,81,0
22,21,1
78,80,0
51,17,1
20,19,1
92,21,1
89,67,0
48,9,1
69,76,0
72,65,0
30,5,1
69,44,1
88,30,1
68,41,1
91,80,0
73,79,0
87,70,0
42,29,1
90,31,1
47,30,1
34,18,1
87,68,0
57,77,0
54,27,1
34,25,1
98,59,0
73,26,1
94,72,0
32,40,1
11,14,1
64,49,1
33,19,1
76,38,1
91,60,0
79,71,0
76,37,1
79,74,0
57,33,1
20,18,1
60,37,1
54,20,1
64,87,0
12,16,1
77,83,0
77,85,0
91,72,0
81,19,1
69,36,1
68,21,1
76,36,1
92,83,0
73,84,0
69,51,1
94,80,0
85,37,1
87,79,0
48,29,1
62,37,1
19,7,1
67,39,1
11,14,1
92,77,0
48,46,1
69,20,1
93,67,0
93,72,0
70,28,1
69,77,0
66,41,1
74,73,0
77,81,0
35,15,1
40,20,1
36,14,1
34,19,1
48,36,1
21,33,1
73,84,0
42,31,1
71,40,1
30,28,1
21,4,1
85,54,1
79,84,0
46,22,1
37,26,1
63,70,0
91,30,1
69,75,0
88,35,1
67,11,1
42,22,1
63,21,1
58,72,0
61,10,1
68,81,0
73,75,0
52,66,0
37,21,1
92,86,0
68,77,0
44,41,1
60,65,0
4,16,1
27,24,1
19,2,1
90,84,0
84,32,1
62,34,1
8,17,1
46,10,1
82,38,1
98,85,0
82,75,0
2,20,1
10,13,1
92,83,0
42,18,1
67,87,0
79,50,1
32,14,1
31,15,1
30,35,1
43,28,1
89,83,0
72,46,1
98,81,0
22,25,1
71,39,1
98,39,1
60,92,0
90,38,1
65,70,0
9,19,1
83,71,0
96,88,0
77,35,1
65,75,0
98,83,0
80,59,0
29,16,1
70,76,0
61,37,1
81,36,1
25,14,1
68,78,0
76,78,0
57,33,1
81,27,1
29,53,1
3,30,1
95,24,1
42,11,1
46,14,1
96,83,0
64,27,1
77,31,1
42,24,1
57,78,0
37,36,1
58,79,0
38,24,1
83,70,0
34,4,1
6,14,1
59,23,1
94,37,1
12,24,1
88,29,1
44,70,0
56,64,0
61,36,1
53,46,1
81,82,0
70,5,1
92,68,0
57,43,1
34,6,1
80,12,1
77,23,1
25,17,1
36,33,1
59,32,1
27,4,1
13,24,1
84,91,0
71,79,0
62,74,0
38,18,1
12,16,1
59,45,1
97,83,0
91,7,1
39,35,1
69,83,0
67,33,1
41,25,1
99,75,0
44,24,1
79,30,1
77,5,1
67,29,1
26,21,1
72,68,0
82,71,0
46,19,1
87,87,0
59,67,0
83,51,1
99,68,0
64,68,0
38,24,1
44,10,1
12,5,1
71,38,1
86,81,0
95,30,1
95,26,1
77,84,0
30,28,1
82,35,1
53,71,0
3,20,1
35,29,1
27,28,1
85,75,0
79,71,0
83,76,0
62,44,1
27,46,1
24,42,1
80,37,1
97,82,0
89,71,0
76,31,1
94,84,0
76,33,1
19,32,1
11,7,1
46,13,1
40,18,1
40,69,0
63,36,1
29,7,1
76,45,1
69,31,1
51,31,1
16,12,1
93,86,0
87,72,0
79,70,0
83,78,0
96,67,0
86,83,0
7,11,1
68,39,1
11,35,1
80,79,0
51,79,0
77,89,0
16,14,1
23,20,1
93,34,1
59,21,1
1,9,1
51,24,1
67,76,0
52,32,1
79,23,1
29,17,1
12,15,1
66,19,1
46,16,1
59,70,0
69,74,0
5,17,1
86,17,1
70,72,0
65,76,0
80,30,1
68,16,1
62,92,0
57,81,0
74,87,0
95,33,1
82,26,1
1,32,1
60,81,0
39,26,1
71,19,1
56,23,1
90,33,1
92,79,0
59,14,1
91,75,0
95,90,0
74,28,1
73,72,0
54,71,0
93,78,0
30,57,0
91,78,0
70,37,1
72,76,0
52,52,1
47,18,1
55,92,0
95,77,0
57,71,0
49,60,0
98,87,0
84,72,0
29,39,1
97,72,0
71,85,0
91,69,0
81,88,0
94,32,1
59,25,1
80,74,0
29,3,1
71,71,0
10,9,1
89,66,0
93,85,0
59,31,1
98,65,0
76,70,0
59,78,0
86,61,0
62,16,1
77,45,1
7,9,1
10,15,1
69,77,0
43,24,1
52,67,0
11,22,1
45,31,1
73,76,0
90,79,0
7,23,1
39,40,1
58,15,1
32,24,1
86,21,1
44,77,0
39,27,1
71,88,0
41,27,1
47,83,0
70,93,0
74,25,1
90,68,0
29,19,1
67,45,1
86,40,1
76,21,1
12,20,1
42,32,1
57,26,1
88,19,1
10,24,1
16,23,1
13,14,1
98,77,0
74,21,1
49,25,1
46,24,1
12,21,1
84,84,0
43,21,1
86,41,1
9,32,1
96,67,0
69,21,1
63,81,0
21,19,1
70,37,1
98,78,0
35,6,1
71,21,1
57,70,0
46,34,1
70,45,1
48,33,1
9,28,1
68,26,1
82,76,0
92,79,0
19,30,1
47,28,1
59,76,0
62,14,1
72,71,0
60,55,0
64,41,1
64,83,0
10,13,1
76,70,0
65,72,0
69,28,1
20,17,1
6,25,1
40,27,1
81,20,1
69,75,0
74,31,1
93,34,1
5,26,1
15,23,1
59,41,1
49,17,1
66,20,1
82,94,0
21,19,1
58,82,0
58,50,1
58,29,1
55,67,0
25,22,1
61,74,0
34,15,1
1,14,1
11,29,1
55,13,1
97,8,1
76,21,1
94,77,0
63,40,1
72,19,1
74,64,0
77,3,1
28,24,1
50,24,1
79,81,0
69,85,0
57,32,1
95,68,0
13,23,1
70,50,1
85,67,0
66,43,1
17,17,1
91,79,0
38,25,1
43,23,1
63,29,1
92,81,0
80,41,1
9,21,1
74,82,0
73,36,1
19,19,1
69,28,1
54,19,1
77,79,0
16,19,1
1,13,1
22,14,1
26,18,1
48,67,0
28,31,1
81,82,0
79,76,0
41,32,1
55,54,1
72,73,0
49,52,1
85,33,1
3,9,1
69,27,1
63,72,0
87,54,0
74,36,1
49,32,1
87,78,0
25,24,1
82,78,0
54,87,0
85,28,1
83,31,1
31,20,1
50,3,1
46,27,1
25,1,1
69,82,0
78,74,0
55,79,0
97,83,0
1,23,1
64,80,0
2,20,1
62,37,1
34,23,1
87,73,0
29,22,1
70,80,0
5,28,1
85,31,1
75,85,0
90,73,0
67,22,1
72,84,0
94,0,1
84,78,0
78,73,0
51,33,1
21,27,1
81,77,0
86,2,1
35,28,1
86,84,0
56,77,0
9,26,1
62,72,0
58,55,1
0,30,1
6,16,1
64,68,0
35,31,1
54,75,0
65,27,1
47,21,1
19,12,1
10,36,1
94,22,1
87,67,0
74,44,1
72,67,0
64,36,1
77,10,1
51,20,1
40,22,1
57,32,1
42,22,1
55,27,1
86,73,0
81,63,0
79,84,0
73,72,0
74,75,0
84,39,1
74,49,1
87,65,0
84,32,1
3,29,1
59,63,1
72,76,0
86,39,1
38,30,1
98,29,1
62,70,0
67,33,1
77,42,1
51,70,0
53,33,1
76,66,0
87,80,0
84,66,0
75,67,0
71,45,1
83,9,1
75,75,0
52,29,1
75,80,0
85,72,0
83,84,0
85,20,1
71,68,0
98,89,0
76,95,0
64,37,1
88,6,1
56,29,1
80,83,0
70,13,1
33,33,1
85,86,0
60,0,1
1,3,1
68,29,1
88,75,0
80,78,0
53,75,0
21,7,1
89,78,0
96,80,0
21,14,1
51,66,0
49,74,0
67,23,1
81,71,0
33,16,1
83,76,0
48,28,1
12,19,1
21,41,1
68,27,1
45,29,1
30,17,1
52,38,1
73,84,0
41,11,1
63,31,1
32,32,1
61,67,0
66,63,0
64,38,1
95,78,0
92,28,1
40,16,1
75,74,0
43,28,1
11,19,1
0,25,1
48,17,1
56,44,1
25,23,1
14,15,1
15,37,1
56,25,1
94,75,0
79,74,0
88,76,0
59,79,0
75,69,0
90,31,1
22,30,1
57,26,1
25,29,1
47,80,0
86,29,1
65,73,0
53,61,0
27,19,1
97,61,0
90,82,0
15,3,1
88,36,1
89,92,0
9,13,1
24,9,1
30,25,1
75,72,0
41,48,1
68,72,0
79,71,0
54,67,0
95,74,0
53,24,1
83,28,1
48,77,0
39,28,1
71,87,0
56,17,1
91,20,1
65,1,1
56,17,1
55,34,1
55,25,1
56,38,1
91,69,0
64,70,0
60,67,0
25,12,1
66,75,0
48,22,1
17,13,1
61,29,1
46,26,1
22,15,1
29,29,1
20,36,1
26,32,1
23,22,1
69,68,0
58,69,0
95,82,0
79,88,0
48,19,1
73,16,1
71,44,1
64,80,0
76,2,1
64,81,0
37,19,1
39,19,1
88,77,0
56,62,0
63,67,0
14,11,1
86,65,0
66,13,1
36,27,1
64,43,1
32,31,1
14,10,1
88,77,0
18,19,1
98,80,0
23,30,1
89,77,0
79,41,1
73,86,0
46,35,1
87,30,1
95,75,0
37,13,1
43,43,1
38,36,1
26,20,1
76,82,0
15,14,1
5,12,1
95,64,0
30,14,1
84,91,0
87,37,1
71,51,1
65,38,1
51,35,1
79,86,0
7,11,1
65,30,1
96,23,1
38,29,1
99,85,0
72,73,0
40,42,1
16,26,1
68,27,1
78,69,0
80,72,0
58,35,1
44,35,1
45,23,1
74,75,0
83,80,0
70,35,1
91,83,0
65,26,1
79,28,1
3,15,1
83,15,1
75,68,0
97,66,0
77,28,1
86,77,0
74,16,1
12,16,1
78,70,0
26,27,1
67,23,1
65,81,0
82,79,0
93,87,0
97,77,0
11,32,1
84,24,1
58,38,1
7,25,1
1,13,1
64,20,1
94,30,1
47,10,1
83,86,0
60,68,0
93,89,0
87,76,0
87,25,1
83,29,1
56,19,1
75,64,0
33,29,1
20,14,1
43,25,1
8,17,1
3,14,1
65,66,0
91,14,1
93,75,0
92,73,0
22,27,1
31,27,1
28,34,1
74,25,1
16,10,1
84,78,0
71,76,0
64,76,0
78,33,1
71,85,0
28,38,1
86,77,0
41,8,1
85,66,0
83,83,0
88,17,1
25,34,1
91,84,0
3,11,1
49,45,1
11,16,1
47,23,1
63,27,1
62,60,0
65,66,0
83,74,0
60,70,0
80,86,0
55,34,1
98,19,1
71,10,1
99,85,0
90,90,0
75,80,0
74,36,1
64,71,0
85,86,0
92,73,0
15,15,1
74,66,0
68,75,0
80,79,0
74,69,0
90,25,1
72,39,1
25,34,1
84,62,0
40,29,1
67,79,0
51,32,1
27,19,1
35,12,1
82,18,1
51,29,1
92,68,0
68,8,1
39,39,1
49,32,1
74,80,0
45,28,1
53,77,0
58,60,0
10,32,1
92,77,0
76,63,0
2,22,1
26,22,1
59,10,1
67,20,1
83,68,0
4,18,1
21,18,1
79,25,1
71,27,1
69,76,0
91,71,0
65,67,0
41,41,1
42,38,1
63,43,1
49,14,1
11,21,1
92,88,0
62,35,1
58,19,1
74,61,0
91,34,1
77,64,0
85,70,0
91,79,0
31,20,1
97,88,0
87,72,0
91,67,0
87,79,0
52,83,0
36,28,1
45,29,1
52,81,0
31,30,1
60,26,1
92,80,0
60,68,0
34,31,1
82,32,1
70,17,1
56,18,1
40,12,1
90,75,0
93,28,1
67,73,0
73,66,0
46,48,1
14,10,1
65,14,1
86,77,0
91,19,1
4,22,1
73,32,1
59,68,0
45,35,1
58,82,0
92,84,0
52,73,0
69,85,0
84,42,1
0,7,1
78,13,1
61,81,0
4,10,1
14,25,1
85,25,1
59,90,0
64,40,1
15,20,1
64,77,0
26,25,1
83,73,0
71,72,0
19,26,1
65,71,0
66,69,0
73,72,0
49,24,1
22,48,1
65,71,0
81,24,1
46,65,0
74,84,0
41,14,1
59,23,1
70,75,0
57,34,1
29,10,1
9,17,1
75,98,0
54,39,1
43,44,1
0,2,1
44,28,1
86,78,0
28,13,1
38,12,1
0,1,1
61,67,0
88,73,0
81,83,0
88,72,0
7,22,1
59,87,0
82,79,0
73,79,0
46,34,1
36,31,1
76,32,1
5,19,1
6,22,1
90,36,1
52,83,0
12,21,1
49,15,1
39,8,1
22,20,1
68,76,0
71,41,1
39,16,1
28,62,0
57,87,0
77,79,0
78,81,0
69,22,1
60,27,1
32,15,1
13,3,1
55,47,1
93,23,1
33,40,1
54,31,1
47,61,0
83,86,0
96,87,0
81,79,0
92,42,1
18,19,1
72,34,1
85,71,0
84,24,1
2,18,1
39,40,1
35,16,1
78,87,0
13,13,1
11,15,1
66,69,0
61,69,0
38,28,1
5,13,1
64,7,1
20,19,1
11,7,1
29,32,1
98,33,1
90,78,0
70,85,0
69,78,0
95,81,0
39,32,1
87,90,0
60,64,0
97,80,0
91,76,0
66,84,0
44,79,0
60,75,0
70,34,1
81,38,1
78,37,1
33,29,1
69,78,0
64,68,0
27,29,1
49,22,1
49,14,1
55,10,1
81,74,0
55,3,1
52,70,0
39,31,1
62,77,0
27,11,1
61,15,1
26,29,1
74,24,1
60,27,1
42,47,0
16,6,1
49,23,1
65,96,0
94,31,1
95,82,0
46,76,0
74,73,0
63,78,0
88,14,1
79,65,0
80,16,1
69,12,1
67,39,1
68,75,0
40,38,1
76,81,0
19,32,1
98,75,0
13,25,1
65,17,1
86,83,0
86,34,1
11,19,1
62,24,1
49,19,1
59,45,1
98,72,0
71,71,0
78,65,0
76,31,1
72,39,1
63,23,1
62,76,0
19,12,1
98,79,0
87,92,0
61,64,0
86,72,0
42,34,1
57,23,1
74,30,1
56,73,0
58,22,1
5,21,1
86,74,0
60,77,0
70,5,1
65,80,0
95,36,1
75,82,0
81,56,0
98,86,0
58,29,1
60,8,1
48,34,1
73,36,1
29,20,1
90,82,0
62,72,0
56,83,0
91,87,0
55,32,1
41,44,1
89,19,1
41,31,1
87,69,0
73,79,0
64,78,0
76,85,0
43,30,1
3,11,1
7,8,1
23,24,1
92,5,1
76,27,1
44,13,1
74,79,0
28,29,1
82,87,0
52,26,1
59,73,0
74,73,0
52,26,1
66,45,1
54,69,0
36,27,1
48,23,1
95,83,0
96,71,0
81,65,0
56,59,1
96,72,0
95,15,1
79,78,0
66,68,0
58,5,1
94,87,0
69,66,0
60,72,0
8,14,1
87,23,1
89,82,0
89,84,0
74,69,0
43,7,1
48,31,1
81,70,0
48,79,0
94,77,0
62,37,1
90,70,0
98,26,1
82,41,1
72,83,0
93,54,1
73,76,0
11,35,1
69,18,1
74,80,0
37,8,1
24,22,1
8,13,1
77,35,1
91,78,0
93,60,0
73,6,1
79,82,0
67,39,1
35,31,1
74,77,0
41,37,1
44,26,1
38,29,1
95,79,0
63,80,0
59,48,1
60,67,0
61,21,1
78,81,0
50,31,1
99,83,0
1,12,1
94,26,1
32,11,1
56,80,0
4,7,1
11,1,1
89,85,0
56,4,1
65,41,1
67,5,1
10,16,1
93,81,0
55,32,1
88,74,0
45,29,1
67,77,0
48,18,1
60,30,1
61,76,0
12,35,1
24,20,1
85,96,0
6,15,1
43,16,1
74,72,0
91,73,0
33,19,1
8,8,1
59,30,1
5,7,1
21,65,0
90,83,0
60,67,0
81,83,0
69,73,0
88,77,0
22,22,1
97,84,0
35,12,1
75,77,0
86,64,0
71,39,1
67,17,1
96,77,0
34,30,1
19,32,1
94,85,0
15,10,1
0,19,1
59,33,1
75,23,1
72,67,0
44,51,1
65,82,0
75,85,0
60,14,1
99,47,1
60,58,0
15,6,1
99,88,0
71,65,0
15,21,1
88,40,1
52,4,1
14,18,1
81,31,1
77,31,1
75,87,0
96,71,0
85,67,0
76,91,0
64,63,0
93,74,0
65,35,1
45,15,1
69,79,0
17,14,1
77,45,1
60,21,1
72,37,1
98,75,0
40,19,1
33,32,1
67,66,0
95,47,1
77,7,1
25,12,1
37,29,1
86,27,1
63,30,1
71,35,1
95,40,1
19,36,1
75,77,0
59,80,0
40,19,1
60,36,1
92,42,1
72,77,0
61,78,0
55,68,0
81,6,1
54,73,0
73,27,1
61,35,1
71,75,0
35,69,0
66,67,0
76,70,0
41,11,1
59,88,0
44,25,1
8,17,1
66,50,1
25,29,1
71,87,0
61,13,1
31,40,1
68,81,0
13,20,1
67,83,0
64,74,0
37,3,1
92,89,0
94,19,1
61,29,1
81,77,0
64,28,1
72,85,0
41,69,0
98,76,0
27,10,1
94,30,1
39,75,0
49,35,1
94,24,1
67,11,1
34,78,0
81,70,0
70,69,0
41,67,0
89,29,1
13,21,1
69,80,0
72,55,1
6,11,1
62,36,1
20,16,1
51,33,1
88,73,0
82,27,1
56,66,0
1,13,1
89,37,1
4,22,1
60,11,1
96,88,0
48,24,1
74,37,1
76,71,0
76,9,1
89,71,0
58,87,0
50,24,1
86,74,0
84,75,0
47,19,1
93,80,0
55,61,0
32,29,1
47,42,1
59,74,0
82,83,0
31,16,1
56,28,1
29,39,1
41,23,1
84,91,0
41,24,1
91,83,0
69,68,0
80,80,0
88,72,0
97,69,0
56,42,1
68,78,0
61,12,1
71,88,0
91,73,0
93,74,0
79,29,1
68,30,1
44,37,1
31,24,1
52,81,0
87,68,0
40,31,1
85,66,0
5,9,1
37,16,1
17,31,1
42,8,1
91,88,0
36,39,1
98,90,0
1,24,1
45,21,1
75,75,0
31,24,1
71,28,1
71,92,0
49,72,0
48,68,0
65,66,0
50,34,1
95,82,0
42,16,1
94,68,0
74,73,0
50,33,1
69,77,0
38,7,1
51,31,1
10,3,1
21,20,1
89,57,1
17,32,1
46,37,1
87,71,0
42,10,1
41,8,1
85,65,0
76,80,0
56,46,1
59,16,1
66,67,0
81,89,0
30,10,1
47,12,1
77,75,0
65,65,0
43,9,1
68,83,0
45,35,1
57,45,1
57,27,1
50,12,1
38,11,1
86,82,0
36,11,1
56,74,0
71,84,0
65,93,0
15,9,1
57,27,1
74,22,1
81,37,1
25,31,1
62,33,1
34,20,1
68,62,0
34,18,1
93,80,0
82,70,0
66,22,1
82,80,0
69,75,0
10,20,1
63,8,1
57,29,1
47,34,1
39,20,1
58,34,1
29,25,1
75,68,0
14,6,1
35,27,1
75,84,0
88,49,1
89,82,0
60,67,0
81,61,0
82,80,0
66,64,0
39,23,1
60,32,1
54,43,1
73,10,1
93,34,1
91,37,1
30,15,1
76,24,1
55,95,0
78,73,0
88,73,0
32,27,1
20,22,1
61,17,1
57,22,1
79,33,1
24,32,1
62,40,1
69,32,1
54,63,0
83,82,0
46,9,1
84,90,0
71,78,0
33,15,1
22,21,1
40,6,1
39,31,1
61,88,0
76,72,0
85,71,0
46,74,0
70,56,1
92,60,0
74,36,1
97,25,1
50,34,1
74,75,0
47,42,1
34,26,1
95,73,0
83,79,0
62,81,0
67,73,0
14,11,1
59,17,1
31,33,1
85,68,0
49,69,0
71,31,1
53,23,1
71,24,1
31,15,1
79,29,1
43,73,0
23,22,1
61,72,0
59,77,0
91,48,1
73,26,1
42,24,1
70,22,1
82,75,0
87,71,0
60,68,0
38,21,1
86,82,0
39,7,1
45,24,1
48,24,1
52,28,1
79,15,1
70,15,1
24,35,1
19,30,1
45,27,1
57,72,0
54,51,1
82,67,0
84,25,1
72,17,1
14,10,1
66,29,1
45,80,0
96,82,0
54,24,1
70,13,1
64,90,0
59,53,1
18,30,1
95,89,0
77,16,1
54,74,0
88,83,0
84,76,0
64,25,1
68,74,0
93,75,0
40,28,1
92,69,0
18,31,1
63,76,0
77,71,0
66,71,0
84,82,0
72,89,0
62,42,1
95,11,1
52,76,0
51,39,1
99,67,0
63,74,0
52,27,1
95,70,0
66,67,0
81,40,1
73,77,0
37,21,1
62,65,0
78,20,1
38,2,1
70,72,0
27,13,1
82,31,1
37,30,1
2,24,1
95,72,0
2,9,1
68,68,0
77,73,0
62,27,1
99,69,0
26,20,1
99,77,0
3,21,1
49,17,1
54,39,1
72,80,0
98,33,1
88,72,0
77,25,1
33,17,1
22,17,1
68,75,0
67,25,1
67,73,0
5,3,1
66,29,1
42,29,1
80,81,0
24,19,1
71,84,0
8,15,1
58,62,0
91,82,0
28,30,1
46,30,1
62,76,0
58,73,0
83,73,0
90,79,0
70,63,0
32,21,1
33,22,1
86,34,1
86,86,0
19,17,1
91,46,1
67,38,1
35,27,1
83,86,0
14,30,1
4,17,1
91,76,0
90,69,0
52,33,1
5,20,1
51,34,1
86,34,1
94,87,0
2,1,1
89,76,0
53,32,1
32,76,0
52,35,1
66,32,1
17,7,1
85,82,0
2,13,1
72,42,1
84,73,0
56,24,1
42,26,1
59,40,1
74,92,0
59,59,0
63,36,1
63,33,1
64,41,1
27,26,1
74,96,0
18,19,1
53,32,1
71,12,1
91,74,0
25,23,1
94,67,0
99,31,1
29,21,1
90,17,1
52,66,0
48,21,1
36,14,1
48,24,1
68,74,0
67,78,0
63,22,1
17,13,1
42,29,1
84,41,1
75,27,1
45,30,1
44,25,1
41,33,1
87,38,1
82,40,1
3,13,1
62,70,0
62,78,0
64,68,0
38,34,1
60,30,1
17,9,1
48,33,1
95,81,0
81,83,0
61,60,0
76,79,0
66,24,1
56,77,0
36,15,1
80,42,1
98,25,1
68,15,1
50,26,1
55,73,0
71,79,0
99,83,0
81,27,1
72,30,1
81,21,1
16,23,1
62,64,0
38,19,1
11,21,1
51,27,1
53,19,1
98,83,0
2,25,1
84,77,0
54,42,1
69,38,1
57,17,1
50,70,0
83,78,0
69,32,1
69,14,1
68,19,1
45,17,1
96,31,1
62,21,1
90,77,0
15,31,1
69,79,0
52,31,1
41,33,1
64,79,0
54,71,0
39,35,1
24,29,1
52,37,1
57,8,1
71,78,0
83,21,1
10,8,1
82,79,0
80,73,0
63,71,0
79,76,0
91,64,0
87,70,0
75,49,1
71,81,0
20,24,1
27,30,1
2,12,1
35,29,1
66,68,0
54,77,0
45,67,0
54,24,1
44,25,1
24,28,1
51,35,1
38,18,1
47,36,1
87,38,1
68,32,1
30,12,1
27,34,1
50,78,0
25,18,1
94,27,1
75,12,1
93,76,0
90,72,0
86,67,0
25,31,1
95,80,0
39,26,1
59,70,0
7,17,1
96,24,1
98,84,0
23,25,1
74,81,0
68,31,1
91,38,1
96,33,1
56,21,1
16,36,1
55,80,0
80,60,1
96,72,0
83,83,0
35,41,1
81,88,0
34,23,1
53,68,0
74,70,0
46,75,0
23,13,1
22,14,1
33,6,1
29,22,1
94,78,0
92,37,1
76,73,0
63,18,1
77,23,1
71,67,0
86,33,1
75,76,0
48,20,1
68,75,0
53,70,0
84,74,0
31,29,1
55,59,0
54,58,0
28,32,1
40,21,1
60,27,1
49,29,1
93,78,0
54,26,1
33,14,1
31,35,1
22,5,1
91,77,0
95,36,1
89,76,0
59,28,1
69,76,0
66,80,0
31,22,1
76,79,0
75,83,0
83,69,0
52,22,1
73,66,0
97,6,1
79,88,0
83,73,0
83,75,0
23,28,1
38,20,1
88,75,0
59,83,0
85,82,0
53,20,1
49,14,1
95,34,1
34,59,0
78,75,0
81,62,0
75,83,0
60,40,1
50,37,1
39,26,1
55,70,0
6,12,1
90,71,0
96,83,0
46,43,1
86,73,0
33,31,1
46,3,1
76,41,1
84,31,1
14,13,1
75,68,0
61,89,0
95,41,1
24,39,1
31,17,1
59,89,0
17,12,1
47,38,1
89,71,0
73,86,0
72,21,1
45,21,1
86,30,1
4,9,1
21,22,1
71,73,0
95,59,0
87,80,0
58,33,1
46,32,1
63,75,0
25,31,1
71,46,1
78,15,1
52,41,1
80,73,0
86,69,0
71,39,1
75,66,0
72,31,1
96,82,0
66,2,1
31,23,1
13,15,1
4,20,1
67,60,0
79,31,1
60,21,1
65,36,1
45,21,1
59,11,1
92,72,0
21,53,1
59,76,0
2,22,1
75,85,0
51,22,1
62,39,1
90,21,1
44,20,1
52,26,1
36,20,1
87,81,0
17,26,1
69,16,1
48,78,0
17,3,1
31,26,1
78,30,1
80,73,0
29,19,1
40,22,1
59,89,0
45,36,1
0,26,1
98,75,0
12,22,1
40,40,1
87,78,0
46,28,1
96,81,0
65,60,0
45,43,1
71,77,0
82,75,0
64,29,1
65,60,0
7,20,1
65,45,1
12,24,1
67,83,0
98,89,0
59,20,1
33,34,1
16,0,1
46,37,1
99,37,1
51,78,0
79,20,1
89,73,0
67,64,0
64,41,1
56,28,1
54,84,0
82,33,1
69,45,1
76,72,0
96,65,0
62,33,1
36,40,1
70,71,0
45,27,1
51,74,0
57,26,1
63,23,1
71,27,1
41,41,1
52,52,1
11,17,1
86,82,0
66,73,0
69,4,1
72,86,0
25,36,1
81,82,0
69,79,0
67,22,1
80,72,0
84,66,0
63,73,0
46,21,1
88,71,0
26,23,1
97,82,0
64,50,1
45,3,1
37,19,1
23,10,1
26,27,1
59,35,1
40,50,1
62,38,1
44,33,1
68,77,0
67,39,1
69,82,0
25,32,1
95,34,1
44,16,1
96,75,0
92,79,0
90,73,0
54,71,0
82,78,0
14,29,1
79,17,1
24,21,1
9,14,1
54,69,0
77,69,0
29,25,1
93,35,1
70,79,0
47,30,1
28,21,1
26,25,1
69,81,0
71,66,0
71,83,0
66,81,0
21,3,1
79,79,0
51,42,1
57,78,0
29,5,1
63,33,1
99,64,0
84,66,0
20,24,1
60,35,1
69,29,1
85,72,0
79,29,1
84,85,0
47,30,1
49,28,1
68,25,1
80,80,0
71,86,0
93,76,0
51,19,1
80,36,1
74,85,0
64,73,0
59,24,1
29,9,1
86,44,1
94,39,1
45,70,0
61,5,1
36,23,1
72,68,0
51,39,1
64,39,1
40,14,1
90,70,0
39,28,1
61,20,1
66,77,0
80,30,1
81,25,1
31,24,1
66,47,1
34,48,1
43,34,1
61,37,1
19,27,1
54,29,1
1,16,1
14,27,1
71,76,0
43,29,1
18,19,1
59,10,1
73,32,1
55,23,1
56,40,1
50,39,1
61,1,1
48,84,0
71,64,0
70,68,0
2,15,1
62,79,0
77,21,1
63,74,0
55,15,1
47,33,1
73,62,0
91,84,0
50,8,1
74,74,0
80,44,1
65,10,1
50,82,0
4,17,1
72,72,0
51,79,0
85,67,0
67,4,1
3,14,1
75,70,0
44,28,1
46,37,1
33,33,1
98,68,0
92,79,0
54,2,1
96,78,0
97,85,0
93,80,0
8,14,1
43,9,1
84,68,0
15,18,1
93,35,1
32,30,1
82,74,0
42,89,0
76,81,0
70,81,0
14,13,1
73,51,1
76,98,0
80,64,0
72,8,1
67,71,0
72,18,1
83,13,1
37,34,1
16,26,1
8,6,1
22,21,1
1,18,1
21,14,1
8,3,1
82,74,0
18,21,1
37,42,1
18,36,1
95,13,1
96,79,0
70,76,0
45,18,1
7,1,1
38,21,1
75,81,0
74,16,1
77,81,0
87,71,0
44,8,1
19,8,1
90,78,0
12,30,1
82,26,1
41,79,0
80,72,0
64,35,1
62,53,1
80,31,1
96,32,1
97,64,0
62,13,1
63,81,0
99,17,1
54,49,1
42,5,1
80,82,0
32,21,1
39,42,1
61,37,1
81,9,1
34,28,1
62,87,0
87,42,1
63,16,1
47,19,1
69,89,0
6,5,1
39,8,1
73,37,1
59,78,0
40,18,1
98,84,0
48,36,1
11,13,1
94,79,0
42,24,1
71,22,1
99,79,0
84,75,0
68,20,1
75,30,1
94,45,1
96,22,1
84,25,1
98,55,1
68,69,0
72,69,0
99,72,0
59,50,1
99,13,1
57,75,0
93,79,0
69,80,0
95,77,0
0,17,1
57,29,1
82,79,0
61,39,1
57,78,0
12,25,1
86,36,1
38,10,1
27,11,1
39,18,1
4,4,1
94,73,0
19,10,1
85,25,1
0,21,1
66,24,1
14,26,1
80,82,0
71,78,0
82,35,1
75,48,1
5,16,1
49,17,1
23,13,1
31,26,1
44,34,1
86,39,1
95,72,0
19,8,1
32,23,1
40,29,1
95,78,0
51,18,1
90,70,0
13,26,1
73,41,1
93,74,0
75,25,1
19,20,1
49,49,1
61,10,1
88,44,1
1,10,1
30,16,1
85,76,0
61,62,1
77,81,0
84,79,0
98,17,1
70,75,0
48,85,0
77,24,1
67,76,0
86,13,1
29,28,1
63,18,1
58,20,1
31,3,1
50,19,1
72,36,1
77,87,0
79,14,1
37,14,1
79,52,1
8,24,1
60,51,1
53,78,0
92,75,0
88,76,0
40,30,1
3,16,1
95,78,0
72,30,1
89,65,0
82,76,0
57,70,0
80,68,0
76,82,0
50,41,1
56,81,0
52,50,1
72,33,1
90,11,1
13,4,1
79,70,0
93,83,0
95,36,1
79,79,0
62,84,0
41,18,1
60,71,0
62,32,1
89,71,0
26,24,1
97,70,0
76,21,1
7,18,1
80,17,1
52,76,0
15,10,1
77,86,0
1,16,1
50,25,1
73,78,0
80,68,0
50,64,0
23,15,1
36,23,1
65,78,0
67,11,1
91,23,1
37,20,1
56,74,0
7,2,1
36,23,1
23,10,1
89,19,1
33,24,1
71,82,0
80,27,1
30,18,1
88,79,0
16,28,1
87,44,1
71,18,1
86,66,0
2,7,1
87,70,0
80,65,0
43,76,0
8,21,1
25,12,1
98,28,1
74,87,0
77,94,0
88,72,0
52,29,1
18,26,1
89,77,0
53,34,1
42,26,1
59,41,1
13,15,1
14,25,1
92,78,0
21,48,1
56,35,1
34,20,1
1,14,1
80,73,0
49,75,0
69,75,0
58,14,1
23,36,1
49,18,1
77,20,1
63,70,0
26,21,1
99,71,0
70,16,1
2,8,1
57,35,1
0,16,1
99,73,0
25,12,1
92,83,0
76,87,0
91,69,0
34,36,1
63,25,1
89,72,0
81,46,1
50,22,1
77,33,1
73,87,0
51,40,1
33,33,1
20,14,1
72,78,0
40,73,0
58,32,1
90,73,0
38,70,0
74,28,1
45,34,1
72,85,0
23,18,1
53,9,1
62,28,1
38,36,1
87,82,0
8,34,1
11,25,1
41,20,1
64,39,1
15,30,1
71,77,0
19,8,1
4,11,1
76,73,0
93,21,1
5,10,1
35,24,1
58,93,0
73,18,1
93,82,0
82,79,0
5,2,1
77,79,0
74,69,0
3,24,1
83,86,0
89,7,1
85,46,1
75,76,0
67,31,1
49,32,1
77,77,0
16,28,1
11,23,1
63,79,0
81,30,1
70,77,0
12,17,1
91,76,0
81,28,1
65,28,1
64,19,1
91,77,0
46,92,0
20,29,1
45,25,1
80,21,1
5,27,1
75,12,1
92,93,0
39,16,1
25,12,1
56,74,0
86,61,0
79,69,0
72,65,0
89,75,0
48,12,1
35,26,1
77,69,0
56,21,1
70,75,0
78,40,1
79,64,0
92,77,0
73,52,1
71,74,0
70,86,0
94,44,1
96,79,0
37,17,1
54,28,1
76,28,1
79,77,0
45,0,1
12,16,1
81,37,1
53,32,1
39,49,1
74,76,0
72,81,0
4,18,1
7,35,1
25,3,1
45,68,0
79,85,0
77,28,1
74,82,0
31,9,1
66,49,1
98,20,1
62,43,1
66,78,0
72,85,0
51,27,1
97,67,0
93,32,1
23,22,1
45,21,1
31,26,1
0,5,1
11,11,1
39,80,0
61,31,1
58,20,1
84,73,0
56,81,0
83,84,0
79,76,0
9,13,1
60,8,1
80,13,1
86,77,0
40,37,1
45,46,1
71,41,1
67,38,1
75,73,0
75,86,0
14,13,1
90,26,1
37,14,1
33,38,1
60,80,0
31,36,1
88,30,1
53,77,0
29,17,1
1,16,1
14,13,1
52,30,1
40,23,1
96,28,1
53,40,1
45,16,1
5,5,1
77,42,1
94,35,1
3,23,1
75,77,0
72,58,0
86,70,0
60,83,0
81,35,1
97,82,0
69,89,0
20,3,1
90,75,0
88,41,1
66,80,0
55,83,0
88,51,1
25,9,1
24,14,1
72,41,1
10,18,1
77,68,0
75,73,0
48,30,1
60,23,1
11,22,1
50,33,1
26,20,1
62,74,0
21,23,1
64,70,0
44,36,1
73,86,0
70,81,0
83,79,0
86,74,0
41,13,1
39,15,1
7,34,1
62,52,1
22,28,1
69,67,0
72,92,0
53,30,1
79,35,1
99,82,0
26,15,1
90,91,0
88,93,0
75,26,1
64,23,1
98,79,0
21,18,1
35,18,1
62,18,1
45,7,1
68,41,1
52,29,1
99,79,0
60,89,0
23,30,1
48,39,1
88,71,0
52,35,1
96,79,0
79,82,0
50,76,0
42,57,0
79,72,0
86,39,1
26,31,1
14,13,1
30,44,1
83,20,1
17,17,1
49,11,1
57,21,1
21,22,1
78,24,1
90,94,0
55,14,1
34,41,1
52,71,0
0,19,1
73,77,0
83,46,1
73,21,1
52,20,1
38,65,0
68,40,1
35,38,1
6,22,1
95,83,0
45,22,1
14,22,1
24,30,1
62,77,0
90,67,0
87,84,0
54,34,1
95,26,1
2,21,1
83,74,0
37,39,1
85,72,0
56,79,0
68,80,0
38,19,1
85,78,0
54,78,0
93,66,0
92,72,0
97,75,0
39,70,0
58,72,0
64,26,1
68,79,0
88,67,0
25,28,1
52,7,1
77,68,0
2,17,1
73,26,1
56,81,0
74,9,1
47,25,1
32,28,1
81,39,1
56,73,0
50,87,0
58,70,0
43,20,1
34,24,1
79,83,0
65,12,1
72,29,1
50,78,0
92,15,1
60,21,1
2,8,1
85,83,0
84,35,1
65,31,1
73,75,0
59,30,1
71,79,0
34,24,1
82,60,0
96,73,0
50,84,0
81,68,0
72,73,0
79,74,0
77,10,1
67,70,0
88,88,0
51,24,1
63,77,0
61,79,0
36,22,1
60,33,1
69,76,0
61,3,1
46,37,1
46,35,1
82,78,0
40,47,1
16,13,1
72,77,0
89,79,0
34,39,1
45,11,1
35,24,1
42,24,1
81,16,1
87,30,1
64,27,1
79,63,0
67,31,1
98,78,0
54,43,1
7,36,1
66,83,0
62,73,0
13,37,1
94,26,1
74,13,1
42,20,1
74,79,0
94,44,1
58,50,1
39,3,1
59,28,1
62,29,1
92,71,0
47,62,0
12,2,1
90,26,1
84,77,0
72,70,0
38,30,1
50,53,1
14,5,1
96,91,0
62,82,0
61,2,1
98,23,1
98,17,1
2,18,1
63,53,1
96,91,0
67,76,0
73,81,0
68,41,1
47,79,0
34,14,1
47,32,1
5,20,1
61,45,1
66,74,0
78,23,1
91,72,0
34,32,1
79,71,0
86,77,0
47,19,1
88,84,0
65,29,1
85,27,1
86,68,0
96,74,0
91,84,0
90,21,1
61,17,1
83,78,0
34,23,1
59,70,0
73,20,1
15,20,1
3,3,1
51,17,1
46,25,1
34,62,0
9,11,1
65,84,0
89,24,1
89,77,0
27,29,1
94,77,0
90,61,0
72,66,1
60,39,1
65,26,1
82,73,0
56,61,0
82,24,1
88,17,1
75,13,1
92,37,1
22,19,1
9,2,1
15,10,1
87,37,1
56,26,1
1,9,1
76,74,0
76,87,0
89,68,0
80,77,0
91,34,1
23,23,1
78,42,1
16,32,1
48,35,1
95,83,0
73,32,1
52,18,1
93,74,0
79,72,0
6,17,1
48,87,0
85,78,0
63,79,0
54,29,1
24,21,1
70,33,1
86,11,1
86,80,0
24,27,1
83,60,0
35,27,1
56,88,0
87,71,0
61,66,0
66,67,0
62,82,0
90,21,1
98,84,0
84,68,0
76,44,1
66,68,0
86,70,0
3,9,1
84,60,0
51,44,1
21,18,1
97,65,0
94,90,0
99,80,0
67,80,0
94,75,0
25,11,1
76,43,1
21,3,1
83,74,0
57,84,0
31,14,1
63,43,1
81,12,1
71,72,0
72,76,0
38,13,1
85,74,0
76,78,0
80,80,0
97,79,0
42,15,1
66,95,0
55,10,1
9,15,1
95,72,0
0,21,1
58,31,1
87,54,1
50,68,0
43,28,1
1,10,1
87,69,0
68,83,0
50,59,0
64,79,0
66,23,1
73,60,1
50,70,0
90,74,0
13,34,1
97,20,1
36,23,1
50,21,1
0,27,1
61,19,1
85,90,0
89,35,1
65,77,0
70,79,0
30,8,1
67,42,1
35,9,1
65,71,0
31,32,1
81,36,1
11,29,1
46,29,1
31,15,1
26,27,1
42,34,1
79,67,0
99,82,0
68,63,0
62,20,1
40,32,1
39,40,1
3,12,1
98,75,0
86,73,0
55,74,0
91,82,0
66,27,1
97,36,1
81,83,0
44,28,1
19,20,1
63,81,0
27,30,1
63,76,0
80,68,0
48,79,0
29,20,1
66,22,1
15,12,1
69,40,1
92,77,0
69,4,1
78,21,1
59,75,0
54,31,1
95,81,0
68,45,1
14,11,1
93,66,0
88,81,0
0,24,1
95,82,0
88,52,1
44,36,1
6,12,1
68,32,1
71,72,0
99,59,0
35,24,1
99,36,1
83,24,1
83,80,0
60,27,1
66,71,0
78,73,0
71,41,1
82,80,0
18,33,1
28,8,1
18,28,1
55,70,0
18,17,1
6,20,1
91,69,0
55,71,0
74,87,0
37,31,1
83,78,0
71,22,1
40,42,1
35,11,1
97,84,0
86,77,0
73,79,0
38,22,1
61,23,1
79,18,1
66,74,0
90,64,0
21,20,1
79,16,1
65,2,1
83,21,1
82,83,0
78,6,1
86,66,0
37,10,1
71,85,0
34,22,1
32,20,1
86,84,0
90,93,0
74,4,1
16,29,1
77,65,0
60,76,0
77,76,0
85,63,0
94,79,0
60,22,1
33,21,1
76,40,1
90,25,1
88,72,0
17,21,1
39,45,1
76,67,0
30,1,1
75,82,0
64,19,1
87,30,1
62,75,0
55,23,1
44,24,1
11,22,1
47,28,1
54,78,0
24,7,1
77,21,1
97,28,1
8,22,1
31,28,1
94,65,0
64,31,1
83,92,0
95,85,0
44,39,1
99,84,0
34,26,1
62,23,1
92,75,0
86,21,1
68,35,1
91,53,1
72,31,1
60,22,1
78,22,1
87,79,0
88,31,1
75,45,1
55,16,1
93,55,1
54,30,1
48,17,1
75,80,0
93,81,0
77,67,0
68,11,1
65,24,1
40,29,1
60,21,1
81,82,0
61,77,0
39,32,1
71,78,0
32,14,1
56,36,1
92,69,0
77,35,1
59,70,0
50,60,0
73,27,1
17,26,1
86,68,0
63,72,0
85,20,1
57,28,1
95,82,0
1,28,1
35,17,1
44,6,1
74,66,0
92,87,0
45,11,1
50,38,1
61,65,0
98,81,0
77,32,1
94,21,1
99,5,1
80,62,0
50,41,1
49,39,1
29,15,1
14,26,1
84,82,0
95,91,0
79,78,0
70,45,1
30,22,1
37,38,1
82,68,0
30,25,1
72,77,0
72,72,0
72,74,0
75,78,0
9,13,1
82,79,0
67,68,0
91,72,0
69,80,0
59,35,1
96,90,0
36,21,1
56,39,1
88,70,0
49,36,1
51,77,0
60,80,0
30,31,1
67,76,0
42,38,1
86,83,0
67,83,0
94,85,0
71,12,1
69,8,1
62,38,1
98,23,1
79,89,0
38,32,1
85,86,0
58,25,1
68,11,1
81,80,0
90,84,0
62,83,0
44,53,1
71,23,1
87,8,1
93,78,0
73,84,0
85,30,1
45,17,1
52,74,0
93,80,0
52,7,1
25,67,0
80,79,0
65,77,0
71,31,1
54,29,1
51,75,0
81,90,0
68,35,1
45,10,1
61,75,0
46,15,1
11,12,1
77,79,0
69,38,1
68,31,1
96,92,0
49,10,1
95,67,0
31,24,1
90,67,0
78,73,0
80,94,0
58,31,1
63,25,1
12,22,1
63,76,0
53,25,1
10,17,1
75,80,0
50,29,1
63,21,1
8,14,1
30,22,1
64,38,1
91,71,0
88,31,1
15,40,1
23,23,1
97,76,0
78,66,0
78,32,1
73,36,1
91,27,1
3,4,1
82,71,0
95,75,0
50,11,1
90,84,0
80,79,0
38,7,1
90,85,0
63,80,0
51,75,0
80,77,0
48,29,1
92,34,1
15,16,1
65,81,0
33,40,1
81,75,0
57,79,0
67,63,0
81,47,1
85,88,0
56,21,1
46,6,1
91,85,0
91,62,0
84,69,0
81,37,1
95,68,0
22,16,1
46,39,1
47,35,1
79,79,0
78,81,0
63,54,0
36,31,1
72,29,1
63,81,0
53,41,1
71,89,0
94,41,1
94,43,1
35,28,1
22,44,1
16,13,1
20,22,1
49,67,1
69,35,1
44,13,1
59,70,0
76,84,0
50,40,1
64,70,0
52,30,1
16,10,1
87,93,0
76,70,0
76,76,0
62,27,1
67,83,0
28,42,1
42,41,1
58,26,1
63,41,1
68,35,1
48,82,0
93,37,1
82,30,1
58,64,0
70,4,1
55,86,0
78,71,0
94,82,0
57,29,1
68,27,1
86,34,1
44,17,1
82,42,1
92,8,1
52,39,1
82,79,0
78,78,0
56,66,0
76,43,1
67,75,0
75,78,0
73,29,1
72,81,0
87,64,0
53,38,1
88,28,1
78,15,1
97,35,1
56,71,0
64,41,1
2,7,1
56,22,1
93,73,0
59,64,0
65,84,0
17,7,1
70,83,0
14,10,1
72,68,0
76,90,0
75,28,1
11,9,1
79,76,0
82,84,0
99,26,1
25,54,1
95,86,0
93,28,1
86,13,1
85,72,0
18,32,1
70,34,1
47,22,1
65,79,0
57,27,1
93,63,0
42,30,1
77,80,0
82,73,0
45,20,1
7,2,1
40,44,1
65,71,0
82,75,0
23,20,1
66,47,1
75,34,1
57,68,0
79,75,0
82,52,1
30,19,1
63,78,0
48,53,1
15,18,1
88,82,0
21,8,1
73,22,1
48,63,0
93,79,0
36,37,1
50,61,0
93,73,0
62,19,1
64,27,1
20,27,1
59,33,1
84,30,1
48,46,1
46,36,1
85,53,1
44,35,1
63,53,1
54,20,1
12,11,1
44,33,1
59,24,1
61,18,1
47,26,1
81,79,0
3,28,1
20,11,1
80,72,0
96,87,0
43,40,1
83,58,1
85,89,0
58,28,1
72,61,0
56,5,1
81,76,0
92,75,0
29,26,1
61,44,1
33,18,1
40,20,1
84,79,0
53,21,1
68,74,0
77,81,0
83,81,0
49,30,1
33,19,1
90,78,0
88,40,1
23,15,1
78,80,0
86,21,1
65,80,0
79,71,0
41,23,1
83,62,0
53,20,1
61,37,1
59,33,1
83,30,1
39,16,1
14,19,1
35,72,0
81,74,0
34,12,1
67,77,0
95,28,1
85,25,1
55,68,0
94,66,0
67,45,1
52,88,0
64,34,1
74,74,0
60,75,0
71,63,0
96,74,0
75,70,0
61,9,1
90,69,0
93,68,0
55,41,1
43,31,1
31,26,1
58,20,1
70,76,0
74,70,0
86,82,0
44,27,1
21,22,1
62,80,0
65,44,1
53,28,1
7,22,1
80,71,0
57,31,1
52,31,1
46,77,0
81,87,0
67,33,1
75,26,1
90,16,1
86,84,0
94,69,0
75,78,0
67,81,0
94,51,1
82,74,0
39,20,1
88,77,0
52,35,1
9,4,1
65,40,1
89,92,0
62,69,0
49,81,0
61,54,1
71,70,0
66,58,0
73,81,0
25,0,1
82,31,1
79,85,0
83,38,1
51,22,1
10,11,1
32,19,1
97,65,0
11,13,1
82,89,0
31,29,1
98,76,0
60,75,0
82,26,1
86,76,0
32,28,1
96,73,0
94,89,0
78,79,0
82,40,1
39,80,0
35,34,1
80,42,1
86,10,1
60,84,0
46,40,1
31,22,1
99,77,0
79,84,0
84,68,0
79,50,1
81,34,1
52,26,1
75,43,1
60,20,1
50,16,1
67,62,0
89,72,0
36,21,1
58,83,0
18,18,1
58,37,1
58,40,1
79,67,0
65,82,0
77,25,1
52,75,0
73,34,1
98,71,0
71,27,1
34,22,1
72,76,0
46,22,1
7,13,1
53,49,1
46,20,1
68,25,1
23,21,1
94,54,1
86,79,0
5,1,1
53,36,1
27,19,1
40,23,1
98,50,1
71,86,0
70,30,1
26,27,1
86,24,1
53,76,0
30,26,1
28,25,1
67,30,1
85,37,1
96,79,0
46,18,1
86,85,0
75,40,1
40,30,1
78,67,0
99,34,1
51,35,1
72,46,1
91,25,1
23,25,1
73,16,1
62,64,0
92,82,0
56,73,0
79,46,1
2,30,1
52,34,1
14,15,1
49,39,1
66,32,1
82,79,0
63,2,1
5,21,1
94,72,0
34,28,1
88,47,1
90,45,1
75,83,0
71,12,1
72,88,0
80,74,0
89,47,1
76,86,0
78,28,1
79,72,0
60,40,1
99,67,0
59,96,0
80,67,0
82,48,1
77,40,1
37,26,1
71,89,0
56,42,1
59,33,1
96,3,1
55,29,1
5,15,1
74,81,0
78,25,1
26,33,1
64,30,1
0,14,1
8,19,1
13,17,1
31,40,1
21,14,1
79,60,0
14,11,1
25,24,1
21,9,1
91,73,0
76,2,1
67,72,0
95,73,0
92,83,0
19,19,1
87,80,0
84,72,0
11,34,1
51,74,0
77,12,1
87,83,0
27,11,1
82,76,0
63,41,1
53,16,1
55,81,0
78,72,0
83,23,1
63,84,0
34,12,1
70,37,1
83,76,0
47,36,1
71,72,0
87,75,0
96,9,1
87,77,0
67,91,0
68,75,0
84,77,0
10,2,1
42,70,0
82,83,0
34,17,1
29,26,1
96,74,0
74,76,0
86,43,1
81,77,0
67,19,1
88,52,1
93,67,0
92,72,0
86,86,0
86,77,0
79,13,1
5,18,1
91,63,0
65,92,0
75,33,1
54,68,0
78,77,0
12,11,1
76,49,1
78,91,0
53,49,1
30,19,1
6,23,1
49,13,1
33,23,1
43,37,1
2,19,1
4,12,1
49,35,1
70,80,0
91,76,0
60,49,1
64,19,1
61,17,1
79,73,0
28,25,1
98,75,0
88,74,0
70,81,0
10,13,1
76,82,0
64,32,1
61,77,0
77,84,0
81,27,1
95,19,1
86,76,0
69,36,1
71,41,1
73,39,1
91,9,1
62,51,1
39,74,0
17,19,1
87,86,0
93,80,0
53,49,1
24,11,1
62,62,0
42,17,1
24,18,1
62,37,1
38,40,1
37,16,1
71,29,1
81,82,0
86,21,1
14,15,1
87,85,0
78,68,0
76,67,0
78,69,0
68,34,1
31,30,1
31,38,1
72,29,1
28,33,1
80,66,0
88,40,1
88,77,0
63,71,0
42,39,1
75,72,0
38,28,1
65,77,0
13,3,1
46,88,0
98,82,0
66,77,0
39,64,0
58,86,0
37,14,1
24,15,1
26,30,1
36,22,1
79,86,0
56,20,1
78,79,0
28,18,1
84,74,0
98,80,0
86,88,0
99,82,0
83,26,1
37,30,1
69,68,0
92,76,0
68,84,0
93,66,0
65,52,0
36,30,1
59,44,1
87,96,0
16,19,1
37,38,1
57,13,1
85,82,0
37,30,1
73,72,0
45,89,0
52,32,1
80,63,0
10,26,1
84,65,0
93,78,0
28,26,1
54,82,0
46,33,1
81,77,0
66,79,0
97,41,1
54,56,1
71,30,1
65,75,0
47,51,1
8,13,1
77,83,0
46,46,1
79,61,0
62,40,1
97,71,0
52,5,1
76,69,0
41,34,1
33,74,0
51,90,0
71,82,0
74,21,1
97,79,0
79,66,0
30,19,1
16,23,1
36,26,1
55,75,0
79,76,0
52,21,1
17,27,1
71,76,0
48,23,1
34,41,1
23,17,1
67,65,0
61,28,1
0,16,1
61,64,0
66,26,1
88,31,1
39,69,0
71,34,1
76,60,0
60,77,0
6,13,1
78,82,0
36,20,1
46,24,1
9,36,1
22,19,1
42,40,1
87,76,0
89,68,0
60,82,0
29,2,1
88,4,1
70,64,0
83,64,0
52,57,0
49,33,1
69,63,0
15,11,1
47,19,1
13,24,1
85,38,1
82,78,0
77,72,0
33,28,1
61,73,0
5,13,1
64,89,0
43,30,1
20,14,1
66,18,1
94,37,1
59,46,1
66,21,1
89,81,0
18,17,1
43,20,1
84,77,0
48,39,1
80,72,0
89,73,0
17,44,1
35,72,0
90,74,0
70,76,0
59,32,1
86,66,0
43,20,1
64,79,0
74,86,0
49,31,1
40,26,1
64,17,1
89,86,0
69,59,0
78,74,0
82,22,1
55,23,1
73,77,0
66,76,0
92,82,0
44,68,0
19,21,1
94,70,0
43,29,1
99,64,0
69,93,0
86,43,1
98,72,0
60,75,0
76,32,1
13,2,1
97,60,0
67,37,1
71,73,0
89,71,0
88,73,0
49,14,1
57,75,0
79,74,0
80,43,1
88,87,0
71,78,0
85,77,0
77,19,1
76,74,0
86,36,1
42,75,0
85,81,0
71,80,0
66,8,1
4,27,1
56,58,0
18,18,1
69,41,1
48,24,1
21,28,1
69,71,0
72,67,0
62,14,1
73,21,1
57,28,1
52,13,1
49,79,0
79,71,0
70,83,0
58,82,0
19,18,1
25,22,1
96,78,0
84,75,0
45,33,1
52,27,1
86,40,1
58,25,1
95,87,0
26,14,1
64,71,0
51,21,1
0,14,1
47,79,0
69,40,1
86,68,0
45,32,1
90,69,0
55,86,0
39,32,1
85,79,0
36,30,1
29,2,1
40,74,0
94,81,0
52,63,0
85,72,0
71,79,0
36,14,1
24,73,0
39,20,1
18,12,1
56,74,0
77,63,0
27,13,1
57,81,0
70,28,1
5,4,1
84,72,0
62,27,1
32,12,1
22,25,1
65,77,0
78,27,1
52,84,0
3,30,1
50,15,1
78,68,0
10,10,1
67,9,1
71,91,0
78,77,0
53,39,1
70,78,0
96,79,0
96,73,0
87,77,0
47,24,1
70,39,1
98,28,1
96,46,1
49,29,1
91,87,0
73,72,0
16,20,1
80,81,0
2,8,1
41,74,0
67,73,0
96,63,0
70,84,0
39,26,1
39,14,1
48,70,0
46,75,0
58,9,1
80,62,0
56,75,0
68,79,0
7,7,1
51,49,1
81,27,1
73,70,0
64,41,1
72,26,1
70,78,0
87,78,0
14,20,1
24,23,1
58,79,0
89,22,1
79,77,0
24,15,1
15,15,1
35,24,1
50,21,1
10,5,1
85,68,0
65,75,0
55,31,1
85,24,1
54,67,0
90,26,1
55,25,1
29,9,1
71,73,0
89,20,1
74,65,0
60,42,1
52,28,1
77,69,0
50,22,1
86,76,0
47,34,1
81,35,1
99,71,0
75,83,0
37,11,1
66,78,0
93,75,0
78,80,0
84,22,1
66,6,1
33,26,1
87,80,0
40,32,1
81,28,1
80,68,0
48,81,0
52,36,1
25,19,1
56,61,0
6,21,1
72,38,1
60,18,1
47,50,1
44,43,1
49,25,1
78,35,1
67,78,0
13,19,1
97,75,0
74,77,0
26,25,1
41,20,1
13,22,1
83,28,1
60,83,0
58,70,0
86,27,1
65,90,0
52,63,0
94,75,0
28,19,1
62,29,1
76,32,1
46,73,0
94,42,1
14,12,1
71,72,0
66,75,0
54,64,0
55,18,1
95,3,1
44,1,1
23,18,1
6,25,1
80,80,0
92,78,0
9,12,1
33,30,1
79,35,1
92,55,1
79,80,0
22,8,1
73,71,0
66,73,0
30,26,1
83,72,0
94,74,0
61,59,0
71,70,0
87,74,0
77,10,1
66,37,1
45,27,1
18,11,1
87,75,0
55,18,1
19,16,1
21,23,1
48,45,1
99,77,0
88,75,0
55,64,0
63,47,1
85,25,1
26,16,1
48,23,1
44,21,1
57,86,0
95,25,1
30,23,1
66,34,1
61,86,0
11,38,1
48,66,0
60,24,1
20,13,1
72,81,0
67,15,1
76,69,0
93,38,1
86,74,0
57,78,0
85,20,1
69,35,1
29,7,1
94,73,0
91,83,0
99,66,0
65,78,0
76,83,0
56,22,1
68,31,1
66,67,0
80,86,0
64,74,0
80,27,1
60,24,1
77,71,0
83,82,0
60,74,0
59,17,1
75,84,0
50,32,1
44,81,0
75,37,1
42,29,1
67,49,1
40,25,1
73,85,0
48,30,1
21,15,1
94,81,0
92,91,0
54,76,0
95,71,0
93,19,1
52,68,0
76,81,0
90,89,0
62,20,1
66,85,0
39,29,1
54,77,0
57,19,1
49,16,1
46,30,1
95,70,0
36,47,1
68,30,1
35,31,1
62,85,0
31,5,1
61,67,0
78,76,0
26,30,1
97,66,0
12,34,1
55,31,1
33,25,1
32,23,1
84,86,0
54,20,1
87,60,1
12,11,1
35,36,1
70,83,0
32,24,1
24,5,1
75,20,1
73,13,1
71,69,0
25,21,1
99,35,1
63,20,1
82,83,0
9,25,1
84,45,1
89,92,0
92,86,0
82,81,0
72,85,0
91,80,0
77,81,0
69,14,1
83,77,0
60,23,1
91,30,1
69,77,0
74,26,1
81,82,0
96,85,0
16,19,1
46,15,1
17,19,1
64,34,1
52,30,1
77,28,1
81,77,0
56,43,1
58,24,1
29,16,1
68,31,1
45,70,0
87,73,0
77,78,0
44,22,1
23,16,1
49,76,0
62,73,0
78,81,0
38,29,1
59,39,1
78,79,0
80,68,0
34,14,1
7,12,1
70,69,0
68,54,1
80,83,0
85,83,0
93,70,0
68,81,0
76,79,0
15,7,1
59,63,0
84,74,0
71,41,1
2,14,1
23,16,1
65,28,1
70,25,1
57,79,0
54,5,1
78,31,1
27,20,1
34,31,1
65,45,1
60,75,0
95,25,1
61,15,1
54,15,1
24,29,1
80,83,0
28,20,1
45,23,1
84,78,0
78,78,0
8,26,1
11,18,1
48,29,1
31,18,1
14,23,1
26,26,1
94,70,0
70,87,0
78,69,0
74,21,1
56,38,1
44,26,1
93,86,0
57,33,1
67,79,0
69,82,0
43,73,0
9,8,1
11,20,1
72,74,0
59,70,0
2,5,1
56,18,1
23,5,1
82,80,0
81,26,1
33,34,1
59,14,1
45,44,1
47,19,1
62,25,1
67,84,0
28,9,1
56,82,0
59,11,1
99,76,0
66,26,1
70,27,1
65,77,0
19,26,1
48,40,1
82,27,1
69,66,0
19,8,1
35,9,1
74,75,0
87,87,0
35,85,0
89,67,0
84,83,0
58,78,0
24,26,1
97,11,1
79,38,1
53,24,1
52,25,1
78,42,1
97,83,0
30,34,1
24,29,1
68,38,1
85,41,1
45,7,1
95,18,1
70,41,1
98,41,1
21,30,1
75,68,0
62,76,0
78,79,0
54,12,1
57,11,1
66,25,1
57,79,0
44,23,1
91,74,0
24,25,1
50,37,1
62,30,1
3,10,1
72,21,1
36,23,1
78,76,0
43,21,1
78,36,1
71,82,0
49,13,1
41,21,1
50,75,0
26,16,1
4,11,1
11,28,1
54,20,1
76,69,0
86,80,0
67,84,0
25,34,1
51,33,1
89,77,0
82,90,0
40,23,1
77,71,0
76,21,1
86,70,0
89,71,0
38,28,1
65,79,0
81,89,0
87,79,0
60,70,0
94,75,0
55,75,0
6,15,1
72,21,1
97,84,0
83,74,0
96,85,0
80,38,1
93,48,1
36,19,1
78,67,0
72,75,0
5,15,1
1,12,1
78,37,1
92,79,0
30,24,1
87,33,1
75,73,0
80,80,0
45,25,1
87,31,1
70,0,1
47,22,1
81,62,0
23,14,1
67,75,0
45,25,1
96,75,0
76,77,0
24,15,1
5,27,1
46,25,1
91,83,0
68,76,0
49,48,1
77,69,0
57,70,0
46,46,1
83,48,1
62,35,1
48,41,1
61,75,0
55,44,1
91,18,1
92,87,0
71,77,0
88,1,1
68,29,1
27,6,1
79,91,0
55,15,1
71,63,0
92,88,0
6,22,1
73,85,0
74,33,1
71,83,0
74,38,1
74,73,0
51,14,1
92,66,0
11,15,1
99,76,0
39,9,1
12,8,1
61,39,1
66,65,0
21,25,1
35,23,1
48,39,1
26,32,1
48,69,0
69,79,0
78,70,0
87,29,1
78,73,0
75,79,0
41,73,0
37,17,1
38,27,1
81,74,0
99,85,0
0,4,1
26,44,1
71,77,0
50,23,1
73,79,0
52,10,1
61,47,1
56,88,0
91,85,0
65,74,0
89,83,0
64,15,1
68,21,1
81,26,1
32,41,1
84,81,0
55,83,0
93,75,0
62,88,0
44,22,1
61,4,1
3,14,1
92,22,1
79,77,0
79,15,1
52,29,1
41,71,0
27,56,0
88,70,0
61,80,0
0,14,1
67,54,0
78,72,0
59,30,1
14,1,1
55,19,1
74,73,0
84,71,0
58,73,0
66,56,1
88,76,0
15,22,1
60,61,1
39,61,0
72,19,1
74,36,1
81,89,0
73,85,0
64,81,0
26,18,1
67,66,0
53,46,1
42,12,1
99,77,0
58,77,0
34,23,1
5,15,1
55,77,0
83,86,0
53,83,0
30,20,1
82,69,0
99,42,1
35,23,1
93,18,1
52,24,1
90,90,0
54,66,0
63,26,1
57,86,0
58,24,1
44,80,0
74,73,0
32,14,1
91,74,0
73,77,0
72,21,1
8,17,1
41,17,1
86,81,0
77,80,0
83,81,0
78,26,1
64,65,0
50,16,1
50,28,1
64,85,0
12,22,1
90,79,0
96,88,0
18,20,1
83,69,0
80,93,0
89,88,0
46,64,0
56,7,1
67,39,1
97,42,1
76,82,0
5,4,1
69,36,1
72,43,1
0,15,1
60,18,1
28,20,1
61,80,0
92,84,0
94,67,0
88,43,1
79,33,1
88,57,0
13,28,1
0,17,1
46,18,1
54,48,1
14,18,1
4,20,1
83,36,1
80,69,0
64,75,0
73,78,0
79,69,0
23,20,1
46,43,1
82,40,1
76,35,1
32,12,1
63,92,0
66,36,1
40,74,0
67,26,1
52,44,1
36,23,1
97,33,1
60,68,0
20,22,1
96,84,0
19,28,1
11,18,1
80,83,0
76,75,0
91,76,0
20,35,1
35,14,1
72,79,0
44,33,1
71,17,1
56,30,1
72,73,0
61,87,0
63,39,1
68,81,0
54,76,0
33,37,1
70,82,0
75,77,0
69,45,1
94,69,0
82,38,1
84,80,0
3,20,1
70,70,0
15,10,1
91,19,1
55,85,0
89,70,0
82,72,0
74,87,0
37,79,0
48,15,1
4,30,1
40,24,1
7,20,1
35,17,1
64,8,1
10,17,1
78,25,1
54,28,1
88,75,0
54,71,0
89,78,0
43,19,1
19,24,1
73,69,0
81,18,1
88,80,0
82,80,0
54,71,0
33,11,1
88,89,0
93,93,0
78,69,0
46,16,1
70,20,1
42,79,0
3,16,1
90,81,0
53,10,1
65,89,0
41,71,0
39,28,1
11,16,1
97,4,1
85,19,1
21,34,1
17,13,1
48,30,1
80,73,0
24,11,1
70,35,1
25,20,1
79,38,1
67,77,0
42,12,1
42,14,1
17,15,1
54,34,1
18,27,1
64,26,1
86,35,1
8,14,1
79,68,0
66,8,1
5,24,1
55,13,1
38,38,1
86,28,1
95,77,0
61,28,1
36,32,1
66,73,0
60,22,1
82,34,1
47,43,1
27,18,1
60,69,0
78,41,1
64,73,0
37,15,1
10,8,1
23,13,1
81,38,1
81,79,0
92,69,0
95,81,0
63,16,1
48,34,1
61,28,1
81,75,0
2,24,1
79,17,1
45,39,1
55,23,1
18,17,1
65,32,1
88,64,0
20,15,1
52,43,1
22,13,1
74,67,0
59,64,0
81,89,0
55,82,0
64,85,0
57,27,1
68,10,1
29,5,1
23,8,1
1,13,1
62,87,0
57,15,1
67,24,1
50,66,0
86,41,1
76,76,0
82,80,0
64,36,1
36,13,1
18,26,1
83,5,1
84,82,0
63,78,0
60,67,0
96,86,0
34,39,1
82,71,0
88,80,0
26,43,1
98,75,0
15,31,1
45,29,1
85,79,0
71,83,0
64,22,1
52,64,0
87,61,0
7,21,1
66,32,1
88,86,0
55,9,1
84,77,0
75,82,0
69,78,0
57,70,0
97,80,0
14,37,1
0,4,1
77,81,0
69,16,1
97,32,1
10,5,1
49,74,0
41,36,1
79,52,1
6,17,1
49,71,0
31,17,1
60,35,1
8,18,1
9,13,1
58,31,1
69,67,0
77,81,0
65,42,1
56,92,0
82,46,1
54,33,1
45,27,1
6,24,1
85,72,0
89,44,1
73,70,0
76,22,1
69,85,0
51,26,1
23,27,1
74,75,0
35,46,1
69,84,0
53,28,1
57,68,0
64,6,1
84,40,1
74,73,0
65,42,1
68,71,0
73,26,1
41,30,1
54,19,1
58,77,0
73,89,0
87,79,0
36,24,1
97,81,0
71,3,1
37,23,1
46,83,0
29,29,1
77,90,0
2,9,1
77,68,0
75,85,0
24,46,1
23,21,1
88,79,0
86,30,1
76,64,0
50,20,1
60,71,0
30,38,1
80,69,0
52,83,0
54,18,1
21,18,1
66,14,1
71,65,0
50,72,0
52,48,1
56,73,0
56,71,0
57,27,1
56,37,1
80,30,1
82,38,1
21,26,1
76,75,0
89,85,0
73,76,0
12,3,1
81,70,0
82,40,1
69,17,1
34,23,1
60,59,1
5,8,1
34,10,1
95,35,1
20,11,1
70,78,0
20,25,1
53,78,0
57,23,1
30,25,1
10,5,1
34,1,1
90,78,0
51,26,1
69,44,1
64,93,0
40,28,1
77,81,0
85,71,0
70,31,1
4,8,1
20,12,1
83,32,1
79,51,1
43,71,0
45,36,1
52,82,0
66,62,0
87,77,0
67,79,0
80,82,0
17,6,1
55,32,1
30,71,0
65,73,0
35,17,1
87,77,0
82,22,1
29,8,1
88,30,1
53,20,1
85,38,1
92,75,0
63,72,0
50,8,1
85,93,0
95,80,0
5,4,1
92,24,1
45,30,1
93,26,1
72,81,0
69,66,0
72,70,0
62,82,0
93,63,0
67,80,0
79,73,0
51,11,1
78,62,0
35,29,1
99,86,0
71,26,1
38,20,1
84,84,0
18,24,1
43,27,1
67,75,0
9,18,1
40,26,1
28,39,1
81,69,0
47,26,1
60,40,1
38,19,1
73,72,0
92,31,1
78,24,1
23,20,1
35,16,1
9,25,1
72,74,0
63,85,0
62,73,0
14,26,1
20,0,1
58,60,0
57,74,0
62,91,0
60,47,1
55,73,0
84,77,0
77,79,0
27,25,1
16,12,1
32,17,1
52,23,1
37,36,1
70,40,1
80,26,1
74,18,1
75,90,0
32,14,1
63,27,1
94,40,1
85,76,0
40,28,1
96,88,0
98,65,0
41,77,0
51,14,1
47,25,1
96,88,0
52,22,1
75,73,0
58,9,1
86,79,0
53,85,0
55,80,0
90,85,0
45,29,1
81,33,1
40,18,1
51,71,0
27,4,1
83,91,0
13,20,1
60,47,1
86,78,0
93,26,1
63,63,0
74,29,1
50,76,0
76,54,0
72,18,1
27,26,1
84,69,0
17,11,1
21,6,1
89,78,0
77,55,1
92,82,0
4,11,1
44,4,1
36,5,1
46,36,1
43,18,1
33,12,1
7,15,1
67,70,0
19,23,1
86,1,1
45,23,1
77,84,0
74,76,0
97,39,1
92,31,1
65,80,0
57,76,0
24,11,1
17,29,1
67,46,1
34,28,1
70,74,0
79,83,0
41,18,1
61,17,1
81,78,0
45,2,1
71,76,0
40,24,1
10,6,1
97,72,0
52,25,1
66,7,1
96,75,0
3,8,1
56,75,0
94,68,0
15,12,1
69,38,1
23,18,1
11,16,1
83,74,0
75,66,0
51,29,1
34,10,1
17,30,1
63,19,1
84,89,0
37,5,1
38,14,1
56,30,1
70,70,0
99,35,1
57,26,1
57,83,0
33,11,1
92,79,0
84,9,1
68,74,0
93,38,1
47,63,0
52,17,1
64,29,1
84,48,1
90,66,0
79,30,1
77,75,0
74,64,0
59,66,0
49,25,1
19,13,1
44,19,1
91,19,1
65,28,1
74,35,1
52,19,1
91,47,1
92,72,0
58,39,1
69,41,1
46,32,1
91,79,0
63,24,1
81,41,1
54,28,1
53,68,0
67,30,1
95,30,1
6,21,1
15,24,1
58,35,1
97,71,0
62,75,0
92,8,1
32,13,1
41,35,1
75,60,0
77,83,0
83,84,0
79,27,1
52,43,1
58,61,1
88,69,0
0,20,1
32,34,1
17,19,1
28,32,1
25,26,1
16,4,1
3,12,1
87,66,0
57,67,0
94,76,0
71,35,1
84,20,1
37,21,1
82,85,0
3,4,1
58,48,1
79,74,0
49,41,1
94,82,0
47,16,1
44,2,1
76,43,1
18,15,1
85,81,0
38,50,1
86,21,1
71,84,0
29,28,1
82,25,1
94,20,1
34,18,1
76,33,1
46,41,1
54,80,0
66,77,0
34,18,1
63,67,0
77,52,1
68,37,1
38,16,1
47,50,1
4,15,1
30,18,1
35,27,1
23,10,1
84,73,0
69,35,1
48,30,1
67,38,1
79,59,0
74,67,0
25,13,1
96,75,0
54,87,0
35,24,1
62,31,1
46,43,1
50,61,0
55,77,0
52,7,1
47,25,1
82,77,0
86,76,0
45,13,1
87,64,0
4,11,1
45,47,1
80,42,1
56,32,1
95,76,0
72,49,1
9,0,1
88,60,0
36,7,1
59,72,0
40,24,1
84,30,1
31,20,1
35,31,1
54,24,1
92,73,0
24,31,1
61,79,0
50,65,0
83,76,0
32,37,1
99,62,0
78,20,1
1,9,1
4,23,1
3,10,1
91,61,0
94,81,0
56,53,1
70,76,0
43,83,0
84,67,0
47,29,1
54,32,1
94,64,0
53,11,1
69,38,1
18,15,1
35,29,1
90,69,1
66,82,0
61,76,0
15,9,1
94,41,1
12,28,1
32,21,1
88,77,0
66,35,1
63,71,0
94,37,1
53,31,1
94,71,0
29,17,1
67,72,0
62,69,0
63,8,1
37,37,1
21,19,1
58,63,0
17,6,1
30,27,1
81,74,0
77,33,1
73,71,0
59,76,0
63,77,0
38,12,1
98,79,0
81,36,1
11,12,1
45,28,1
33,14,1
85,76,0
9,16,1
75,19,1
60,72,0
57,25,1
10,10,1
93,21,1
63,22,1
2,15,1
65,36,1
48,32,1
65,71,0
96,75,0
0,12,1
19,18,1
53,37,1
84,78,0
92,28,1
16,26,1
29,70,0
87,44,1
97,79,0
89,88,0
76,84,0
60,23,1
66,21,1
87,32,1
92,26,1
84,76,0
21,35,1
83,87,0
63,17,1
88,78,0
67,78,0
41,66,0
10,10,1
68,50,1
75,49,1
10,23,1
24,26,1
49,63,0
67,45,1
60,10,1
0,34,1
91,71,0
92,28,1
88,77,0
26,30,1
81,82,0
36,28,1
55,34,1
66,35,1
48,25,1
36,30,1
19,10,1
31,39,1
83,84,0
66,70,0
95,79,0
22,25,1
42,20,1
72,70,0
78,82,0
59,23,1
72,85,0
92,66,0
77,88,0
12,15,1
42,21,1
52,48,1
63,31,1
12,24,1
45,77,0
71,29,1
85,74,0
86,29,1
90,80,0
73,60,1
77,26,1
71,35,1
70,64,0
44,71,0
90,75,0
10,9,1
62,17,1
60,65,0
16,10,1
11,11,1
89,49,1
46,30,1
73,7,1
69,89,0
82,23,1
60,33,1
52,64,0
33,32,1
81,82,0
35,31,1
17,17,1
44,36,1
93,6,1
85,70,0
71,69,0
80,69,0
15,17,1
48,80,0
67,38,1
71,75,0
50,6,1
41,8,1
51,26,1
96,66,0
64,88,0
58,19,1
68,24,1
21,17,1
66,35,1
50,35,1
38,5,1
50,9,1
85,71,0
82,91,0
52,25,1
87,30,1
54,71,0
27,17,1
52,30,1
56,10,1
62,74,0
60,26,1
30,24,1
96,22,1
53,19,1
46,10,1
99,83,0
97,13,1
62,32,1
90,84,0
76,89,0
99,48,1
60,69,0
71,52,1
83,80,0
54,25,1
1,8,1
71,83,0
56,68,0
62,20,1
72,17,1
93,81,0
86,33,1
97,69,0
98,80,0
54,78,0
78,70,0
15,17,1
41,27,1
26,5,1
55,29,1
36,7,1
56,79,0
70,18,1
65,12,1
24,31,1
73,82,0
82,73,0
53,22,1
99,11,1
60,78,0
78,83,0
68,35,1
54,24,1
74,25,1
71,73,0
87,13,1
26,22,1
23,17,1
74,56,1
77,83,0
7,16,1
51,73,0
89,80,0
90,30,1
60,64,0
0,20,1
91,82,0
6,17,1
82,13,1
87,49,1
79,76,0
27,13,1
51,78,0
79,36,1
83,76,0
63,82,0
78,79,0
64,29,1
13,14,1
99,85,0
98,72,0
70,82,0
92,79,0
32,48,1
51,82,0
17,31,1
76,71,0
43,22,1
47,18,1
58,69,0
41,32,1
90,79,0
84,76,0
76,26,1
71,79,0
71,36,1
41,24,1
21,8,1
55,59,0
66,82,0
65,31,1
15,34,1
72,76,0
2,8,1
82,76,0
75,46,1
70,80,0
89,85,0
68,44,1
59,34,1
75,29,1
95,74,0
57,74,0
86,76,0
49,36,1
72,17,1
34,22,1
37,70,0
75,84,0
62,60,0
14,10,1
90,84,0
91,82,0
97,80,0
68,77,0
80,89,0
43,67,0
4,10,1
94,39,1
59,67,0
54,65,0
9,22,1
62,28,1
80,71,0
95,67,0
56,54,1
30,30,1
34,30,1
42,43,1
94,23,1
53,48,1
71,83,0
62,23,1
24,11,1
65,76,0
52,24,1
7,10,1
14,26,1
77,87,0
62,21,1
63,30,1
28,37,1
82,74,0
64,34,1
13,17,1
77,48,1
41,7,1
48,34,1
94,81,0
45,18,1
78,81,0
81,75,0
91,37,1
65,71,0
74,43,1
96,68,0
58,23,1
71,50,1
75,67,0
58,79,0
79,92,0
41,41,1
36,25,1
25,31,1
68,4,1
86,45,1
44,72,0
81,13,1
31,27,1
88,83,0
3,24,1
78,34,1
58,64,0
70,28,1
66,69,0
77,75,0
88,71,0
85,88,0
49,34,1
35,16,1
87,78,0
13,8,1
68,37,1
84,47,1
75,71,0
30,22,1
37,2,1
63,91,0
75,77,0
82,32,1
59,74,0
19,23,1
99,91,0
95,42,1
77,76,0
81,66,0
80,38,1
92,68,0
60,78,0
6,7,1
93,77,0
71,13,1
30,28,1
56,26,1
94,79,0
61,71,0
65,61,0
10,19,1
88,40,1
76,80,0
56,69,0
75,29,1
73,86,0
81,57,1
69,30,1
58,34,1
86,72,0
83,57,0
35,38,1
48,21,1
70,17,1
2,11,1
50,84,0
53,42,1
35,6,1
76,68,0
11,3,1
97,87,0
57,64,0
80,75,0
83,42,1
60,76,0
20,15,1
54,13,1
59,46,1
85,16,1
75,79,0
19,21,1
98,73,0
87,73,0
24,22,1
80,31,1
9,27,1
24,7,1
71,0,1
49,83,0
95,84,0
86,41,1
11,2,1
18,24,1
14,1,1
72,71,0
18,13,1
83,72,0
66,77,0
28,26,1
91,33,1
88,64,1
91,79,0
76,51,1
40,47,1
89,32,1
88,85,0
92,50,1
78,74,0
51,40,1
51,25,1
92,81,0
52,27,1
89,83,0
81,12,1
62,78,0
97,72,0
76,67,0
97,23,1
56,33,1
45,26,1
63,79,0
6,22,1
45,39,1
20,16,1
89,23,1
68,83,0
93,73,0
66,7,1
63,15,1
90,75,0
63,85,0
61,70,0
26,12,1
67,88,0
88,88,0
77,76,0
86,80,0
34,15,1
83,65,0
56,30,1
21,13,1
87,65,0
82,36,1
48,67,0
53,28,1
43,22,1
91,76,0
50,80,0
60,87,0
34,21,1
51,37,1
54,19,1
34,28,1
81,4,1
7,17,1
39,21,1
20,33,1
81,73,0
74,39,1
63,76,0
65,83,0
89,77,0
71,81,0
12,16,1
57,75,0
67,36,1
66,78,0
72,32,1
94,23,1
95,74,0
48,32,1
30,28,1
50,27,1
53,67,0
96,4,1
15,22,1
83,24,1
89,35,1
84,85,0
61,26,1
82,78,0
73,17,1
81,70,0
58,74,0
89,76,0
86,28,1
89,80,0
68,79,0
55,85,0
68,80,0
54,74,0
78,25,1
28,9,1
39,53,1
62,24,1
67,83,0
85,51,1
66,73,0
56,5,1
69,69,0
73,76,0
54,76,0
80,77,0
53,46,1
71,22,1
71,71,0
51,84,0
77,12,1
60,28,1
72,77,0
18,15,1
86,79,0
8,27,1
53,15,1
75,78,0
26,4,1
54,10,1
50,17,1
60,33,1
83,35,1
67,67,0
87,37,1
40,21,1
73,45,1
48,12,1
35,2,1
94,60,0
1,12,1
51,45,1
75,76,0
33,36,1
69,22,1
68,80,0
92,75,0
89,75,0
71,33,1
42,75,0
54,30,1
87,77,0
62,32,1
79,15,1
63,30,1
89,23,1
74,33,1
21,29,1
77,79,0
83,59,1
56,81,0
25,2,1
14,22,1
73,46,1
93,38,1
13,23,1
80,67,0
36,7,1
69,80,0
64,20,1
83,33,1
89,94,0
62,31,1
71,84,0
89,40,1
80,85,0
62,23,1
50,74,0
24,15,1
92,79,0
87,77,0
82,37,1
70,40,1
17,5,1
29,36,1
74,18,1
51,34,1
68,82,0
65,70,0
73,79,0
65,45,1
66,37,1
85,84,0
75,72,0
45,37,1
33,27,1
93,81,0
49,30,1
31,36,1
31,17,1
71,43,1
7,27,1
21,13,1
95,72,0
13,42,1
19,13,1
33,3,1
71,52,1
73,80,0
84,73,0
96,73,0
18,11,1
68,72,0
42,61,0
54,31,1
62,36,1
73,79,0
9,24,1
40,29,1
2,20,1
83,34,1
88,67,0
64,68,0
19,8,1
27,14,1
87,82,0
24,6,1
30,38,1
74,82,0
84,81,0
35,16,1
70,33,1
13,20,1
70,26,1
77,42,1
69,84,0
20,26,1
37,12,1
37,16,1
37,31,1
22,5,1
56,72,0
11,10,1
60,35,1
98,75,0
56,18,1
40,14,1
56,80,0
66,86,0
45,28,1
60,29,1
96,20,1
63,84,0
8,16,1
71,82,0
42,25,1
77,28,1
25,21,1
83,25,1
29,41,1
21,10,1
78,63,1
97,31,1
25,21,1
48,43,1
73,84,0
82,79,0
9,13,1
42,31,1
63,30,1
10,13,1
84,70,0
49,98,0
11,9,1
73,74,0
78,44,1
73,78,0
23,25,1
69,26,1
27,9,1
74,61,0
78,45,1
78,77,0
86,74,0
82,74,0
64,84,0
73,74,0
3,9,1
69,45,1
93,75,0
80,80,0
64,78,0
27,11,1
60,27,1
56,80,0
94,82,0
51,67,0
53,69,0
86,33,1
61,11,1
15,16,1
57,30,1
24,9,1
78,14,1
61,24,1
92,75,0
97,69,0
98,81,0
40,16,1
84,28,1
88,88,0
77,88,0
13,17,1
99,74,0
68,77,0
66,26,1
72,25,1
59,84,0
57,76,0
53,46,1
16,3,1
71,78,0
83,75,0
37,19,1
47,68,0
53,11,1
98,39,1
89,65,0
20,27,1
22,31,1
14,22,1
57,69,0
83,73,0
43,78,0
72,86,0
80,75,0
29,6,1
58,50,1
71,79,0
71,81,0
86,75,0
4,12,1
5,2,1
57,29,1
57,39,1
68,73,0
71,34,1
76,55,1
32,33,1
44,39,1
0,3,1
71,28,1
46,77,0
40,16,1
85,84,0
48,36,1
39,30,1
80,77,0
71,84,0
59,25,1
67,34,1
28,25,1
38,6,1
70,12,1
63,72,0
77,25,1
89,77,0
67,79,0
66,64,0
77,21,1
21,19,1
41,36,1
96,80,0
71,72,0
23,33,1
34,10,1
27,38,1
53,31,1
84,45,1
76,27,1
92,82,0
1,27,1
90,88,0
29,22,1
75,68,0
85,77,0
80,66,0
67,70,0
69,72,0
59,41,1
68,80,0
65,73,0
19,23,1
87,51,1
78,79,0
57,20,1
72,63,0
73,75,0
46,78,0
47,28,1
27,17,1
83,75,0
0,9,1
17,14,1
44,77,0
94,37,1
61,30,1
61,83,0
68,73,0
69,12,1
66,71,0
82,76,0
21,23,1
49,77,0
29,29,1
38,20,1
42,33,1
88,74,0
59,77,0
49,47,1
34,36,1
74,33,1
64,70,0
41,37,1
84,40,1
83,26,1
51,42,1
66,71,0
44,43,1
65,66,0
33,11,1
47,61,0
60,42,1
71,31,1
85,68,0
71,89,0
2,18,1
98,72,0
57,76,0
10,8,1
82,26,1
13,28,1
93,78,0
76,77,0
18,14,1
24,32,1
81,64,0
67,18,1
18,22,1
65,74,0
50,26,1
12,2,1
19,7,1
42,29,1
70,72,0
52,28,1
69,24,1
80,17,1
78,44,1
93,80,0
82,77,0
96,79,0
71,41,1
82,95,0
89,87,0
77,14,1
59,69,0
7,21,1
28,5,1
97,21,1
30,28,1
41,28,1
52,33,1
81,72,0
70,25,1
19,25,1
98,73,0
46,88,0
88,84,0
81,92,0
75,84,0
57,31,1
66,21,1
16,26,1
65,46,1
44,38,1
35,41,1
73,78,0
48,76,0
83,74,0
83,81,0
86,47,1
74,93,0
71,36,1
20,33,1
69,24,1
76,78,0
75,35,1
54,24,1
64,56,0
7,8,1
82,83,0
9,28,1
91,19,1
30,23,1
67,46,1
52,95,0
58,35,1
49,76,0
35,24,1
45,16,1
66,67,0
76,87,0
68,79,0
1,14,1
11,15,1
52,27,1
43,79,0
59,79,0
23,5,1
71,74,0
62,40,1
36,36,1
93,31,1
61,44,1
61,30,1
70,16,1
27,24,1
80,69,0
66,66,0
48,34,1
21,30,1
33,20,1
21,25,1
50,43,1
75,27,1
70,17,1
14,36,1
46,74,0
91,77,0
27,10,1
14,6,1
64,17,1
10,8,1
48,40,1
72,35,1
57,71,0
80,64,0
25,19,1
46,11,1
55,28,1
61,28,1
57,25,1
62,72,0
58,25,1
42,32,1
81,82,0
54,29,1
79,37,1
49,77,0
81,66,0
49,71,0
67,73,0
74,76,0
55,16,1
50,13,1
37,31,1
17,19,1
39,74,0
54,30,1
61,74,0
25,27,1
62,15,1
89,32,1
64,27,1
28,20,1
29,18,1
79,28,1
94,28,1
29,11,1
53,39,1
85,84,0
70,71,0
53,35,1
47,67,0
62,15,1
60,74,0
64,44,1
78,77,0
59,77,0
50,79,0
27,11,1
52,30,1
27,30,1
55,79,0
76,25,1
75,68,0
68,75,0
32,31,1
41,18,1
23,31,1
10,19,1
77,80,0
52,41,1
66,87,0
67,79,0
67,27,1
75,3,1
56,76,0
30,11,1
36,21,1
64,21,1
88,69,0
93,42,1
70,77,0
66,77,0
46,27,1
13,26,1
77,82,0
30,64,0
40,16,1
91,53,1
30,8,1
71,79,0
93,98,0
31,24,1
22,12,1
52,49,1
31,35,1
73,79,0
22,25,1
99,19,1
8,18,1
77,78,0
77,42,1
76,39,1
52,71,0
83,13,1
77,42,1
39,21,1
44,8,1
62,16,1
32,81,0
68,64,0
54,11,1
40,14,1
61,66,0
54,79,0
90,74,0
7,20,1
68,42,1
98,86,0
66,78,0
55,81,0
91,46,1
75,30,1
82,79,0
70,75,0
13,35,1
54,22,1
58,89,0
34,27,1
92,56,0
67,40,1
51,72,0
14,20,1
51,35,1
90,81,0
2,20,1
31,23,1
48,89,0
51,16,1
13,13,1
61,24,1
95,86,0
18,27,1
86,73,0
91,73,0
87,75,0
57,71,0
34,38,1
57,31,1
31,25,1
69,76,0
69,38,1
96,35,1
28,5,1
60,35,1
45,78,0
75,76,0
64,67,0
77,89,0
25,7,1
27,30,1
28,26,1
50,89,0
93,88,0
71,6,1
26,11,1
20,24,1
71,91,0
71,88,0
71,87,0
10,9,1
4,27,1
40,20,1
9,11,1
34,15,1
75,83,0
60,77,0
27,7,1
3,9,1
83,76,0
81,39,1
67,49,1
35,9,1
89,63,0
74,84,0
87,42,1
79,27,1
26,22,1
64,39,1
44,26,1
18,32,1
64,73,0
89,17,1
90,69,0
83,59,0
51,79,0
99,78,0
59,20,1
79,90,0
44,13,1
78,15,1
81,64,0
29,14,1
85,22,1
7,20,1
67,78,0
86,52,1
85,69,0
86,77,0
68,93,0
15,20,1
47,22,1
75,85,0
69,77,0
52,8,1
51,17,1
31,29,1
47,66,0
77,33,1
54,22,1
53,31,1
86,68,0
4,6,1
93,82,0
71,70,0
8,0,1
18,13,1
4,10,1
50,69,0
94,93,0
66,62,0
53,18,1
96,24,1
40,18,1
97,20,1
63,40,1
79,80,0
58,32,1
61,25,1
81,30,1
10,11,1
89,70,0
75,65,0
74,21,1
75,68,0
72,40,1
77,87,0
35,46,1
25,3,1
92,79,0
86,76,0
75,86,0
91,67,0
84,73,0
79,77,0
87,76,0
89,70,0
86,67,0
32,24,1
81,15,1
72,33,1
44,28,1
58,84,0
84,61,0
71,24,1
84,25,1
95,71,0
77,25,1
75,76,0
71,83,0
69,23,1
69,73,0
75,76,0
68,82,0
8,28,1
23,17,1
45,19,1
31,45,1
23,29,1
12,21,1
96,32,1
20,17,1
42,42,1
61,73,0
56,3,1
79,33,1
94,75,0
60,34,1
84,27,1
69,77,0
41,3,1
19,10,1
68,78,0
85,74,0
57,73,0
77,36,1
71,86,0
42,13,1
87,75,0
28,9,1
5,27,1
68,25,1
73,39,1
71,72,0
89,26,1
92,17,1
72,78,0
93,84,0
92,72,0
38,12,1
44,26,1
99,51,1
80,31,1
41,6,1
73,70,0
13,20,1
54,34,1
57,81,0
56,23,1
63,17,1
67,81,0
97,71,0
13,24,1
38,21,1
79,2,1
19,15,1
98,81,0
96,78,0
67,71,0
78,70,0
45,70,0
93,40,1
72,80,0
24,2,1
70,41,1
48,33,1
34,33,1
77,66,0
61,77,0
91,40,1
51,77,0
0,19,1
78,78,0
43,26,1
65,35,1
76,76,0
60,32,1
95,43,1
69,67,0
38,78,0
74,70,0
88,28,1
83,77,0
36,21,1
69,27,1
95,82,0
45,82,0
77,67,0
69,74,0
49,71,0
92,77,0
44,9,1
79,73,0
82,82,0
31,16,1
6,16,1
48,27,1
72,82,0
83,79,0
54,23,1
86,12,1
51,18,1
25,24,1
59,35,1
87,82,0
58,28,1
63,62,0
11,40,1
40,15,1
67,27,1
89,78,0
69,74,0
30,31,1
48,76,0
86,19,1
51,13,1
45,14,1
51,65,0
87,78,0
69,24,1
48,69,0
60,79,0
43,41,1
52,79,0
32,11,1
60,13,1
70,87,0
7,17,1
0,27,1
81,41,1
87,73,0
93,82,0
71,78,0
96,75,0
23,21,1
78,69,0
67,10,1
71,78,0
77,34,1
19,20,1
28,20,1
47,18,1
80,73,0
92,78,0
29,25,1
83,66,0
85,34,1
21,7,1
55,85,0
39,25,1
24,34,1
65,76,0
70,76,0
41,35,1
76,10,1
78,77,0
4,27,1
64,65,0
44,27,1
87,36,1
57,9,1
86,72,0
62,75,0
23,7,1
32,16,1
74,26,1
96,64,0
76,74,0
29,51,1
65,64,0
92,74,0
12,11,1
77,36,1
86,74,0
42,14,1
99,41,1
78,87,0
19,25,1
75,34,1
81,79,0
89,84,0
11,13,1
59,37,1
62,84,0
71,71,0
96,76,0
64,71,0
77,70,0
61,34,1
42,30,1
60,51,1
72,82,0
92,42,1
9,9,1
32,7,1
36,15,1
72,89,0
58,7,1
85,82,0
91,74,0
93,84,0
93,85,0
14,24,1
32,36,1
80,71,0
82,39,1
39,22,1
10,10,1
66,34,1
87,69,0
60,37,1
12,27,1
91,77,0
14,25,1
30,45,1
74,19,1
62,72,0
61,16,1
5,30,1
45,88,0
78,69,0
71,43,1
99,71,0
55,71,0
73,76,0
28,26,1
66,72,0
90,25,1
96,36,1
89,90,0
64,32,1
83,85,0
61,73,0
1,12,1
87,80,0
31,15,1
59,82,0
64,78,0
69,24,1
55,37,1
54,22,1
15,23,1
84,85,0
83,68,0
50,41,1
95,69,0
12,34,1
78,76,0
23,12,1
84,70,0
72,74,0
76,79,0
58,34,1
92,68,0
40,73,0
63,41,1
72,83,0
72,27,1
78,72,0
92,75,0
93,40,1
88,82,0
69,79,0
13,31,1
85,43,1
77,87,0
66,80,0
80,88,0
70,26,1
87,36,1
31,32,1
25,3,1
1,24,1
11,10,1
83,77,0
85,47,1
64,76,0
17,26,1
79,59,0
61,74,0
92,28,1
90,79,0
97,39,1
78,76,0
40,28,1
29,18,1
29,15,1
94,31,1
81,20,1
10,6,1
75,34,1
37,27,1
84,64,0
38,27,1
85,15,1
89,80,0
49,80,0
22,30,1
96,32,1
80,34,1
87,66,0
82,91,0
80,79,0
3,8,1
44,20,1
13,18,1
36,33,1
57,65,0
47,12,1
86,79,0
37,31,1
59,65,0
97,72,0
28,38,1
90,10,1
21,13,1
98,34,1
44,67,0
51,48,1
69,72,0
43,44,1
93,24,1
56,38,1
12,18,1
49,63,0
78,68,0
77,70,0
24,21,1
94,34,1
1,23,1
90,69,0
94,75,0
56,31,1
94,83,0
57,77,0
6,32,1
50,76,0
51,22,1
90,79,0
94,70,0
23,19,1
90,88,0
3,14,1
93,36,1
74,47,1
67,67,0
62,78,0
63,24,1
70,26,1
58,22,1
90,77,0
55,28,1
76,42,1
70,41,1
97,76,0
46,23,1
61,63,0
67,37,1
76,36,1
31,8,1
70,63,0
86,86,0
83,46,1
85,91,0
96,81,0
36,34,1
52,49,1
71,98,0
56,34,1
63,19,1
99,85,0
73,43,1
49,64,0
31,16,1
21,13,1
44,79,0
97,78,0
8,2,1
26,19,1
58,30,1
73,74,0
87,76,0
97,83,0
83,36,1
75,14,1
86,35,1
9,3,1
55,24,1
15,3,1
26,24,1
59,22,1
74,78,0
57,43,1
65,72,0
45,29,1
44,68,0
64,39,1
12,18,1
8,8,1
98,78,0
9,22,1
55,38,1
61,87,0
49,24,1
99,81,0
76,75,0
31,19,1
34,20,1
79,41,1
64,13,1
40,21,1
29,26,1
77,69,0
6,20,1
56,78,0
76,68,0
61,70,0
32,27,1
45,32,1
5,23,1
49,77,0
68,81,0
55,84,0
26,1,1
44,5,1
81,36,1
10,20,1
94,30,1
50,64,0
18,25,1
73,14,1
90,81,0
67,79,0
48,83,0
62,78,0
62,37,1
32,22,1
63,65,0
82,61,0
36,24,1
75,84,0
51,63,0
88,96,0
56,81,0
45,69,0
15,16,1
77,33,1
80,16,1
83,42,1
25,17,1
35,73,0
62,19,1
20,22,1
74,31,1
48,11,1
48,14,1
70,42,1
87,78,0
86,25,1
98,84,0
64,74,0
48,23,1
58,33,1
32,4,1
12,14,1
92,50,1
68,75,0
59,46,1
56,33,1
55,77,0
48,8,1
6,15,1
78,28,1
93,81,0
77,85,0
57,78,0
81,74,0
35,51,1
79,66,0
36,22,1
66,60,0
78,82,0
82,78,0
75,82,0
56,77,0
19,15,1
61,61,0
52,15,1
86,2,1
80,84,0
98,77,0
21,0,1
48,60,0
50,23,1
95,77,0
78,29,1
87,67,0
78,78,0
42,25,1
70,77,0
47,10,1
13,30,1
63,18,1
53,85,0
40,27,1
28,17,1
28,17,1
73,29,1