"CCE, SD=4    training_method    supervised",15.95101007177658,16.832694248477296,14.632544128614953,14.626254109120467,14.932266696097884,15.413657868509588,15.19306837363176,15.049437722069356,15.391736386822714,15.251459348175203,13.921109768799184,15.35428693475923
"CCE, SD=4    training_method    supervised_2_percent",2.687885773313539,6.194203885924324,-1.6271970344220676,6.565123545655425,4.2520727836855485,6.88062910039163,4.77383163343643,3.161108054084096,1.4984040926377844,5.212933594819646,3.3945107006158395,3.5395730904420475
"CCE, SD=4    training_method    semi",14.980570499427472,11.405442815636306,14.42519490536462,12.823130668999283,14.159312434657295,9.381629004379334,10.964300464088026,16.818567538374168,11.307014404077506,16.881508424387263,11.69510995292184,14.07280644983355
"CCE, SD=4    training_method    semi_sup_first",-14.966081685418786,-15.961425775329303,-15.342924673479786,-14.295439395804863,-14.689995704409753,-14.13452805902007,-14.157520932290254,-14.885036280669908,-13.599906570543652,-15.228299626373484,-15.769345496090807,-15.047167057490256
"CCE, SD=4    training_method    semi_mixed",-13.406594720425545,-12.344378214710602,-12.41931807178321,-12.092835546331955,-13.330594293674935,-11.921240370253201,-12.278533637376356,-12.74755217366473,-12.303740357873338,-12.708931959195198,-11.93579127442267,-13.373550581185597
"CCE, SD=4    training_method    unsupervised",-13.946724081914638,-14.047979189269725,-15.54753512333869,-15.316675469505512,-15.357764132065284,-14.386465646948096,-14.79225801268828,-14.839073451375839,-14.349252407688638,-14.825023891633322,-14.19509604260955,-15.666375912321158,-14.720916667691228
"CCE, SD=4    labeled_data_percentage    99",15.477042164326889,16.03768544501837,14.102570875870441,15.436968284305152,13.89245673273679,14.544545119403452,15.587398881797483,15.059714161894007,15.024503138039975,14.189521086447641,13.911483608418038,14.418218888577442
"CCE, SD=4    labeled_data_percentage    50",14.538770795361302,13.818166838745285,15.402843071504009,16.054212614622912,15.4148917522013,13.972893073124396,13.564406106188812,14.27654095947129,14.891576310025854,14.205169958425756,14.139004033341635,14.524108812856198
"CCE, SD=4    labeled_data_percentage    20",13.400997494737226,16.35302875374704,15.213853446146047,14.520682601314206,12.178458041872375,13.833985162884687,17.5605337224477,10.15104336374857,13.733552981247968,12.248776175638469,14.600808729037851,12.793613791421464
"CCE, SD=4    labeled_data_percentage    10",13.713413859262175,12.642743881781087,14.27484915339339,15.304080181753903,12.004194877198287,15.258705456039678,14.078976755272464,15.043669128621502,13.107095223160897,15.854500306806955,13.282615154180675,12.935942624060601
"CCE, SD=4    labeled_data_percentage    5",14.552106186496658,13.112209377229462,18.06973865927388,13.233464409992834,14.777068477696787,10.418584013326239,14.929806952490424,12.935441039294332,12.239494437294809,14.776387984428723,11.222370576670059,12.29768009748581
"CCE, SD=4    labeled_data_percentage    1",13.498948883085774,10.210414342273069,14.215346634366895,17.20291484472685,19.46737179246982,14.941961884977871,12.368543037196787,9.416059755420875,12.627612338370923,14.191650075233326,17.197484810653023,17.133419789875163
"CCE, SD=4    labeled_data_percentage    0.5",12.396831830136946,13.946910170312776,8.626792203247987,13.202787675859383,10.518056566214568,15.235941669788176,9.756484510458861,18.928056350765104,11.741484441446715,7.806393432337444,14.685409487264849,16.752147999579307
"CCE, SD=4    labeled_data_percentage    0.25",12.14653503189244,-0.351322614577839,12.22330644368732,14.63256711536485,3.0089684227254594,13.89178224711759,6.829675868448675,12.34539551850682,11.198926619394882,6.546480922618144,15.296982591398347,3.283708101909994
"CCE, SD=4    labeled_data_percentage    0.125",8.751540876031555,10.1622624359848,0.5168143140790846,-1.3652993181929816,8.426408022882043,-1.3156647734924007,9.084955784276815,1.1027430777327254,5.736994489347154,-0.8371875526589889,8.260456532677807
"CCE, SD=4    labeled_data_percentage    0.05",-35.74545814416811,-27.057189987819356,-8.895365916729276,-5.007640348135098,-8.085745083131428,6.758814497948734,-7.0746425574900655,-1.4409410981171646,-15.03500964019723,4.741582873437906,-9.59365599270211
"CCE, SD=4    labeled_data_percentage    0.01",-40.85557385896112,-67.18870530205825,-54.75670905673405,-95.15920436341463,-59.78020596777387,-70.53790291373718,-43.60185450287969,-76.63136433723977,-55.01486101739178,-42.95821348794959,-53.57331427168046
"CCE, SD=4    sampling_density    15",85.13518749432757,84.62430659515678,85.04940334148073,84.09664652263547,83.93673154871507,85.00219112488801,85.80221549965779,85.19351532369105,83.90544568267495,83.62316480947926,83.96180019060955
"CCE, SD=4    sampling_density    25",84.19460570706484,85.4035959618553,84.987707835095,86.1177896699316,84.69746570475174,84.11928135099342,82.9331744521497,83.96033983808692,85.52657445910435,85.49566905570299,84.45088739437766
"CCE, SD=4    sampling_density    50",82.01683763035363,81.1816467874863,78.71733903808402,80.7949732214821,80.53943238749608,80.3027751782557,80.43303594658241,79.58820689653695,80.47267249284192
"CCE, SD=4    sampling_density    100",71.61024501873284,70.38415852210706,67.85915502515438,70.04887940753603,69.76990865133193,73.39608330077046,70.37923131706839,72.19088972600105,71.91511794550514,72.29915874808401
"CCE, SD=4    sampling_density    150",59.41468246245762,59.01887338737519,59.94335877634606,60.36665435669875,60.50041379047964,60.23008126767335,60.51870240025785,59.74281635743161,60.0056296737879
"CCE, SD=4    sampling_density    300",32.7593650678767,35.22234238567606,33.0108489528059,28.511639211819585,33.31953533190112,31.60750199353386,33.144198349887006,32.196336393639115,32.97341313102359
"JSD, SD=4    training_method    supervised",47.18764690671506,45.492239198702165,47.52839307563332,46.88214533160112,46.79343454541565,46.76393674128703,46.55040150814684,47.07361538797165,46.56265918918309,47.00743282718487,46.1483725846785
"JSD, SD=4    training_method    supervised_2_percent",21.148653187773817,19.383473945180754,19.121263573599947,18.138900304216705,12.669531083342036,18.99284158117058,21.65444949908813,21.24296634886629,22.464864322216528,20.092878851670292,26.77478155305161
"JSD, SD=4    training_method    semi",37.52820492800858,39.622329612887015,40.98221855530835,41.3043663677298,40.37527673271438,38.856117764761734,41.9276766863912,41.23747756338454,41.169144063967146,41.50228556033809,42.66384186913515
"JSD, SD=4    training_method    semi_sup_first",-2.565198873367521,-1.9100035823714165,-1.3948656759331186,-1.0317446851596799,-0.7074991889761577,-2.1806857524286585,-0.3567479423058444,-1.3768714646320888,-1.4021940879844124,-2.2569749499424887,-2.1220081399794424
"JSD, SD=4    training_method    semi_mixed",1.7814091918865387,1.9799862106587227,1.5110499152669377,1.3981858885749716,1.0602498578968635,0.3867605587932559,0.9923378153099094,0.2767666188934612,0.6131986277492558,1.2377048834623992,0.9941389147660828
"JSD, SD=4    training_method    unsupervised",-1.013153464502139,-1.8737813715461016,-1.6972716673056993,-2.61836830759421e-05,-1.6281568949239045,-0.5534186336488744,-1.2519444567364957,-1.0788568220633437,-2.9168247498512585,-0.9740105165238049,-1.1276042871741367,-1.0148346291368284
"JSD, SD=4    activation_types    ['relu']",-16.24892458048936,-7.129021091069575,-6.717421277131365,-83.4585772127943,-23.024205579739487,-11.974817572010522,6.673322421175797,-81.98392210753892,-2.976376152938286,-1.2136824875384775,-24.572495292469426
"JSD, SD=4    activation_types    ['relu', 'relu', 'relu', 'relu', 'relu']",40.76877506248955,38.39350867533553,39.83673964874149,37.2804690787137,40.223664772991974,40.49299417176223,40.327510945427946,38.60551250509622,38.58859219512528,37.78772952820195,40.31298574337517
"JSD, SD=4    activation_types    ['sin', 'cos', 'linear']",38.83297037272734,39.21788815972143,36.425764397387674,39.645599770244615,41.79644650684173,39.080595124643544,38.68405907128091,38.968081672988426,39.26271034887237,36.56395803882312,39.07569280563435
"JSD, SD=4    activation_types    ['sin', 'cos', 'linear', 'relu', 'sigmoid']",37.14534848936218,40.00066526461978,40.76605691409793,41.987532031987335,39.75449121148226,40.887401298436075,38.5392064310715,39.87683458589317,40.85776912441646,42.23496741728694,37.71797753079232
"JSD, SD=4    input_layer_type    dense",51.88321734173511,49.70581288687988,50.24967302903788,48.53022156863126,52.323555781839275,49.44562422653875,46.46829249660929,45.951618544860615,50.17595277353666,46.93732503855558,50.74205587732983
"JSD, SD=4    input_layer_type    gaussian_dropout",50.05483791133056,47.414287510499086,45.87469038936259,47.973298965271795,48.1451868693533,50.04992969212904,51.91835112052276,50.15359035191629,49.90188844715518,49.01352979856449,49.32546399489575
"JSD, SD=4    input_layer_type    sqrt_softmax",42.96936715375547,48.057417506309186,48.78561108952234,47.5767926626898,48.41241788679262,50.317499352286326,45.773944330360884,45.87717155310426,49.17436836489738,47.31845890908988,52.32764811563071
"JSD, SD=4    input_layer_type    gaussian_kernel",46.60244396763731,52.39875274341095,45.87104058699501,48.719779348114145,50.83545154494381,53.031609729082035,53.90207144015505,50.67206862920389,52.40773056194533,50.20814042258511,51.089427289441936
"JSD, SD=4    input_layer_type    CNN",45.960806784530305,49.70601008367174,47.5016432307918,51.024872875095845,47.650853869736544,47.49518662218207,49.79048661585864,52.50717643806847,49.302291132197325,48.51345273144764,46.029459102167706
"JSD, SD=4    input_layer_type    VAE",-80.58817248593948,-81.18786444439624,-81.7683799879893,-80.9936546653546,-82.04636126605996,-80.6888319243717,-81.58444659176345,-81.47998288286718,-80.76247595897073,-80.61566716731704,-82.13655874190707
"JSD, SD=4    encoding_dim    2",39.27691081612952,37.94677658695236,39.54328444063601,39.27330733646361,40.3138230567707,36.13138252977702,37.43361633900155,37.69138509471431,39.34244852752879,38.4229105277032,38.08436989461391
"JSD, SD=4    encoding_dim    6",41.855341413757714,42.76618378601071,42.838149825333254,46.094883550910886,44.27772681785877,43.68016071356857,42.23563040520406,42.59507698093779,42.24134862113639,45.42335942108017,40.56878040468423
"JSD, SD=4    hidden_layers    5",38.83126025151401,45.19106288108772,41.21841968443292,42.62947317165759,46.006565277001464,44.16271778112306,41.96723902931634,44.026489331747854,43.590675888050775,43.77333220503343,44.206643476572154
"JSD, SD=4    hidden_layers    7",40.88978964217714,44.01148951469075,45.89813689098211,43.925996878740825,42.27774217879438,42.35164234628357,42.27637637136057,41.673541065609115,42.12208107527614,37.8302096938692,43.269962756757316
"JSD, SD=4    hidden_layers    9",42.87386906312595,43.18760017236802,42.1820039122764,45.02474845517,44.55630755067037,44.306413450351286,41.69985275265389,41.96627445542232,42.965875697658205,44.533909924643645,40.92748561061895
"JSD, SD=4    hidden_layers    27",41.27743189374717,37.559561598682926,30.760795340246375,47.16843368108928,43.57930357466563,37.83844183800225,38.664365284402095,40.66065735205826,34.7178965513952,38.657279326824494,32.086139789066834
"JSD, SD=4    activity_regularizer    L2: 0.01",34.39634673362404,36.81723222426333,34.286634671262846,33.8698806119139,35.97320806003067,32.28228964031824,35.882082916874765,36.28037020320234,37.28872697529306,35.80072749890209,35.29259970272017
"JSD, SD=4    activity_regularizer    L1: 0.01",34.4578657517456,37.55085783875417,39.08290585505956,36.03395714994411,37.23016649338959,36.7210232620318,37.93984477111182,36.73550718563008,35.79546683038966,37.68829225198498,38.89843147276782
"JSD, SD=4    activity_regularizer    L1: 10^-4",41.10495391345069,42.8942762230689,36.815509647169456,38.95179961323309,42.32928696953238,40.61173883298117,42.57750996537031,41.73578221614888,42.486640818700536,41.03376978088416,42.64848348569204
"JSD, SD=4    sigma    0.005",89.91552271980797,91.19525545577116,90.48871595773127,90.70543833793926,89.87999622818039,89.30316690330676,89.81848657300169,90.61166627170182,90.42083815661218,90.70134428942801,89.89433129010355
"JSD, SD=4    sigma    0.01",83.57733735341878,83.51110871881289,83.33661917904978,82.76806513244948,82.86104108643845,81.58577247470538,82.8493317562394,82.46868344730451,82.84710586246032,83.66965711296962,83.05602115088806
"JSD, SD=4    sigma    0.05",-2.8521221829148686,-1.5357739817714702,-1.857945958935133,-2.470285580364717,-2.589134112493255,-0.4732366785753044,-3.600379302669623,-4.314938883580069,-1.933867662935981,-2.389718379604375,-1.4937069098256757
"JSD, SD=4    sigma    0.1",-3.870579004737152,-4.585273027931109,-4.436921017012594,-3.1415890167717464,-4.247487672401846,-4.464019292117555,-4.72960944566519,-4.563738254552604,-4.009895106036865,-4.424215499060082,-2.658877264991361
"JSD, SD=4    sigma    0.2",-0.6731124903118371,-2.2012145170434394,-0.23991398228970695,-0.3763845729212676,-1.3571483066989458,-2.2451129074280374,-1.0864869211838624,-1.6745539289976392,-2.78004626994894,-1.1421939798595133,-1.366973984783769
"JSD, SD=4    BN_size    2",48.181620930784646,43.02702723906822,52.24873923444183,48.32407539178172,47.082806984435464,45.77111188208637,50.115508436535485,48.19176756721794,51.10039105283045,48.884045868073606,48.215234592011036
"JSD, SD=4    BN_size    4",34.83518036622344,36.892306912443644,37.02434379634285,39.50838427223895,37.614798494397455,36.337440028777024,38.12894249753804,37.03271106461074,36.78719257714353,36.67592413040487,36.21625864454548
"JSD, SD=4    BN_size    5",32.15011147129465,33.735159378998105,33.58673260739616,32.73598135792045,33.04681614803073,33.38720163822177,32.797698738356445,34.15876032667113,33.424284679601584,34.04255790733356,36.2758973458239
"JSD, SD=4    BN_size    10",20.014943496605454,20.173728887218317,20.307416213740368,20.92080250655573,21.729346416612998,21.27229234144326,20.18570482238904,22.301236045821184,21.13102515584403,20.591224021192986,20.20051831267463
"JSD, SD=4    BN_size    20",-0.8903340550524774,-2.3527181221459443,-1.5082414230816,-0.3698979240039506,-1.4309164573719357,-1.118080537439667,-4.263105655693735,-1.2533004815343816,-1.454431435519922,-0.28631261668954266,-0.7206568551576567
"JSD, SD=4    BN_size    30",-14.892335883590576,-14.609154663689097,-15.570995341700609,-14.351995833305551,-15.64615699720018,-14.852273137662166,-15.234412297805818,-14.87997000758918,-15.712126887198039
"JSD, SD=4    labeled_data_percentage    99",46.9504534908501,47.502117041186885,46.407888161170455,46.41590707371337,46.40935328828664,47.876778940972834,45.65489929617268,45.877696700263066,46.32635406126062,46.74862255318023,46.795168569161646
"JSD, SD=4    labeled_data_percentage    50",46.826074412191865,46.644838499092,46.39445423756885,46.03397592184808,45.88334866092119,46.20908190023558,46.55611528126355,46.62801777046423,46.02114934419517,45.75079891700772,45.28674502515934
"JSD, SD=4    labeled_data_percentage    20",45.460771219651164,45.82987451641452,46.75654551189601,46.873464219906815,45.43405707378311,46.33978712964432,45.47788866840135,45.98173681424873,46.53110895037558,45.970483149147654,46.477516205933114
"JSD, SD=4    labeled_data_percentage    10",46.280058174628536,44.47852297120988,46.63878432410012,44.784341261796676,45.2139754481291,46.394623036345436,47.18730217098638,44.06048580872981,46.88125546827631,46.38659373337726,46.14907164453022
"JSD, SD=4    labeled_data_percentage    5",43.709134995960824,41.77171291833967,43.575289068521506,45.39928889863703,44.66245274509154,43.67343097420292,44.33917315284192,45.08387185242314,43.7178190477158,44.33560669532811,44.7173056494694
"JSD, SD=4    labeled_data_percentage    1",34.795131204526385,35.68491102230112,34.41883883963645,36.34983863576954,33.37350551422779,37.09010366410925,32.76543152720677,37.16237297186077,34.32661653166805,33.876291646930184,35.56733559284996
"JSD, SD=4    labeled_data_percentage    0.5",30.90611876134406,30.98243325497465,31.18644021605475,33.758528599946615,30.48348089029423,30.780730076922964,31.44755531198149,26.53459246572352,29.881439668590048,29.607438853194495,28.428844800616375
"JSD, SD=4    labeled_data_percentage    0.25",21.576489831284235,14.163231974683256,14.91273210998996,21.295796523722373,22.24171285262291,24.08312667654215,20.601931540497276,18.322406901320747,18.16414528995294,15.273775280189057,25.119610491770985
"JSD, SD=4    labeled_data_percentage    0.125",14.618414405424062,-0.24089035580318807,24.744619142750622,5.290828755918625,14.742643882456392,1.723173795992949,16.465507473522777,14.24019239035006,14.586070833440985,9.760266297563277,14.012401349028195
"JSD, SD=4    labeled_data_percentage    0.05",-3.8840461406001197,2.728691157170232,2.8983263686841525,-40.10946860150631,3.1329106256525563,2.817418584661965,-29.631116662098407,-10.121501473564507,-15.169776396781543,5.604618633563149,-34.9212093310266
"JSD, SD=4    labeled_data_percentage    0.01",-50.40136031759042,-61.11202495677358,-38.292734770539994,-50.73017933851125,-62.96169732048281,-60.04917516095239,-32.22389792040079,-52.18715089528533,-42.132487175293136,-48.43208815667634,-29.143671005912267
"JSD, SD=4    sampling_density    15",88.51549660318814,88.00985543620132,87.59446759980811,88.34827160995772,88.40168507157068,88.9481198149047,88.81969953621021,88.15584561254005,87.66857222958505,89.05409116661778,88.83876760556558,86.62980286219751
"JSD, SD=4    sampling_density    25",88.07538116250748,89.29789970682697,87.85397065817452,87.8169960338122,86.49054734926816,86.61578910815972,87.72598296322569,87.86099231641549,87.97052286644234,88.05268185661463,86.573265347649,86.55463346799446
"JSD, SD=4    sampling_density    50",83.06680708939793,84.91402031052486,83.50103164778487,83.49104446981781,84.57208017976093,81.76606775721879,84.00604088105422,83.49238710876051,84.4749200818669
"JSD, SD=4    sampling_density    100",76.08840356089956,77.82425436150363,76.25065377837072,77.08572479490954,78.44058855772536,77.08389583784097,77.97198560981329,78.3075894097075,79.03001125585932,79.03019976488937,78.42572192227627
"JSD, SD=4    sampling_density    150",71.38216219904774,70.04743111422106,72.67272384314651,70.21816075975747,68.12066533535182,71.6481455352098,71.63167382502756,72.00463153313304,72.96130720979586
"JSD, SD=4    sampling_density    300",8.613163353993272,33.74908049398314,27.479744508773507,24.631332100979506,21.48804085740052,31.892846949545984,31.11626424903409,30.976800898170055,26.817510011279182
"JSD, SD=4    gaussian_noise_sigma    lambda SD: 0.01",45.511000405376095,45.58285441546085,48.38919083569708,50.86979646652555,44.9153461946775,46.82318403638352,48.10747222190892,49.44622198672071,48.581150595484345,51.988125852487556,48.92120901266688,47.766166824111075
"JSD, SD=4    gaussian_noise_sigma    lambda SD: 0.02",47.03748236554558,47.122092182625984,54.14021142168429,49.488302177861456,48.025890755554926,51.995578832525354,50.2970837877259,46.49146394135879,48.56221220171475,46.79907749166376,47.81496774272189,48.427692069914045
"JSD, SD=4    gaussian_noise_sigma    lambda SD: 0.05",49.31886992698699,49.3414562996821,50.489834747767524,52.26113005809396,45.17989780051494,49.40828352456092,51.18435846153168,52.49634456131979,49.18080372778068,44.9197626694892,50.862509228468454,49.757739203443585
"JSD, SD=4    gaussian_noise_sigma    lambda SD: 0.1",49.04001777509788,51.20809914060154,46.81158917526202,50.17921796433072,50.63838697828337,46.64209873273119,49.69362232213078,51.42608665461267,49.885733055425625,46.58825625157824,49.669693215146346,52.0724434801769
"JSD, SD=4    gaussian_noise_sigma    lambda SD: 0.2",44.77546691549937,44.611136184477154,45.213928014168516,46.63086046208104,44.73559456156531,44.50435032696053,44.349053556969416,40.152634868237996,43.40195450138345,43.37695583739662,43.92174143446371,43.916586622398164
"JSD, SD=4    gaussian_noise_sigma    lambda SD: (0.01/SD)*100",38.87765075594412,40.75628183696622,38.41887072058801,39.88070706432974,41.80707646649973,41.396361649161754,41.15522638401595,40.43803322309061,40.76289592180682,38.566740596367346,41.01470751930093,40.29645038994976
"JSD, SD=4    gaussian_noise_sigma    lambda SD: (0.02/SD)*100",12.300167479883257,14.849064672279596,12.584729181811781,11.642317057748912,13.308674591198681,11.252831969592151,8.888024619594532,10.049189052217628,12.25533731671409,9.471563040517282,10.230451282522125,8.937146889028568
"JSD, SD=4    gaussian_noise_sigma    lambda SD: (0.05/SD)*100",-55.169537043570415,-57.932082229375,-59.13685044405577,-56.37099859047365,-55.38994429289818,-54.64258173379022,-55.991604523241534,-58.208262458619714,-57.945027740535295,-56.8850490743161,-56.0870169586598,-54.583046703950856
"JSD, SD=4    gaussian_noise_sigma    lambda SD: (0.1/SD)*100",-75.89097888108512,-74.92254008742961,-76.73696048396383,-76.01919225914523,-76.30373240990721,-75.88172529411185,-77.62049773919549,-77.2271209234589,-76.0872374218981,-75.39041848298095,-76.65048077326765,-77.23923680964563
"JSD, SD=4    gaussian_noise_sigma    lambda SD: (0.2/SD)*100",-79.44429609626505,-80.58963007825571,-79.00983763256951,-79.9568149920886,-81.37512477143406,-80.46146263997176,-80.83284005537053,-82.24128744375648,-80.84542900580504,-79.54433816711853,-79.27083715212189,-79.17173809282198
"JSD, SD=4    missing_entry    0.001",-222.27379302408377,-196.08838892175993,-129.17265656946333,-173.21184668050716,-153.8778127813371,-290.87090608216045,-209.73411784596055,-111.77269811246177,-170.04673451170515,-201.7348512538017,-210.7727365500357,-227.54850440464094
"JSD, SD=4    missing_entry    0.005",-8.767688013644232,-30.77483635034477,-35.15043100873001,-15.3076355828577,-33.5836587551332,-38.6732968949795,-11.4261098840295,-4.928642971557252,-4.6846392552672,-17.027396091739817,4.270602236405367,-33.668818766792725
"JSD, SD=4    missing_entry    0.01",5.779164342228782,1.8613544648425062,9.831978017375121,-5.173602854029653,8.71769337667834,-5.457412254217985,-1.81802099906254,8.851299994571391,5.787459661376232,10.481906789164654,4.510151783079735,16.19520605879677
"JSD, SD=4    missing_entry    0.05",18.36952327203126,24.709412061231447,22.238974630930713,19.566381048711392,25.664986052798767,25.434723802001486,26.05408245595686,30.27012033206985,26.50111421521936,25.04476851630386,24.801976311648886,26.76314782934857
"JSD, SD=4    missing_entry    0.1",27.383874905073725,27.12436763806089,30.483040886366183,27.864438415177432,21.598245733542086,29.29745663200272,28.156721142472065,28.80735062994738,27.990991351673173,28.43456349135562,33.35583969928031,30.519827280676424
"JSD, SD=4    missing_entry    0.5",19.80905051297411,19.28374859924631,16.70800757776287,15.947253998337047,18.09386154596403,18.614336692113227,16.89715711724905,18.314929502804333,18.8522548080565,19.242925152817975,18.314077565435298,19.292187282503065
"JSD, SD=4    missing_entry_combined    0.001",41.02399952207815,41.02992167706656,41.49825840899652,42.95934656263749,37.9613356957307,41.828256621957834,39.66530046056314,41.773289050191345,40.37652180167433,40.86652270630033,41.803929141694695,42.32701715332015
"JSD, SD=4    missing_entry_combined    0.005",41.00428754769038,39.98974824659359,42.29624397964593,40.60953628909221,39.01836937868079,40.64559461341664,40.12425844772029,40.02301693119364,38.134551303992296,41.85305055018851,39.55730589875785,40.21083520918086
"JSD, SD=4    missing_entry_combined    0.01",37.996001907008704,39.962333076012484,42.98617483928382,41.883551072409574,39.45113011536583,39.38039507978694,40.47951476082308,39.18721768481313,40.29580736958402,39.40751382270338,40.17046335161221,41.79393601060962
"JSD, SD=4    missing_entry_combined    0.05",37.73826260025587,37.83995787876118,39.772874372862056,38.366627052689715,37.44157550357909,38.41676426698711,37.51530875812571,39.6924833990119,38.97435412216644,40.432879312750266,36.805571952205504,38.09959238799955
"JSD, SD=4    missing_entry_combined    0.1",32.95585549514722,33.52395166392189,33.7974583572916,33.296926020835684,33.04737598420026,32.70646766935208,35.287037451753534,33.90129881348477,35.28801619489985,35.58512186729227,34.46717567646532,32.47135192226084
"JSD, SD=4    missing_entry_combined    0.5",10.751754409580315,10.549662802858663,11.438005032055699,13.158142610687946,11.530791265825286,12.373975467427854,12.595214547907162,13.073463379397666,10.364804456496941,11.10271960409888,12.584180763460068,11.33093647384932
"JSD, SD=4    missing_entry_no_denoising    0.001",-634.8100564609614,-621.0191869805752,-599.3777038480184,-670.0253079357644,-642.3018931015962,-708.0636001978024,-663.9241265511299,-699.3275140171008,-632.379643876355,-618.6557808299887,-657.7734240290044,-639.7035897758846
"JSD, SD=4    missing_entry_no_denoising    0.005",-163.49807465842753,-123.02217897918968,-146.87933614602156,-163.0428794195259,-164.44814178358223,-142.20497855524286,-170.49586513597183,-144.6321147955215,-153.528975462226,-144.69189876433674,-134.1982171198044,-124.93052136152338
"JSD, SD=4    missing_entry_no_denoising    0.01",-57.642425870587914,-58.924953548384394,-61.80001957619865,-49.778407502540546,-59.73869600550432,-80.78519990182045,-46.19871921370404,-70.55217833871444,-59.29182908275993,-63.0290297869505,-79.11449702190288,-43.73635680747404
"JSD, SD=4    missing_entry_no_denoising    0.05",19.370367306285544,20.897278061410546,16.385905287106297,16.377336775806796,24.74699587556765,13.287084028592602,12.722594526954964,13.663462737997747,22.445391477764375,15.734021128483548,22.711307988119955,25.689928433230563
"JSD, SD=4    missing_entry_no_denoising    0.1",26.09675857354378,24.498527304977003,31.200743931217744,32.17397613319419,25.9809877804322,30.660897620775486,23.732313483393057,24.018840811803997,18.14958391508587,23.72101730361274,25.848476205809035,28.274371016892403
"JSD, SD=4    missing_entry_no_denoising    0.5",21.832968410343796,20.51192969704809,21.111845435362397,21.791699274965026,23.24567327843822,21.60997756301984,20.128723855057444,21.324745432188436,20.933084815715873,21.0718905132871,20.988148274974264,19.580093101445186
"CCEu, SD=4    sampling_density    15",-1.4565608285384855,-1.659583645443675,-0.9947948621012017,-2.8509453518852723,-1.4377615799961632,-2.615385979897056,-2.5529659437608387,-0.5496264909238562,-1.777602249015601,-1.7795329866125087,-1.1757731178357602,-1.648298284886664
"CCEu, SD=4    sampling_density    25",-0.6053886484261142,-0.14229772627349746,-0.4851740894926593,-0.21034334316659908,-0.6715439408163348,-0.32107822469670566,-0.6751032908751995,-0.28780498643494923,-1.2925357381217708,-0.27123919314492184,-0.7492380419931379,0.23020139081960167
"CCEu, SD=4    sampling_density    50",0.3472894454033195,0.01451382920848232,0.7564093603756561,0.9001434623586846,0.9556526329414226,-0.1142360957477706,0.8088127163115644,0.4827085572328116,0.9091542498085516
"CCEu, SD=4    sampling_density    100",0.6165022915733687,0.49182949648417207,0.4397036048362395,0.9118817955560843,0.6916039796713846,0.6177117451470764,0.739458966280182,0.6998084007742875,0.23448128238420907,0.329492534706489
"CCEu, SD=4    sampling_density    150",-0.2661074841345794,-0.059299318607159535,1.2568733442315505,0.6012084218310179,0.7326216192266912,0.45781721697653666,0.5323171667416062,0.744168756909346,0.21696584682867126
"CCEu, SD=4    sampling_density    300",0.8523668545992109,0.1544347568071487,0.2847698599052535,0.32898170296275,0.754043129018001,0.4833084580006215,0.3402475937342331,1.3050537490664738,1.568124944038388
"JSDu, SD=4    activation_types    ['relu']",-38.33157569956998,-21.257297013138484,-26.903929053548254,-34.53459495986482,-31.808519916026597,-22.687401784767886,-30.225153403008477,-29.27433845374179,-30.06008273617391,-41.062233134075626,-20.886658816236945,-20.45855343972687
"JSDu, SD=4    activation_types    ['relu', 'relu', 'relu', 'relu', 'relu']",-1.1905608522822888,-2.1500506433062725,-1.5440284834583622,-1.199006336768278,-0.6613861307553606,-1.2872719764813922,-1.6552572434343489,-1.5601432253101706,-3.0158289364221247,-2.4884881627531996,-2.148099254348338,-0.3807265449053574
"JSDu, SD=4    activation_types    ['sin', 'cos', 'linear']",-2.1655241528544025,-1.2715207625800389,-2.0521392895859947,-1.9329198258020313,-0.9235646703379956,-1.7311992195390502,-2.4839614403952055,-1.961814052851338,-3.2055081958182683,-2.5106594334281596,-1.7801090655541714,-2.0900047399935744
"JSDu, SD=4    activation_types    ['sin', 'cos', 'linear', 'relu', 'sigmoid']",-1.1768141076712624,-2.8551987003927337,-1.537813493962247,-2.242017470154366,-2.3512053985359813,-1.0802336289852974,-0.9931155128247013,-1.3126989439725207,-0.781303762707168,-2.202408145646203,-1.7276323521142984,-1.511611866954297
"JSDu, SD=4    input_layer_type    dense",-2.21351621438437,-2.9151843718076975,-1.0218209634883806,-2.404742713857459,-1.1395906365746384,-0.9287505915473844,-3.0914158390231847,-2.2280440180047947,-2.095818527170536,-2.8851373220173286,-3.5104616374009225,-3.6695911515134583
"JSDu, SD=4    input_layer_type    gaussian_dropout",-3.2867957228395426,-2.8898403114323656,-2.100168800961143,-2.6707037737804313,-1.9325680123252482,-1.185027233993452,-2.3762748454637688,-2.8639852961873657,-3.4013099012765053,-1.9609071172452985,-2.9492532294145803,-2.2972398950035853
"JSDu, SD=4    input_layer_type    sqrt_softmax",-2.1748763008259857,-2.9167730751157848,-2.5499134967582506,-0.551358160259511,-2.126956924854369,-2.396200761704506,-2.2132250738317367,-2.9418439332134056,-2.7968080478424184,-2.483736608014368,-2.185622373961735,-2.843390279102678
"JSDu, SD=4    input_layer_type    gaussian_kernel",-2.1008403697592684,-1.709944191928031,-2.307162980974681,-1.8365289664448028,-1.5472486479380905,-1.8185684674893565,-1.5717685834599422,-1.7226299690806854,-1.6358102563841328,-2.162785853556997,-1.6759230059975465,-1.1500895434695337
"JSDu, SD=4    input_layer_type    CNN",-0.8555706004668195,-1.6716057320839752,-1.9261236897489766,-0.6858421603591864,-1.4704968148612352,-1.672690548430026,-0.9738881425954418,-1.4161485153922655,-0.813375064133325,-1.0142510519234804,-0.8228540660146706,-1.1800107454669018
"JSDu, SD=4    input_layer_type    VAE",-84.86680812363576,-84.9318165168614,-83.96918081063649,-83.70177038245328,-83.70391732896297,-84.23056680013863,-85.32334859616202,-83.952891965367,-84.15931435966013,-84.14208018995416,-83.91727799540271,-83.76562344200238
"JSDu, SD=4    encoding_dim    2",-2.4996647639975436,-1.988412060515401,-2.1406302546766796,-1.8419218112712201,-2.6362633835195908,-1.749302657412514,-1.8969330583835102,-1.6201172761789877,-1.9375715798329907,-2.657266706535765,-1.6659396971236191,-1.6425450703719378
"JSDu, SD=4    encoding_dim    6",-1.2174811684986793,-1.0887708966953795,-1.40496600942123,-1.5905440675919635,-1.2779231196676477,0.11883576314696143,0.8350992406064535,-0.939163679832177,-0.9596584673458892,-0.8732772200113033,-1.339512802169864,-0.25240625803095895
"JSDu, SD=4    hidden_layers    5",0.6361858721094933,0.2640912315385435,0.4614630881823558,-1.0923327717991071,-0.5843715622449963,-0.12955157620861257,-1.6621577642008418,-2.00535172734331,-0.10794528695176098,0.5138895015407883,-0.9251380036879624,-0.31861534144866255
"JSDu, SD=4    hidden_layers    7",1.3366268757607571,0.2589692631197096,-2.180641858960527,-1.0009215124457853,0.2517163200738395,0.41694915601927107,-0.2983660222689082,-0.29567583078723203,0.826096532845213,-0.5629458263558007,-0.20576682332252005,-1.443941065037592
"JSDu, SD=4    hidden_layers    9",-0.888830910632322,-0.84141094238052,-1.150183397918326,-2.434399199500433,-0.22134994415620213,-0.49205392674173254,0.36613947487487053,0.46382604680391637,0.15177551074576456,-1.1107501246739986,1.1704333643367875,1.5766458543553767
"JSDu, SD=4    hidden_layers    27",-4.621646485824684,-1.6684061679947888,-1.903323650744312,0.21203363003607478,-2.244192752009255,-4.7894234152095265,-5.064685475058425,-4.2594490357898,-2.6544703859011776,3.0044131018719185,-2.6565389499688052,1.2870805884267185
"JSDu, SD=4    activity_regularizer    L2: 0.01",-4.287704191153949,-4.965489166662962,-5.9220683513075585,-4.4411815460222215,-4.9787915023416645,-6.100417998137075,-5.582687265667261,-4.782069921776028,-5.682727566038508,-4.856260311858165,-5.630208659900944,-5.928273559158711
"JSDu, SD=4    activity_regularizer    L1: 0.01",-4.728564654797779,-6.123163879781032,-4.633368266042595,-6.69190534950441,-4.439179429384922,-4.037727272136834,-4.159368050783726,-6.119912734274777,-5.272777400710893,-5.4275003948458505,-4.3832423955390425,-3.7302753047113555
"JSDu, SD=4    activity_regularizer    L1: 10^-4",-1.5620667416493887,-2.675733308596662,-0.4497916980368899,-1.2909169615672909,-1.5751341591850831,-2.104569811936244,-1.3150221341356598,-1.832466169764686,-2.0503893400665874,-2.26198428093835,-0.6004673568052397,-2.1433292836297255
"JSDu, SD=4    sigma    0.005",24.776785946172566,24.507330797713692,20.60071314015984,24.20925491746658,25.49640663664701,23.643677506217117,25.834804379698497,21.209514548163924,24.99229261760324,24.47361357149505,25.354269370534908,22.8428829949535
"JSDu, SD=4    sigma    0.01",15.781751333405026,14.346021684930236,15.23864413169781,14.124474715422025,14.637751779679448,16.129538443400804,13.784639677564257,14.260197224440859,13.194680842499508,14.000561195441435,14.23781281806194,13.80199909780734
"JSDu, SD=4    sigma    0.05",-4.578634487335748,-4.653259862160851,-4.3389404278480725,-4.597292503249221,-4.096281690164361,-4.132645760401559,-3.7210545718427994,-3.7381270029424343,-4.5518869775106765,-3.6047548351451724,-4.245466790730703,-4.571286671336111
"JSDu, SD=4    sigma    0.1",-2.9325989690465804,-2.630786761605677,-1.9822603478316552,-1.7858293272459775,-2.821318394323953,-1.800423154050506,-2.500665646944185,-1.963191597580817,-1.7601756898123142,-1.9393066441432865,-2.5316762904027996,-2.510664043591504
"JSDu, SD=4    sigma    0.2",-1.2775126835733772,-0.9316336333037185,-1.6286851530116024,-0.9566820704349936,-1.5375797696681275,-0.8598420802948823,-0.5253211405879625,-0.586180325208133,-1.1240835525656223,-1.7836747637629031,-1.7110436124919914,-1.3494371707262474
"JSDu, SD=4    BN_size    2",0.42341086193245303,0.14502419845049985,-1.331983316429529,-3.3800624010808775,0.5132648560216353,0.8409111060351364,0.9143946671445349,0.3151767763853144,-2.8941085373350717,-1.1195361801597983,0.9717864127219968,0.272553240744287
"JSDu, SD=4    BN_size    4",-1.6054802842942308,-1.274171597891538,-2.1271140765587973,-1.674196883833872,-1.441394127243072,-2.3773227175510385,-1.3443506062120179,-1.4454782289776347,-1.0837499848485805,-1.553733522590747,-2.158862255954844,-1.9687852669661225
"JSDu, SD=4    BN_size    5",-0.8231681730637348,-1.4175521116223706,-1.9136645871972462,-2.2821637554548033,-2.0000373416603026,-1.4187843293946258,-2.2906932289512127,-2.37375583429899,-1.67168740150521,-1.7681826039389676,-1.6566453281671016,-2.0226215419899205
"JSDu, SD=4    BN_size    10",-11.397711167902514,-9.594301569295908,-9.4697870301911,-10.459478641545246,-10.952184686646063,-10.128381933192188,-10.294877750203753,-9.55947145568706,-10.117932155815112,-10.151804899230314,-11.349339361265535,-9.039025835921294
"JSDu, SD=4    BN_size    20",-25.514838337931494,-25.16760042458806,-25.710948685734763,-26.798108395883574,-26.143176298157,-25.319943339513742,-27.151673598640187,-25.07245269101668,-25.237560021327084,-25.535583231788607,-26.25422421318909,-25.331177391268753
"JSDu, SD=4    BN_size    30",-35.70673318321997,-35.56429712971416,-35.52510721403857,-35.324950772777925,-35.30374902766377,-36.36994929627576,-35.75982200254032,-36.042093560076836,-35.527512827739116
"JSDu, SD=4    sampling_density    15",19.896672123732202,17.62854030435004,18.99827627145794,17.42355306564957,19.336871458970847,19.31674692496702,19.04031754147158,18.86316764963378,18.736005812763622,18.0352257023207,18.380821331809372,19.98133633865079
"JSDu, SD=4    sampling_density    25",20.187601976505945,20.293449284811103,20.623375581339815,20.871334376395126,20.752758692387445,20.30161339394145,21.005739708438014,20.426241009112402,20.073995609004697,20.752578705119504,20.701538271632828,19.64045564073689
"JSDu, SD=4    sampling_density    50",21.617119939184036,20.730138298068482,21.140547733116236,21.184165944839464,22.15543042475285,21.583456458788206,21.58149121128966,21.17658181192604,20.897841887442056
"JSDu, SD=4    sampling_density    100",21.742905234481555,21.41279736515473,21.599517234273762,22.142073604061665,21.21751608622587,21.206461504785807,21.566532672348984,22.14508368448891,21.553349126229875,22.02237306095445,21.941996640150492,21.47137706700194
"JSDu, SD=4    sampling_density    150",22.141641377514105,22.66331137703594,22.61500689062362,22.09852817319741,21.475779104157226,22.081476177186502,21.98735471048441,22.532357951669397,21.962999732088235
"JSDu, SD=4    sampling_density    300",2.4385230862150706,6.03905609931472,5.572663222056022,4.280569220611483,7.516738466953242,-6.079410225249802,3.162462568383148,-12.784086552044727,8.229935396810177
"JSDu, SD=4    gaussian_noise_sigma    lambda SD: 0.01",-2.760740159103463,-2.826760083738378,-1.721738018711605,-2.931104631137501,-2.144890159920976,-2.8408059506643895,-1.2876865424301087,-3.001152201511715,-1.2733997720403636,-3.11898058435186,-2.1788826313793663,-2.683365251784508
"JSDu, SD=4    gaussian_noise_sigma    lambda SD: 0.02",-0.6732479963457365,-2.9435897286492576,-2.2358305300519703,-2.4313180225619533,-2.6279581432236796,-2.128648435440212,-0.10480698684459355,-2.3975649088791755,-1.318706492591943,-2.5912818846859125,-2.274795872708154,-2.9104500586468163
"JSDu, SD=4    gaussian_noise_sigma    lambda SD: 0.05",-0.7081993654197305,-1.754335133705382,-1.323270354304995,-1.5620897106972649,-1.1087567818005368,-0.2931351973851406,-0.8947958592655993,-1.1446332687540632,-1.6066599331018239,-1.4900409103623815,-0.9199751904264701,-0.3363454874144054
"JSDu, SD=4    gaussian_noise_sigma    lambda SD: 0.1",1.500825211574309,2.6290817718170274,0.7761758114652224,0.6921026323222605,0.585556112570984,2.306066861715493,0.17576218069834226,0.48889534338836427,-0.2653462947637024,1.4572346830224916,0.2619569526018921,0.2699716911991885
"JSDu, SD=4    gaussian_noise_sigma    lambda SD: 0.2",0.4203901775588008,0.3786659186839074,-0.10777929793421492,0.5578495306392597,1.1453247168040406,1.5016736768641579,1.3578289447822982,-0.5115265666665607,1.735558530119448,1.01030346329415,0.6535399965643052,0.7852291881631572
"JSDu, SD=4    gaussian_noise_sigma    lambda SD: (0.01/SD)*100",-1.3700265623945995,-1.1178746355406872,-2.6142137204329856,-1.1872951460029668,-1.9620429310260334,-2.216886291508402,-1.7606378978963448,-0.6856980072722507,-1.4619546969494621,-1.486170193566977,-2.484385060845824,-2.1935886035019365
"JSDu, SD=4    gaussian_noise_sigma    lambda SD: (0.02/SD)*100",-27.502364682096484,-26.4048716382366,-27.063651177908852,-27.766468284633945,-25.342051236091976,-26.08144578806133,-27.71151949156433,-27.772745236345614,-26.68532779015841,-27.375807017414203,-27.5609610396493,-27.039778223369538
"JSDu, SD=4    gaussian_noise_sigma    lambda SD: (0.05/SD)*100",-69.75610276574494,-69.57585234318813,-70.17169479695124,-69.00725775373039,-70.98924053724909,-70.64971924303751,-69.84668723275317,-70.94016040500918,-70.81262512533786,-70.31957782118045,-69.86113132431817,-68.55841815986076
"JSDu, SD=4    gaussian_noise_sigma    lambda SD: (0.1/SD)*100",-79.89695627035297,-81.47433719066316,-80.42889285180408,-81.20775778403967,-81.0414984757378,-80.63790366393059,-79.52123846155138,-80.61799347645513,-80.44694519052112,-81.4524656462253,-80.26225077892349,-81.54999639181045
"JSDu, SD=4    gaussian_noise_sigma    lambda SD: (0.2/SD)*100",-83.30644926938993,-83.05193186448952,-82.70039131572565,-83.19189037205302,-82.95317762552733,-83.09523237920627,-83.86985498757582,-84.0322796319154,-83.38557433091768,-82.1821972538718,-83.35148818599467,-82.54415388753006
"JSDu, SD=4    missing_entry    0.001",-182.5723613353626,-262.05890005630704,-239.87542537577923,-100.49937334276359,-129.80612351565907,-215.47512605078128,-219.68029210729043,-139.7693256528472,-144.976082646379,-110.3494125508758,-272.43538059629685,-194.0285071172143
"JSDu, SD=4    missing_entry    0.005",-19.501809827322788,-41.58962139553583,-46.399210818657565,-23.775788845777413,-28.96041236796941,-34.083500089083316,-26.493204038842975,-37.42916552541442,-13.45139291286418,-9.041844939669005,-19.892218651186127,-16.911414431375306
"JSDu, SD=4    missing_entry    0.01",-18.534476292110057,-7.976982579622742,-15.150415382613318,-12.624847415080978,-7.1255028894816235,-19.569762714598454,-17.786094544323092,-12.342435781731936,-5.670890721300367,-1.869740333724181,-16.340363196289758,-15.07555465202563
"JSDu, SD=4    missing_entry    0.05",-15.035137560584431,-7.476818876879307,-8.922001341876452,-10.012975488440617,-7.031200115027417,-3.511388877750278,-9.681360860234278,-5.907938622491855,-7.095423490705855,-6.768146274610771,-6.366577379694846,-5.392913515817426
"JSDu, SD=4    missing_entry    0.1",-9.413527168543766,-6.851435764734191,-6.849965688087153,-9.74007148122304,-9.982166169703675,-10.930185120797233,-8.818797793415328,-8.982935597219793,-6.261719985508108,-9.120146224125548,-10.130270353205916,-6.5128938714619835
"JSDu, SD=4    missing_entry    0.5",-3.5650109775313155,-7.308863643502164,-7.423696155535069,-7.27386615092891,-7.23731445378769,-7.433366278091725,-7.184491267977563,-6.610415669066313,-5.689326421125429,-9.38453828228809,-6.917757420645145,-7.59521743812013
"JSDu, SD=4    missing_entry_combined    0.001",-0.5753640837857859,-1.0327717276916104,-2.235703798390759,-0.4165189357499912,-1.2907763343769432,-1.7895089535479372,-0.5451545008363468,-1.6862955124863248,-1.7620865532074816,-1.752295256865537,-1.9875694952690424,-0.6209332403242911
"JSDu, SD=4    missing_entry_combined    0.005",-2.232240148784797,-1.6716048001535029,-2.2214141283769777,-1.2881719652632029,-1.9780637991633796,-2.0290736767260285,-2.194779300034952,-2.002668068071472,-2.8108959118208787,-3.59900645540516,-2.8451856573241514,-2.226125327228658
"JSDu, SD=4    missing_entry_combined    0.01",-1.9222099531665293,-1.5441345136049875,-2.105861573350836,-2.165777317204487,-1.7051473922692253,-2.7647728443489115,-1.9965953903051172,-1.9094520565289486,-1.9375736450045622,-3.022888935487245,-2.2149287975164924,-2.3337939290775296
"JSDu, SD=4    missing_entry_combined    0.05",-2.480432146141908,-3.6056760428759276,-3.813681100441073,-2.6522895374400974,-4.185673794634013,-3.9020456380108897,-4.255621030860354,-3.3719867676915527,-3.0132047948034995,-4.163750726531433,-3.16923581909883,-3.46908391188002
"JSDu, SD=4    missing_entry_combined    0.1",-5.390681096187095,-6.085994371260554,-6.163023212386918,-4.485363338729556,-6.33468162822723,-4.848458051160577,-5.942265588564325,-5.219988527944992,-6.523788510598635,-5.504079018839747,-5.922804664802683,-6.129295448717471
"JSDu, SD=4    missing_entry_combined    0.5",-9.102717995017471,-9.312062654777279,-8.086380321287265,-10.080209555598174,-9.875360636274976,-8.640154756006226,-9.42604605363428,-8.651554058913845,-9.332905116840294,-8.13631182322699,-8.588351677217076,-8.961746066472685
"JSDu, SD=4    missing_entry_no_denoising    0.001",-775.4688188246433,-615.2894515508984,-646.4174505897063,-533.7800244822186,-595.5403783795639,-755.0270730163563,-722.6426395414695,-548.3877989945828,-541.9970277975733,-672.4885881256208,-591.3829586846583,-690.4955513045855
"JSDu, SD=4    missing_entry_no_denoising    0.005",-169.27175235052772,-155.13517961954926,-171.45169748248622,-177.65136010313586,-169.3888497654903,-186.73229580834527,-181.95660450628856,-177.20817466950717,-166.88655705837795,-165.33534942976172,-175.4501219688476,-156.768654812342
"JSDu, SD=4    missing_entry_no_denoising    0.01",-97.13102729299061,-95.1665417855007,-82.58408562846421,-89.02276890052903,-84.94560199199995,-89.69278365152562,-82.3049132210785,-90.58425400190751,-91.94284517327682,-93.76717793854479,-88.89677938489913,-106.44273844717921
"JSDu, SD=4    missing_entry_no_denoising    0.05",-18.247941607096095,-17.841915829538422,-16.93909562894966,-17.809088301569545,-18.960020019020845,-20.02894938465083,-18.216550964768984,-18.21153229961564,-17.623549743760734,-19.176312257646217,-18.946283367458605,-17.24307445979585
"JSDu, SD=4    missing_entry_no_denoising    0.1",-9.550436433227333,-8.126454451340607,-8.846518068606912,-8.752835952725931,-9.542210406892536,-8.504613807528926,-10.51529932430708,-8.936389699380939,-8.899949236459122,-8.097595710960746,-8.350087503665492,-8.312587277286795
"JSDu, SD=4    missing_entry_no_denoising    0.5",-0.8933814214801146,-0.9772378608837755,-0.9570282500326783,-0.9751031374969443,-0.8826421331417293,-1.3444850314448757,-0.6826362715301002,-0.978047224904131,-0.7760801908119674,-1.00708522884932,-0.9628192943600595,-1.0052910546795175
"CCE, SD=100    training_method    supervised",99.19420138226906,99.09189932974488,98.85752534700993,99.12696961140253,99.075931134474,99.12937337994256,99.29531959689974,99.0583605021205,99.02791799871801
"CCE, SD=100    training_method    supervised_2_percent",-17.10433976289106,-17.548040383439556,-18.98402805313252,-23.380055345293073,-20.480690891092024,-14.53908561430093,-18.665573444464414,-17.332132480556496,-17.842871869549896,-12.885910064152668
"CCE, SD=100    training_method    semi_sup_first",0.020302446543723818,0.2999299319340736,0.33712265466385816,0.10578199520718101,0.7312314758311373,0.572056718279967,0.11728925247813038,0.31789044144002787,0.5159632835282224,0.2963009094119258
"CCE, SD=100    training_method    semi_mixed",10.047605896132367,9.446624855338243,10.21285381750971,9.349908248251154,10.82487582415203,10.830296498870155,10.615517728570481,9.642530008530713,10.143655879505388,7.8663603062038305
"CCE, SD=100    labeled_data_percentage    99",98.96725009148791,99.36535799423378,99.0006614796186,99.11122503022978,99.23762044632261,99.01720571877212,99.01889305666516,98.96890742868355,99.02925210419326,99.2036187687576
"CCE, SD=100    labeled_data_percentage    50",99.12527829227488,98.93522024063586,98.86770821191824,99.13764411565505,99.01488067430212,99.0271233953721,99.09710045418227,98.91228740821292,99.08717199652365,99.23052573294467
"CCE, SD=100    labeled_data_percentage    20",96.82968534558272,97.04162484119608,97.05263250828456,96.8339005872002,96.74411170532062,96.81553758626649,96.73570979099557,97.08463570579768,96.72093750180586,96.93957254901949
"CCE, SD=100    labeled_data_percentage    10",94.15375986806032,93.83743849390751,93.87228021384584,94.26975877652198,94.39215779535515,93.95566270500707,93.87543615842921,93.95390307087443,94.2348976413821,93.9400386624615
"CCE, SD=100    labeled_data_percentage    5",88.84409084650615,88.91615384333849,89.31614776557252,88.30785699876803,89.13369085545614,87.72852752988891,87.99947220256946,88.2737095787972,87.23163171662094,87.08326757181858
"CCE, SD=100    labeled_data_percentage    1",47.94259716983102,51.57382012561666,50.11463650720287,46.309186649586174,47.06070583904507,51.42779590083711,48.7799535573052,48.75692697106182,49.895253018639686,50.02814531347203
"CCE, SD=100    labeled_data_percentage    0.5",28.202282629204134,26.79866873046295,29.326413355445084,30.867640217471035,32.46590854482572,32.53988810727006,25.73503110179017,28.471250645650343,31.055877869726345,33.97014199942895
"CCE, SD=100    labeled_data_percentage    0.25",10.264044604082642,9.178551592302085,14.255746788612214,16.628855337832917,15.694175092715753,14.337801251626601,12.147669075890022,12.640769234065814,14.577976918992562,15.125031517099757
"CCE, SD=100    labeled_data_percentage    0.125",-0.3512215021792713,-4.154262994544595,-5.567198249818205,-6.471330920245833,2.112036249650103,-7.744959527148183,1.0990557082161558,-5.81256901202498,-0.4709155365201241,-1.7586441430543402
"CCE, SD=100    labeled_data_percentage    0.05",-18.157908502817705,-16.220940782056346,-18.369693378813807,-18.154191105711007,-31.52611690186464,-7.198216517574153,-30.75226090068236,-34.99738607967214,-30.579827812640247,-20.80732119834248
"CCE, SD=100    labeled_data_percentage    0.01",-47.853840828703284,-30.498948520298654,-46.089954280504,-29.8726058341,-45.699927669613515,-49.180032705341574,-57.44033067824628,-27.66972686971441,-49.8341334940059,-47.30695222255903
"JSD, SD=100    training_method    supervised",98.56942024153547,98.42304577305936,98.70673918718649,99.00036176726921,98.5371960609392,98.51028621820329,99.0952125263804,98.40472745151423,97.30637552334255,98.81779505937088
"JSD, SD=100    training_method    supervised_2_percent",-20.29086913881399,-17.031400005201576,-16.507832008352437,-19.536535399854614,-17.520524263676464,-13.06883976539038,-13.174384296231352,-15.232341951988616,-17.427353637656026,-22.02049529862886
"JSD, SD=100    training_method    semi_sup_first",21.22316697846115,22.488804038354502,22.159446409574755,21.84431040888161,21.633890582509324,20.972386676414203,21.691722267582122,21.130270724356222,21.625189545126418,21.198349952634146
"JSD, SD=100    training_method    semi_mixed",31.542684180390665,31.067452060708888,31.320436856058166,30.68068590580809,30.928543025406185,31.91418035002289,31.398235935084713,31.75536030435434,31.685388599540616,32.207615989644026
"JSD, SD=100    activation_types    ['relu']",-31.522744823626425,-23.93805123347198,-24.99186531236265,-29.811663192135796,-26.538942688079118,-29.88928111751767,-30.076551588981516,-29.49585720936659,-25.182114951730313,-32.159982816744815
"JSD, SD=100    activation_types    ['relu', 'relu', 'relu', 'relu', 'relu']",79.64358980506319,81.32877779359431,75.46658179937751,78.53298434185388,81.1921383390621,79.0052914024927,79.21205537718902,78.78643285134773,80.03946566391156,76.50743859612521
"JSD, SD=100    activation_types    ['sin', 'cos', 'linear']",64.45591541544988,67.08408471179689,67.07840942635433,64.40433630638344,59.33199867399031,56.03421266087034,67.17938095117563,64.97193110517463,61.44645013797764,67.40511132339462
"JSD, SD=100    activation_types    ['sin', 'cos', 'linear', 'relu', 'sigmoid']",74.84406452094215,74.33280044764015,75.88474547631274,74.32852287964342,74.88229878382441,74.08321556617955,74.70252092860022,76.45961923778282,74.60733034756026,77.944023784761
"JSD, SD=100    input_layer_type    dense",71.52486556634082,74.84707660391132,71.24400086740683,71.73713918716643,74.71780499446044,72.66452675748404,74.95725742201486,74.78909040377437,74.23031328486279,74.29150468895013
"JSD, SD=100    input_layer_type    gaussian_dropout",75.910461904391,76.58092077520031,75.9042098398291,73.7506582960617,77.37563261957936,75.8717547662881,75.0294374684058,74.73297645956828,74.67501221842213,75.20639726844603
"JSD, SD=100    input_layer_type    sqrt_softmax",-15.196099875945407,-15.285963542221097,-14.350330452773818,-15.346608482933505,-12.416321637776178,-1.040963799191431,-9.465335710019218,-13.078380248060867,-14.686594379449545,-18.589586959335364
"JSD, SD=100    input_layer_type    gaussian_kernel",71.80859107617141,75.72898437383336,73.10621635815384,72.9314630829534,71.6909240079453,74.37513663942447,69.9010074200169,75.18149438600769,74.22811163155983,72.9002146581446
"JSD, SD=100    input_layer_type    CNN",76.7411784655136,76.9592969464306,76.13812662015808,76.78469941943666,75.20932229450925,77.62845300696893,75.38951812178514,77.18952474230227,75.22384891135815,74.7560011138433
"JSD, SD=100    input_layer_type    VAE",-131.93936414977927,-133.0152114572321,-131.2983619487709,-133.10876965154142,-132.35683936174527,-132.5773558914671,-132.3010031592835,-132.448672479897,-132.6000725371148,-132.3643073419448
"JSD, SD=100    encoding_dim    2",69.2097558529867,70.25160464895609,72.64577456306719,74.74498263910206,69.52239119857528,65.96800998977909,74.40459057740983,73.30489641869355,69.57638913949866,66.28755145739078
"JSD, SD=100    encoding_dim    6",79.15523379201957,80.42098367840721,80.55490047902893,80.28059681298637,80.01756697777311,77.12557093166438,80.78999071774192,78.58176823212615,78.44782924061744,81.2126382201912
"JSD, SD=100    hidden_layers    5",76.68514771954545,74.51745917372395,81.13296433799515,77.96878907574158,79.96409054864588,79.03010546041682,80.60512857749781,81.05786763067756,77.23447969292975,78.38506855159727
"JSD, SD=100    hidden_layers    7",35.95010264882522,37.1160287450848,40.926379626564646,32.30217440804874,35.876173533345806,36.59052260189008,33.05976797617757,32.989149787258356,27.22673863876632,42.30019482608685
"JSD, SD=100    hidden_layers    9",-68.58873389911122,76.8844043301059,-69.74721218868302,72.1507566694381,-68.24531132337458,53.164066246690496,-67.30089200217213,-67.53284665134149,-73.68341755234894,-65.12283361054548,-70.05170116562888
"JSD, SD=100    hidden_layers    27",100.0,100.0,100.0,100.0,100.0,100.0,100.0,100.0,100.0,100.0,100.0
"JSD, SD=100    activity_regularizer    L2: 0.01",44.28061015691567,46.49639736347346,40.69313535803391,46.42316121876937,48.29488072421695,40.27288142716644,43.91919863316954,43.191238296047246,44.27096984333064,45.38300534919123,49.981070198847675
"JSD, SD=100    activity_regularizer    L1: 0.01",1.3636837074752037,0.10841237103761614,-3.3431521201263052,-7.3682727246983575,-5.782084076242157,1.274871336565056,-8.876269391449398,-1.1419058962521547,-11.277801494384889,1.4121473191531209,-0.6806633187880067
"JSD, SD=100    activity_regularizer    L1: 10^-4",77.09048785721174,75.24673498927643,75.59942736981141,75.47304328358636,76.33195026001206,78.08950569794595,79.30153022116606,76.98543278861507,74.42881924810649,77.88415918186163,76.60009929041578
"JSD, SD=100    sigma    0.005",80.78101708595784,80.98822634557786,82.87405989550723,80.59789365617263,82.61608611884054,82.73393666129024,82.9141100467041,81.3153849185611,81.35480332439852,81.60076131832703,82.66675987295588
"JSD, SD=100    sigma    0.01",80.84915502891349,81.03061360548801,79.59732141363182,79.48174757285338,80.49255463477705,80.1477150645879,79.6393203701914,78.708450033943,78.90041746834444,79.59609664799304,79.66334492855833
"JSD, SD=100    sigma    0.05",65.46235452956704,65.36060262251195,57.62646631113478,59.30949016236385,65.51286085370288,59.50110409039336,64.82665911958253,61.708819823478,65.6657791153809,64.47081268608292,62.79280816644065
"JSD, SD=100    sigma    0.1",42.47602861851758,42.03295597573906,39.385020257070074,37.89205968064273,41.62666468931584,42.74782290572512,41.48846488138309,40.952435252013856,41.19974173454645,39.78119839993161,39.30262456957175
"JSD, SD=100    sigma    0.2",18.812494487444397,17.92988566589844,21.04584677999118,19.15588149878336,18.280207476947098,19.68149351003298,17.88362355250797,20.667700853293127,20.035035316902466,20.619501627666423,20.982163794076442
"JSD, SD=100    BN_size    2",86.07759418419319,88.1869759408666,89.1620924970486,86.3110428690245,87.0916504879506,87.44546782569887,86.20940067629019,89.21052174178607,87.13836267070107,88.30064354229937,88.69663601709662
"JSD, SD=100    BN_size    4",62.17604590984151,57.325695024498344,62.40673325066382,61.862228347206724,57.47724232105759,63.821215005905806,63.1705377463044,61.076268466520794,62.650712786066045,62.64371320690123,54.47863697884865
"JSD, SD=100    BN_size    5",10.18237626827343,17.32736309069709,28.13774361366673,26.77052688138147,28.415662617688994,17.460710844853082,24.000233230769254,20.34568870599027,20.267890865624807,23.84627050277858,21.302458471301364
"JSD, SD=100    labeled_data_percentage    99",98.78823549959614,98.47482867708409,99.12922599384204,98.38300117852606,98.59493470982822,98.89121515782895,99.14176464491665,98.57461408252534,98.42032217686608,98.46695932228126,99.11775165788661
"JSD, SD=100    labeled_data_percentage    50",97.77855681957278,98.52350766427992,98.58977402855305,97.9446991328951,98.6615007361985,98.51215180181443,98.72219851447541,98.832089597439,98.56861677733836,98.65594992656236,98.65631390514946
"JSD, SD=100    labeled_data_percentage    20",96.56795734073647,96.72386817099085,96.56371985385981,96.47859461241119,96.2618409063048,96.5642906566465,96.54435720987252,96.19263255062558,96.60197156247676,96.68421538695739,96.37733523331293
"JSD, SD=100    labeled_data_percentage    10",93.85159338721174,93.62734693614968,93.23370029653822,93.60046627065056,93.42291871454506,93.53393353086204,93.41559469750209,93.4803123543948,92.9564500480509,93.61366850094319,93.76823040093815
"JSD, SD=100    labeled_data_percentage    5",89.4056915070944,88.7898392403862,89.8286989004518,89.48875620976189,88.40124482220816,88.7155812190735,88.68441886981071,89.66530064436165,89.092345661142,88.68485935852163,89.64905598000547
"JSD, SD=100    labeled_data_percentage    1",63.21794670331219,62.65027786218198,63.00018716957422,65.56611211577223,64.30788887926363,64.67515998799443,63.65562870354594,63.6661127942957,66.01909125281774,65.00622510496959,63.512533855016315
"JSD, SD=100    labeled_data_percentage    0.5",47.25002593859275,48.39356991285889,49.493665119024435,51.23676453912501,49.19539659708098,51.902118901974326,48.57182749787473,53.6963667384014,48.138491298641426,46.017015064676116,48.10513920620381
"JSD, SD=100    labeled_data_percentage    0.25",31.406371376822193,31.779520002114552,35.09321775102967,33.444340309586934,31.849254642516556,33.12930146651351,35.49605185769266,32.06853883973966,27.32103257777692,32.16908267288015,29.930818210821144
"JSD, SD=100    labeled_data_percentage    0.125",18.321676379701003,19.464942956668835,13.907223989017297,19.319746376095566,15.923421294319041,20.523118557019842,16.75465201887134,23.11623747336543,17.947929931941232,22.62672508740127,22.670984624933737
"JSD, SD=100    labeled_data_percentage    0.05",-5.911301941808901,7.042853882418797,-1.2257984041056034,0.5615928816251454,0.9006999667586086,7.430738835405009,2.283057373352136,7.481160850269902,11.187260016096118,5.832906325571955,4.800451421416852
"JSD, SD=100    labeled_data_percentage    0.01",-30.110030235862325,-39.93334292834089,-50.615987194279484,-7.792831659740983,-5.121167933410888,-20.651259345539714,-24.45113549082896,-18.97405776812211,-12.45276731817988,-19.685791589467485,-11.507008815842852
"JSD, SD=100    gaussian_noise_sigma    lambda SD: 0.01",78.1003593213534,78.09067415383538,76.65079410767365,76.53302084304725,75.93830090369036,76.63152038184651,77.18248699246982,77.47916031767195,76.72372042311676,76.5851784461328,76.23643087250369
"JSD, SD=100    gaussian_noise_sigma    lambda SD: 0.02",78.0506176608666,74.06957654363131,78.64345100061189,76.84622561761017,80.15240576628052,78.52008508870607,78.9653484994873,76.786772758127,74.95434262830416,77.40938133414024,77.11976592581814
"JSD, SD=100    gaussian_noise_sigma    lambda SD: 0.05",35.497185088380306,43.279513686772866,41.8407890000169,41.75199183698603,37.27849155775349,41.957770982762575,45.02473862388721,45.59348055811574,45.57972715014669,44.4709133838179
"JSD, SD=100    gaussian_noise_sigma    lambda SD: 0.1",-1.8893866325287263,2.4427033551081507,7.2310392353599156,2.033568620325511,2.6742093093899513,0.5117174618579128,-2.466708338045194,1.8528589481584419,2.776849124682059,1.1696143988092729
"JSD, SD=100    gaussian_noise_sigma    lambda SD: 0.2",-30.616738439924234,-36.05304684748998,-39.65300943231924,-38.02692634620155,-35.42730277108504,-31.254968576875854,-33.882016839786104,-34.011981322622745,-35.1800374238145,-35.86926294651539
"JSD, SD=100    gaussian_noise_sigma    lambda SD: (0.01/SD)*100",77.55982362787127,77.08452719687892,78.80267380247184,77.34332806023443,77.53334724150929,77.84850591582507,78.87103935998896,78.34131257101954,78.71597980824065,77.88947819093158
"JSD, SD=100    gaussian_noise_sigma    lambda SD: (0.02/SD)*100",77.14913253855357,78.88881415486892,76.38082664681319,76.39134203707853,78.44378514568659,77.8476068768105,76.22626765321557,77.35978215456407,78.757457329428,76.00719367707799
"JSD, SD=100    gaussian_noise_sigma    lambda SD: (0.05/SD)*100",42.198135486052834,39.0366318429305,42.95942029667906,39.17703904020334,41.20792315254651,46.96967037425718,38.039941644935524,43.360426292605766,46.81183795987907,43.45996437656342
"JSD, SD=100    gaussian_noise_sigma    lambda SD: (0.1/SD)*100",1.546424826524671,3.8997471414170803,1.6765195963991886,2.9578675009617115,0.6788584892832574,2.832209143951843,3.597702113210673,0.2689033816033799,0.30258040034279077,0.8211844499846848
"JSD, SD=100    gaussian_noise_sigma    lambda SD: (0.2/SD)*100",-35.42878871252378,-31.72009700198123,-35.09514433677336,-35.411907042314624,-40.82533732156068,-36.92833612650594,-32.627085418202654,-35.236972409288285,-34.72141748237124,-38.05163291157078
"JSD, SD=100    missing_entry    0.001",-1968.4354112665478,-1054.7112983926268,-984.8269774556579,-1261.003596191371,-1233.1608943459555,-1187.4139556089294,-1393.6389763368454,-1573.8319539725333,-1070.8333121799928,-1024.8129704621997
"JSD, SD=100    missing_entry    0.005",-200.10282814689072,-280.88348153472225,-257.4064188839293,-273.820402238638,-321.74421666839044,-349.8771073600053,-339.2197830596505,-261.75488520544184,-353.6616705585468,-315.11386605057174
"JSD, SD=100    missing_entry    0.01",-149.1370771233716,-177.7329266364303,-153.63199579313917,-194.10607291496416,-211.00436415011342,-214.7806556738376,-160.6800428026179,-165.50312634037232,-186.43425179531152,-184.15106533134934
"JSD, SD=100    missing_entry    0.05",-108.62748967599111,-112.30798941540417,-82.3610972059733,-99.79214526492152,-78.3252827193842,-87.87187376015069,-93.50632367984872,-86.39431746762824,-67.58214324910003,-94.00160012968843
"JSD, SD=100    missing_entry    0.1",-70.71904372775674,-99.97465217612361,-89.28697105244856,-73.55090826541189,-82.3975346179848,-79.182755325216,-39.387497365517305,-86.66210274674219,-119.32205918259302,-87.45869697653552
"JSD, SD=100    missing_entry    0.5",-11.616576283920324,-11.215981438907107,-11.911036140335668,-12.22424817270003,-13.059737735239196,-16.167080282875048,-13.340517236516575,-13.816522606311452,-12.91189238899095,-14.20355369797619
"JSD, SD=100    missing_entry_combined    0.001",77.87610712647837,79.05440266254348,78.22699986188219,76.26808898762297,76.96624107259977,77.10955379390217,77.70119831826473,76.2795610840142,77.66880646653524,77.89204723636256
"JSD, SD=100    missing_entry_combined    0.005",77.28242664490227,75.84726976109201,73.65425030974757,75.26680836542704,75.32403499787647,75.41833981175162,73.09844311763945,75.473888533318,74.95652082003066,71.15852332055609
"JSD, SD=100    missing_entry_combined    0.01",75.62820036947298,73.72090274708972,71.91349557278733,75.54317071389458,74.00751286325313,72.36634546413718,75.36184169309064,74.92845709982524,74.07027161142861,75.17716524377585
"JSD, SD=100    missing_entry_combined    0.05",62.55902748217327,65.36948219554277,64.22333758073961,61.68529351231998,61.56847352928369,62.918886387504514,64.70996507463798,60.324063921355034,60.040445958248135,53.602065980549916
"JSD, SD=100    missing_entry_combined    0.1",47.69412102408504,49.657176028914584,51.154380517909374,46.39853904420744,47.71886452370106,45.400225483993175,46.40708680507659,52.126646192525115,47.32053505768816,44.49510959079943
"JSD, SD=100    missing_entry_combined    0.5",9.589914821390025,9.19254945956186,11.28400129814817,11.656309263778596,10.25852202667123,13.474496094536036,13.436523945705872,13.537556978814294,12.596915643655208,9.992983859712027
"JSD, SD=100    missing_entry_no_denoising    0.001",-3079.180359895811,-1892.9963826073629,-1183.5463832258165,-1390.725710311763,-1727.5974815731322,-1285.908119767917,-1403.2429697150967,-1416.774671343144,-1382.3959903821724,-1630.141334603098
"JSD, SD=100    missing_entry_no_denoising    0.005",-459.43426857122984,-427.51727623263605,-380.1421356802002,-367.87133578472293,-338.8058195051028,-298.70742058205417,-341.64094006031456,-275.944615857217,-587.9559955526701,-266.6439661748151
"JSD, SD=100    missing_entry_no_denoising    0.01",-249.44839997872418,-244.34544438644957,-206.2361295356655,-136.7278021730103,-327.93766004651576,-186.93231142539736,-176.33329932381633,-301.9016974811588,-306.1167817022536,-226.60642499406106
"JSD, SD=100    missing_entry_no_denoising    0.05",-86.17796189690671,-93.84741949388362,-112.70950212585856,-97.98685133229378,-117.0923932896437,-60.770688638003094,-62.23335839251291,-54.168451327608324,-81.56407482505554,-54.664962846635916
"JSD, SD=100    missing_entry_no_denoising    0.1",-48.82163389094012,-63.26563909886491,-31.11668793792225,-85.35772156326865,-28.164723613373695,-46.051046790348806,-25.346038880318744,-35.94691576909494,-44.86342334767022,-82.69502060434743
"JSD, SD=100    missing_entry_no_denoising    0.5",-7.943340776965428,-5.985974866005293,-8.26690687553986,-6.9163616090182956,-9.768183104339457,-2.6220035765111476,-10.338198890554366,-3.0146455780276256,-4.739290910549897,-2.2223764101807433
"JSDu, SD=100    activation_types    ['relu']",-43.24694542615518,-41.84154968186161,-40.69085997238702,-48.8446424886111,-51.973231924157716,-43.14856060702087,-57.868150711687974,-42.49245798717311,-42.013578123341034,-42.50413280325304
"JSDu, SD=100    activation_types    ['relu', 'relu', 'relu', 'relu', 'relu']",19.159405947121385,20.668949346941716,20.280044516761834,19.972218753521958,19.323980549076282,19.203196724277475,19.519187451031797,20.574497314509927,18.805166636679417,20.161580372603197
"JSDu, SD=100    activation_types    ['sin', 'cos', 'linear']",23.06067868372965,21.7501441537881,27.811613369689923,22.00930619967984,21.440955783716632,25.95487257923449,29.396648591309784,25.93930424286806,27.661410325107084,28.21370837871072
"JSDu, SD=100    activation_types    ['sin', 'cos', 'linear', 'relu', 'sigmoid']",21.672368147625434,21.988324634503087,21.22179718072212,21.1650513435858,21.766887329855223,21.826634495421303,21.73502361181049,21.656535110310998,21.244157012630836,21.583512552727015
"JSDu, SD=100    input_layer_type    dense",18.318141269123174,17.64602412811513,18.23200781931496,17.384388384363035,17.729889358729636,17.96233387288048,17.58348591319931,17.50721576388584,17.907638143448906,16.92681872669195
"JSDu, SD=100    input_layer_type    gaussian_dropout",19.75442792021643,19.750223813422565,19.21285567241138,18.941026553840572,19.72023478435193,19.657837438478737,20.210377618406383,19.40695830730047,19.299054725028867,19.491429030872922
"JSDu, SD=100    input_layer_type    sqrt_softmax",-37.35182516600392,-36.10939914919919,-35.3783516934684,-33.985289334237024,-38.845041864172,-31.00476034885557,-37.56501477507189,-33.035891338388524,-35.555857542594,-38.334855625222815
"JSDu, SD=100    input_layer_type    gaussian_kernel",16.69858802463969,17.07343432290719,19.725100675659803,20.00005466098385,18.63590244153515,19.6993497784963,19.280405880993086,16.464064472443695,17.443980125043993,18.250280744823712
"JSDu, SD=100    input_layer_type    CNN",16.78408103595295,17.483763059786355,17.888841696764914,17.732014599436965,19.195907316455475,18.494381358633277,19.586078287853056,17.639824186288664,17.412643279079035,18.966624996778606
"JSDu, SD=100    input_layer_type    VAE",-132.39918730135165,-131.56289194659666,-132.43294765854918,-132.23810749646304,-132.37335670187727,-132.63714727392954,-131.59168836445934,-132.48352259025938,-132.29959191895196,-131.81069490766555
"JSDu, SD=100    encoding_dim    2",23.747910828846614,22.95756861401796,22.78170879387693,23.04385071174761,21.875194773800885,22.74863569579918,22.637850420067423,16.628497680468016,22.782448507289388,24.075228605264485
"JSDu, SD=100    encoding_dim    6",20.546463099835847,20.882247940573478,20.864088879692275,20.376521191302658,20.69870189933245,21.662916780470283,21.345373434415464,20.746636284439063,21.012660995730045,20.176255474524098
"JSDu, SD=100    hidden_layers    5",18.419309837496044,19.161170011007698,19.19096547696961,19.046015431768367,19.560551900228063,19.868902826884025,19.52609480263081,19.263560894853455,19.246214649790062,19.644983427148674
"JSDu, SD=100    hidden_layers    7",20.10002963333423,17.446273072006605,19.62024790264101,17.83017605350055,18.05585626606222,20.880495775209056,18.7029123229902,19.790258407920234,19.771873815070947,18.337287287006504
"JSDu, SD=100    hidden_layers    9",16.018037233730368,22.942005649125434,17.530276628686835,13.626977151801114,17.059059791053244,20.441422158242688,22.824954884779615,18.783995924453166,18.449124555068266,18.50765055899548
"JSDu, SD=100    hidden_layers    27",100.0,100.0,100.0,100.0,100.0,100.0,100.0,100.0,100.0,100.0
"JSDu, SD=100    activity_regularizer    L2: 0.01",0.3846456768302602,-1.8858543534496448,1.0239660993995159,3.7539461689695486,0.045978689442520704,3.7328484596235683,1.1712451960601697,1.0738746307183078,1.7777744967975195,-0.499937989237381,1.0982160723176975
"JSDu, SD=100    activity_regularizer    L1: 0.01",-44.32679116053433,-38.438031533027896,-42.334627257856056,-39.1850549522745,-41.391555660356175,-39.321004972089696,-43.95893611092313,-40.64003304212929,-40.58311958665922,-40.18634349283468,-42.428881467196476
"JSDu, SD=100    activity_regularizer    L1: 10^-4",21.58762581150573,21.661548633249822,21.420073805714864,21.972327207288316,22.145412772801805,21.097493593957935,21.255278750769776,21.244145505540274,21.256088137807907,22.00196960064457,21.51233854269671
"JSDu, SD=100    sigma    0.005",31.00972320754599,29.85776553877588,31.954351583888624,32.388121507777015,31.95215285678077,34.23515648985148,31.12633217236487,30.99364012764383,30.659537738142703,32.6419921720681,31.61315395381375
"JSDu, SD=100    sigma    0.01",26.098330446379876,26.708617371661845,26.954678563808386,26.59476955955897,26.248028228771076,27.38492489770296,26.094974531108193,27.289288726879022,25.894695567931862,25.997608128004444,25.649379156303567
"JSDu, SD=100    sigma    0.05",8.690708512263782,9.940638287911412,7.431985950932045,9.564295706655031,8.447261369961694,8.467386681792973,9.38476400290601,10.169861710407702,11.096927565383922,11.359968828176392,10.678754883450992
"JSDu, SD=100    sigma    0.1",-4.659864126556073,-6.0739045315161775,-3.1208794316215176,-4.549411436714308,-4.6934289674407665,-4.061515006959212,-4.196690773873826,-4.2509088650245985,-4.467457864786951,-4.691965566296091,-4.475767650963135
"JSDu, SD=100    sigma    0.2",-6.212620880256594,-5.739856108264476,-5.927726137988799,-5.674556737075562,-6.057600557049028,-5.753246905676832,-6.441583297876093,-6.24447571831648,-6.478645729229626,-5.736640363134256,-5.986237364606183
"JSDu, SD=100    BN_size    2",18.875903980123937,18.98200230517017,18.880632394035928,19.754517585279785,18.676991429564396,18.765820793050807,18.497865071424272,18.50981091317351,18.799490103035794,19.461212517323503,19.533953550367215
"JSDu, SD=100    BN_size    4",23.85258304207852,23.408571407487315,23.983375132940793,23.419298622283904,22.148882156536644,21.111322373077584,22.84977038821279,22.10466985334314,22.52400695489881,20.716355048303384,23.867845148883305
"JSDu, SD=100    BN_size    5",6.990090429917387,-3.494366395149271,2.427157081555748,2.226120268378949,7.573920040927334,8.60426852651716,2.9319412917183882,-0.13554298294914702,-5.606681076998711,1.2195346586243545,5.82070738667791
"JSDu, SD=100    gaussian_noise_sigma    lambda SD: 0.01",21.88904616472631,21.490197021922256,21.648783169184313,21.51528492977164,21.522420007638615,21.671273340221504,21.377651046494805,21.483067438998518,22.37405450479295,21.494849496755165,22.027608085670266
"JSDu, SD=100    gaussian_noise_sigma    lambda SD: 0.02",25.624216890848786,25.905156124488443,26.01151460041963,25.90379602310118,26.234524468815366,26.71088163097714,26.23259099340403,27.05544042644432,26.610510376098958,26.776350202462268,26.421291424749413
"JSDu, SD=100    gaussian_noise_sigma    lambda SD: 0.05",9.584278644340742,10.317473943585256,8.925356804917143,10.454282330433344,8.529380414301741,10.53205092148896,6.497226123747268,7.968067293922189,7.896236646546711,10.993046262991328,9.984489764817383
"JSDu, SD=100    gaussian_noise_sigma    lambda SD: 0.1",-31.66455616739904,-29.884169632425824,-32.01919000330224,-30.001081135718664,-30.98566347071568,-29.51499674344666,-30.008144683135043,-26.23759889506107,-30.83542831129833,-25.348546647629718,-28.811472520282194
"JSDu, SD=100    gaussian_noise_sigma    lambda SD: 0.2",-61.23832454810403,-61.633053172286395,-60.73147930588877,-63.177729221889166,-60.67871806112416,-61.80494970900878,-61.16380887622546,-58.9171522683387,-63.89740854790318,-59.84137919709539,-62.08864923421274
"JSDu, SD=100    gaussian_noise_sigma    lambda SD: (0.01/SD)*100",22.148254301617143,21.82868364539445,21.649500898644973,21.89552064230415,22.051342907992378,21.688516678192755,21.678114821889835,21.645231428972778,21.420951768196133,21.407711864212047,21.84074842641948
"JSDu, SD=100    gaussian_noise_sigma    lambda SD: (0.02/SD)*100",27.507465552994816,27.036118197656762,26.823179857699373,27.360950608421945,26.64027714418816,27.08500498097294,26.25948436667221,26.081559559095922,27.0611045341753,25.935828168475098,26.487862706607828
"JSDu, SD=100    gaussian_noise_sigma    lambda SD: (0.05/SD)*100",7.121266579361361,8.044208939693291,8.00624327618398,8.298605091630904,8.252078165913531,6.5792169351513365,8.355926495037835,11.453165244744554,1.211297412424969,10.688560137323321,5.556922965433216
"JSDu, SD=100    gaussian_noise_sigma    lambda SD: (0.1/SD)*100",-28.315504586772505,-29.811328414020522,-29.762567122656094,-24.997365645232662,-29.528827181885674,-28.799342908352457,-27.334485498592116,-30.256592175558467,-29.244559692947036,-26.89014227304078,-27.405997272292154
"JSDu, SD=100    gaussian_noise_sigma    lambda SD: (0.2/SD)*100",-64.81317741198353,-63.09997873809121,-63.677376064782095,-62.20506635790849,-64.45295956539374,-60.666117534105325,-58.44369936354113,-60.97715480484979,-58.912554591506506,-62.88351780252893
"JSDu, SD=100    missing_entry    0.001",-661.1424202440995,-641.6294589916573,-600.1163270785983,-718.3298350151244,-742.4904505515043,-766.0269857065408,-995.0289374498545,-750.5884085149456,-697.8849593360237,-776.6826773613703
"JSDu, SD=100    missing_entry    0.005",-177.72266415499502,-197.46863209382263,-205.2126372021978,-197.81463819112713,-214.89703515118686,-174.29314721932633,-200.25595154951498,-182.6709375619604,-205.03645856740224,-204.62245485882073
"JSDu, SD=100    missing_entry    0.01",-115.81298769251472,-112.17959717344391,-119.77997977099051,-94.29829781393903,-115.13259760365955,-92.31224068597672,-103.62940338054565,-123.8878569673798,-102.46494134350417,-91.26807334526094
"JSDu, SD=100    missing_entry    0.05",-20.844835941527208,-22.905772772542008,-18.755304593105123,-20.13004629642873,-19.492197901606986,-18.35394674935891,-19.083321573860232,-20.828761328843967,-14.837613928994088,-15.411418135790115
"JSDu, SD=100    missing_entry    0.1",-10.326078712985677,-8.651596610808724,-7.0544507450083955,-8.240249223444636,-7.811432344973269,-8.5246193532994,-8.891607678360486,-8.52275586810731,-8.083049825083563,-9.623696303229593
"JSDu, SD=100    missing_entry    0.5",-0.981363456618098,-1.2436491919443995,-1.418459441843794,-1.6047230133003438,-0.999168953608887,-1.1676465180122904,-1.1007658693289102,-1.1998283700703922,-1.7672090657912491,-1.2859145083106682
"JSDu, SD=100    missing_entry_combined    0.001",21.8614597065676,21.814746103285344,21.6041153572569,21.63529303544459,21.271300751343304,21.081211600291525,21.38912861737397,21.67754731914647,21.81624968711759
"JSDu, SD=100    missing_entry_combined    0.005",21.240587178963082,21.385393366228882,22.194797615495546,21.712956191259124,21.575344841132463,21.878554526262036,21.205189308367892,21.520022939326694,21.45218853327718
"JSDu, SD=100    missing_entry_combined    0.01",21.154766789166388,20.895427422462035,21.502387130010675,21.311058129874908,21.601055339238968,21.746065681639053,21.495424901852175,21.028148009676244,21.233028855054926
"JSDu, SD=100    missing_entry_combined    0.05",19.356247715219453,19.345408950658154,19.41705072675579,19.68062920741808,18.714978323146198,18.726983623057322,19.924421844941676,19.807133243592844,20.05714472538473
"JSDu, SD=100    missing_entry_combined    0.1",16.528445512533082,17.8427984117191,16.550790157483377,17.130420114799804,16.42653892612624,16.58282379642334,16.66887161765945,16.4982463960785,16.176432706044295
"JSDu, SD=100    missing_entry_combined    0.5",4.848252023762015,4.581433584868563,4.843082547561764,5.183157799752408,4.834279383475817,4.857189210692795,5.470424352063944,4.012443375489681,4.992544183773177
"JSDu, SD=100    missing_entry_no_denoising    0.001",-542.4888293895644,-1156.0551830065601,-792.7339595719316,-925.284565138059,-981.5041220224812,-978.3343021963672,-687.2466890303002,-1067.6019873706791,-950.1874026086753
"JSDu, SD=100    missing_entry_no_denoising    0.005",-198.55786475053645,-178.06518035165743,-180.40420335188247,-205.50644401487375,-232.70103348566295,-240.21423310748452,-165.3120428147372,-210.27978703380728,-240.20569891074518
"JSDu, SD=100    missing_entry_no_denoising    0.01",-112.83460551564534,-83.17240882962147,-114.48448090485272,-99.28965643538169,-95.17047257566458,-104.24454814031185,-105.37492877759965,-110.61559265775324,-96.43222267411545
"JSDu, SD=100    missing_entry_no_denoising    0.05",-19.039094387787642,-21.674666686250404,-18.100613381025894,-19.339391836404417,-20.004372355449647,-21.37583473316741,-19.811867806835565,-19.074353848176827,-19.918858200033284
"JSDu, SD=100    missing_entry_no_denoising    0.1",-9.136274538394773,-9.412350873503954,-10.149602603495538,-9.039055553913599,-9.42881462443303,-10.449618077804288,-9.43756448208201,-11.239760837597345,-9.66112724042533
"JSDu, SD=100    missing_entry_no_denoising    0.5",-1.2938646291037514,-1.4231070195820763,-1.0989127302524224,-1.3891841259560636,-1.4009094287780073,-1.264770515184793,-1.7453141199192572,-1.104255780829817,-1.356521480884581
