"CCE, SD=4    training_method    supervised",99.96504512369653,99.97392789290225,99.95758387352245,99.96250585859485,99.9665147949056,99.95974630521745,99.90696444729686
"CCE, SD=4    training_method    supervised_2_percent",36.2082989839519,-6.505152555835096,-22.293604234700197,-13.363713969195814,16.278164068000024,16.442721857518464,-4.799873551047654
"CCE, SD=4    training_method    semi",90.41062575514432,90.58231297363554,90.12092177993463,91.34093744856209,91.58685703986085,91.61420712283108,91.4177333151682
"CCE, SD=4    training_method    semi_sup_first",-16.0068735964565,-12.808929658154142,-13.752687700430158,-12.273003095611102,-15.492581142875352,-17.052709655418226,-14.447073435791424
"CCE, SD=4    training_method    semi_mixed",1.0000090220415245,2.008708691716521,-1.1397565885419425,0.38133356108913574,1.5187232539121425,0.4922694740639315,-2.2082809033546766
"CCE, SD=4    training_method    unsupervised",-15.46320016146926,-16.36104308010036,-12.608102833222091,-15.033630216022459,-16.85588356109342,-16.941098190832818,-13.841000714380115,-14.061394835091832
"CCE, SD=4    activation_types    ['relu']",26.89081475048954,56.14733214994218,59.17861354123289,-418.1876057970354,22.711959661117547,-815.938676313143,-800.3913246026816
"CCE, SD=4    activation_types    ['relu', 'relu', 'relu', 'relu', 'relu']",93.55745264045777,92.95721644780411,92.39339869450589,92.71718394280285,93.41634064551651,93.26924807250192,93.73219500546914
"CCE, SD=4    activation_types    ['sin', 'cos', 'linear']",85.22711530224608,84.78847638547037,85.24776036815818,84.64482942827702,83.76576093397459,85.80177338977501,85.93364477263324
"CCE, SD=4    activation_types    ['sin', 'cos', 'linear', 'relu', 'sigmoid']",89.06312244680703,88.08384859351501,89.91894153107741,88.6948700911717,89.14474702531935,89.26384900709571,89.11102887443529
"CCE, SD=4    input_layer_type    dense",93.12378546951929,92.11584182354721,92.78086945122259,92.84801495876053,92.57835662687171,92.88363423939677,93.61048673485664
"CCE, SD=4    input_layer_type    gaussian_dropout",92.08864168781243,91.97378388558735,91.73284278399186,93.03026484390634,93.55503723382684,92.92100272990629,91.68448272818259
"CCE, SD=4    input_layer_type    sqrt_softmax",88.92235189315078,90.43871465898246,90.93436834186556,90.00230897675837,89.40460975956955,89.70773792130042,86.01957291065071
"CCE, SD=4    input_layer_type    gaussian_kernel",94.02703119165972,92.30340261372315,92.29368405702813,91.35251573015233,91.151769366533,91.91356161131337,93.45870397930625
"CCE, SD=4    input_layer_type    CNN",95.68394662574852,96.68170160144687,95.98543486296263,94.06139873009738,96.44200415614414,96.78655249446497,94.57561536109137
"CCE, SD=4    input_layer_type    VAE",-500.56969161436905,-528.1268330256521,-485.1452967880815,-502.0721687602904,-499.12684349141455,-529.5626102022632,-524.0769862681753
"CCE, SD=4    encoding_dim    2",88.87501890076382,86.26678183605006,89.34230298748446,87.11626302031031,88.42003146775434,87.41494662535267,89.22701154744198
"CCE, SD=4    encoding_dim    6",94.10017800526653,94.63075549130507,93.75710886019058,94.44985384532424,95.04326465319379,94.24563823339028,94.47140661427252
"CCE, SD=4    hidden_layers    5",93.12044924712201,92.79355265435012,92.97312584181012,93.43163504434024,93.21718835495838,92.79248937958772,92.72075741578848
"CCE, SD=4    hidden_layers    7",94.84743789234551,94.16871165985161,93.91471118527397,93.79887528095445,93.72164770096009,93.66369199144783,94.26848264094197
"CCE, SD=4    hidden_layers    9",95.36472009099663,94.54218960578376,95.93589700255826,95.34836355787067,95.74667227355712,95.2957284395311,96.52007606999918
"CCE, SD=4    hidden_layers    27",63.63238178271018,-1087.7367101843126,76.82556214278534,78.34576251280448,-661.1959741870791,-994.6343624130475,-963.0238325138694
"CCE, SD=4    activity_regularizer    L2: 0.01",72.97280500435353,75.29002202459502,74.77931896700136,73.52716008300374,75.4373260316037,74.61608892623289,74.52234570967532
"CCE, SD=4    activity_regularizer    L2: 10^-4",86.85724075587066,87.02407701492257,87.28902238459507,86.49417578272059,86.69512654378333,87.2246421644373,87.26510054737513
"CCE, SD=4    activity_regularizer    L1: 0.01",66.72699285543044,67.34354981304998,66.85703163982578,66.2586109348518,66.6736450168483,66.82620796790535,64.77428715700304
"CCE, SD=4    activity_regularizer    L1: 10^-4",88.83046521845384,88.52855843530774,88.24395000819663,88.97244626586752,89.13843100444029,88.51239387492997,87.70528764336751
"CCE, SD=4    sigma    0.01/SD",90.98330549883104,90.7541802539605,91.90317344496484,90.79513487653107,91.23461041986883,90.83668031474522,90.51623597521191
"CCE, SD=4    sigma    (0.01*4)/SD",90.27769606707238,91.07432669859162,91.15486991739016,91.56189329086544,92.1839298180028,90.94111841424487,90.69533737164453
"CCE, SD=4    sigma    0.01/math.sqrt(SD)",90.89815115100058,90.80091286868142,91.31377665269396,91.04473560878914,90.93422686353843,91.4976840859737,90.80717129252957
"CCE, SD=4    sigma    0.01",91.1701854793649,91.2932328485699,91.12769589835423,91.40846510140487,91.23399473578915,90.63629335277577,90.49743815245375
"CCE, SD=4    sigma    0.05",93.69925742843691,93.22205928202241,93.27366810683823,93.27834423114312,94.01146680848188,93.59540047934942,92.33497906293921
"CCE, SD=4    sigma    0.1",93.83054828692147,93.42725623395363,95.39068554418422,93.60928810642737,95.23712608897162,93.88979527931433,94.9105873155576
"CCE, SD=4    sigma    0.2",93.89063436573896,94.29670552893374,93.63948339104236,94.63451030827052,94.38757239202953,94.84473529561619,94.46001220542553
"CCE, SD=4    BN_size    2",93.9767333027045,94.14911485592737,93.79487691113421,94.39875050589504,96.38943093275672,93.80410374386904,93.47098293706676
"CCE, SD=4    BN_size    4",88.36049310276488,89.19500306800344,88.16604080259336,88.02145272634583,88.56672971777533,88.24607042929445,88.70294096172037
"CCE, SD=4    BN_size    5",86.76001775148659,85.33046192853826,86.23167496358818,85.69162052121423,85.81688946134459,84.6611126621925,85.99609132373017
"CCE, SD=4    BN_size    10",76.65408363970357,76.24450857603503,77.06731902373862,77.23625404722492,77.7628342207764,74.14423706944665,74.14289050275042
"CCE, SD=4    BN_size    20",-53.809544977651484,-71.48546585483325,-76.46102893441179,-52.387789987928784,-62.457590081161044,-70.15081251613577,-41.58461778932735
"CCE, SD=4    BN_size    30",-312.34900691916016,-341.37582129913244,-303.65050788776676,-296.1192751781744,-313.3116453150153,-313.89077469060487,-294.52673887024423,-316.02031236766214
"CCE, SD=4    labeled_data_percentage    5",95.1871466133095,94.82768865661488,95.81783046531112,94.84763993139123,95.07569364088052,95.39982835525642,94.86674445207281
"CCE, SD=4    labeled_data_percentage    1",87.22145465550109,87.30013199971702,87.36530883616854,87.62628228954149,86.489914541426,87.5042382441311,87.61980450142858
"CCE, SD=4    labeled_data_percentage    0.5",81.44166773798854,79.98106484437878,71.35646375159814,80.2645720973072,79.69445033393731,79.08295876736614,80.81929855425354
"CCE, SD=4    labeled_data_percentage    0.25",67.5437136975743,72.64266228642165,71.81693368684053,71.26384969647158,70.8434073832861,58.2278840038224,71.3310377061701
"CCE, SD=4    labeled_data_percentage    0.125",44.33153242942151,54.30790990491174,68.43595265183083,69.71034967293396,69.33808403512373,52.17483279583664,70.0880357256909
"CCE, SD=4    sampling_density    15",87.58429766909333,88.64182731774304,87.89272821370875,87.96164243407955,86.86265893673531,88.2123430886102,88.15638885519955
"CCE, SD=4    sampling_density    25",84.2275861454275,84.86554379893978,86.28984788966513,85.75418541078523,86.25112756946757,87.44602280767977,86.02650206683703
"CCE, SD=4    sampling_density    50",78.42981587837261,79.96550392004785,83.61218543148746,81.56049811009913,81.0846279222086,82.74412117881462,76.90758692815365,81.68855926138322
"CCE, SD=4    sampling_density    100",70.10448789901432,67.13603604118336,70.60815418942003,69.6602175960367,69.16093196030639,69.11597780026338,67.16169533561745,63.44972797191061,67.59475460091046
"CCE, SD=4    sampling_density    150",41.18440652566504,39.77826127571631,46.09936728056283,36.081480613433015,43.86751593233475,45.499503174624955,41.818508560344604,43.24185064482681,41.68076985146026
"CCE, SD=4    sampling_density    300",-10.545061828991393,-12.709949142701063,-8.96586376258368,-11.355149140139375,-14.565488025179988,-8.524343178334746,-10.88913628266451,-11.199268923745706,-9.501356406148531
"CCE, SD=4    gaussian_noise_sigma    0.01/SD",91.98672181744413,93.22348223222085,92.4864010680035,92.59500081066442,93.25631373132913,93.59155884282437,92.51558821283047
"CCE, SD=4    gaussian_noise_sigma    (0.01*4)/SD",91.4180625392313,92.12645682332933,92.57233277228059,92.71924660246097,91.75065468999556,91.28219996497063,93.0397013752512
"CCE, SD=4    gaussian_noise_sigma    0.01/math.sqrt(SD)",92.19248093195415,92.20752004411159,92.5996340038997,91.4973748999297,90.88048979996711,91.65808992601815,92.68993030486605
"CCE, SD=4    gaussian_noise_sigma    0.01",92.18593514360612,90.42508281595208,92.59360700778869,91.3323269031266,91.13818367016546,91.56806629081532,92.10226479803721
"CCE, SD=4    gaussian_noise_sigma    0.05",91.12844677642289,90.85043770367257,90.44717521097628,91.83004369915017,90.47285505433604,90.31213910021484,90.8280642454075
"CCE, SD=4    gaussian_noise_sigma    0.1",91.08625660204923,91.5489437790282,91.5085351881447,92.05107927217072,92.61958709175542,91.59941273779519,91.92895280473276
"CCE, SD=4    gaussian_noise_sigma    0.2",82.71770455889656,85.4144873651435,86.5360492028344,87.33068498962365,84.5395529908604,87.36549272467231,85.79516044484939
"JSD, SD=4    training_method    supervised",98.39803348097831,98.08155953555936,99.93118952820926,98.94623114317297,99.94116473137237,86.71873216557476,98.37531246163876
"JSD, SD=4    training_method    supervised_2_percent",24.093403793594888,41.57154507129858,34.71744944146707,43.48684845954293,1.0269578521205176,11.793005790670861,25.71028094454043
"JSD, SD=4    training_method    semi",94.13450323124864,94.1799877256169,93.72288413740955,94.47381062277178,94.18642267946164,94.8911987171431,94.527978251396,94.540990298288
"JSD, SD=4    training_method    semi_sup_first",15.531408111705673,17.13956878056233,14.295865677019279,17.245194752694047,18.192032306305407,16.767920836157487,17.30118058397821
"JSD, SD=4    training_method    semi_mixed",32.66395182623852,31.569460881511972,31.55869306683435,32.3043559622363,30.390171032044734,31.96677134335188,31.62205955311319
"JSD, SD=4    training_method    unsupervised",14.795368334262335,16.288180702256,15.592399564354608,16.80404763443852,15.770172116284158,18.24196058533262,17.535554531061365,16.583694200345178
"JSD, SD=4    activation_types    ['relu']",63.87455170263854,-107.7183162301059,13.864703402378993,45.98974944131886,-197.21271666352095,59.90512954522074,-68.90958764025987
"JSD, SD=4    activation_types    ['relu', 'relu', 'relu', 'relu', 'relu']",95.78461714004457,95.63786701621316,95.47637610184171,95.55751139584655,94.85507586066264,95.64902984415417,95.2382473075442
"JSD, SD=4    activation_types    ['sin', 'cos', 'linear']",90.33902240009954,90.12309960950107,90.79969034311024,90.23162656036429,90.67405538782164,88.1799306858542,89.87389917969782
"JSD, SD=4    activation_types    ['sin', 'cos', 'linear', 'relu', 'sigmoid']",93.07670855447965,93.35289536605852,92.88552976913911,92.68191502399347,91.557681004976,93.01160736014252,93.41375218937873
"JSD, SD=4    input_layer_type    dense",94.97695210625974,94.35911476761329,94.92552862982674,95.00431087507597,94.69344280736425,94.59030062269356,95.05200485353997
"JSD, SD=4    input_layer_type    gaussian_dropout",94.2765940971572,94.04827783032566,95.02711166473688,95.36364942365283,94.00338833518042,94.84130877264941,94.79869575146509
"JSD, SD=4    input_layer_type    sqrt_softmax",95.07149566674678,94.7182860770943,92.50522935436565,92.94694685941424,93.69903797701329,93.53110709471406,90.21169494015099
"JSD, SD=4    input_layer_type    gaussian_kernel",94.05477410397957,93.96473208287136,95.53520795747214,87.00410440861314,96.57744877729719,94.7396546443939,95.27154972333449
"JSD, SD=4    input_layer_type    CNN",96.9601656629892,96.7027746738529,97.01643295307221,95.67897052671728,96.7139591751571,97.12540762572534,95.81271387271651
"JSD, SD=4    input_layer_type    VAE",-626.4933813034867,-630.8241802422101,-599.2595719234888,-622.8255052416599,-598.646772916785,-584.2388579173307,-659.494359136821
"JSD, SD=4    encoding_dim    2",92.19797079280492,91.44386068405774,93.10048056759268,92.86624103331394,92.85392263506252,92.82004421035033,92.46712904557067
"JSD, SD=4    encoding_dim    6",96.37908548441202,95.987224356721,96.2262106521435,96.405435720837,96.2591806457912,95.86398279084037,96.48463385696515
"JSD, SD=4    hidden_layers    5",94.44739281810149,96.23611631480055,95.08023687703356,95.17879294178171,94.90971188597486,95.19575206964237,95.70686659694796
"JSD, SD=4    hidden_layers    7",94.22975144975345,96.39977760461495,96.24776117398515,96.52455449823884,96.04692142198797,96.84638488728189,95.80245944912616
"JSD, SD=4    hidden_layers    9",96.53000565895698,97.325793328309,96.27317231148315,96.5269310149277,95.58951698064271,97.2481602571824,96.74291569959699
"JSD, SD=4    hidden_layers    27",-540.5991668687317,-428.6298311549641,-462.8263772062834,-331.6364050688015,-656.0466161294504,-523.16950449053,-537.107521676718
"JSD, SD=4    activity_regularizer    L2: 0.01",74.28391524162379,75.60488405675764,74.8365442797327,75.54863461013176,74.75806042684992,74.54706514761035,74.06153702402914,74.2142739016744
"JSD, SD=4    activity_regularizer    L2: 10^-4",89.12911878913624,89.10942455478806,88.95985183813171,89.24727307949199,89.38425512618201,89.47525423525154,89.19410816298044,89.46669550109662
"JSD, SD=4    activity_regularizer    L1: 0.01",59.828924314312786,64.28668679966488,63.68215351001289,62.76190633353832,63.0735389408334,61.838556114880106,61.69396379289792,62.52232098710176
"JSD, SD=4    activity_regularizer    L1: 10^-4",88.83192548344718,89.29547128631897,89.12098426733144,89.25726405561977,89.44780081682617,88.74739835364547,88.95219625319788,88.74237168826863
"JSD, SD=4    sigma    0.01/SD",94.58020043976278,94.37992243475867,94.53218665277258,94.6659091224333,95.03086528664954,93.999964665557,94.46308479271322,94.22574472202801
"JSD, SD=4    sigma    (0.01*4)/SD",94.15562021842679,93.3581329136624,94.24491852539636,94.57054794269207,94.572486965928,95.04535382875527,94.77739673613745,94.98838933407156
"JSD, SD=4    sigma    0.01/math.sqrt(SD)",94.36582630306698,94.19358874907213,94.80160862339555,94.44090413283874,94.76088651342911,94.49575260095509,94.07452845369534,94.51645051855557
"JSD, SD=4    sigma    0.01",94.35839803213607,94.60338480090881,94.83460241665537,94.3672187944745,94.59346678981433,94.10865558605227,94.76251089573309,94.60234320137191
"JSD, SD=4    sigma    0.05",95.81262600346467,95.1572680614822,95.26475418599895,95.33423594080809,95.89988906190743,95.19055615560417,95.39984909511827,95.55049797574415
"JSD, SD=4    sigma    0.1",96.12629602249088,96.48182867950038,95.13544839746078,96.02390324525926,95.78379097599688,95.74275434027832,96.82702384046402,95.67011255302852
"JSD, SD=4    sigma    0.2",95.072878063452,94.3902924961394,95.97036412603397,94.8963990110207,93.65660909584,96.36372746386164,94.9916539545415,93.85274331843088
"JSD, SD=4    BN_size    2",96.03187399720012,95.9155781575597,96.63315813792633,95.79443860503694,95.88248594830941,96.49098805578703,96.48955676421966,95.73936162630186
"JSD, SD=4    BN_size    4",92.40386890074664,93.55949234552395,92.51556749239887,93.34116716541423,93.04441857536892,92.84071852777222,92.2681032125807,93.18170730568413
"JSD, SD=4    BN_size    5",91.20195867427773,90.97305858688712,90.35222881376437,90.82106297794047,92.27085821754692,91.05248503262656,91.93212186349339,91.75754268350649
"JSD, SD=4    BN_size    10",86.44202488297923,86.42857455232027,88.4548373722911,85.60656012053605,88.17638209930571,89.50441864840792,88.04296786776465,84.94082700834912
"JSD, SD=4    BN_size    20",-1.0192586755036643,1.3201166920681544,-41.4139356122179,-11.552984529947068,-20.4919903848199,-26.67482183650158,-9.48626746962563,-13.624150171676021
"JSD, SD=4    BN_size    30",-321.2198052733106,-264.3065107483168,-328.1735334404588,-300.73862473442614,-296.19653193741783,-293.15190938394073,-299.7241891909826,-286.3579058652065,-290.3825573198513
"JSD, SD=4    labeled_data_percentage    5",96.84633741190927,96.88558899399939,96.87107201819151,96.75045062689816,96.71442269980598,96.8474822859271,97.14056205494606,97.06594508332677
"JSD, SD=4    labeled_data_percentage    1",91.1855642719034,91.7461485747101,92.64290683277004,92.40545717544947,91.94286889391623,91.51200432045253,92.55412221549501,92.57202197757998
"JSD, SD=4    labeled_data_percentage    0.5",87.81050296970022,87.83070571604445,87.21093117388766,88.12409879756244,86.98177019556806,88.1180661302439,88.67688675757132,88.17345627433444
"JSD, SD=4    labeled_data_percentage    0.25",77.54433000710279,80.68705928722548,81.55199758082419,82.39789430985579,74.65478479287934,83.09823217005831,71.96280707799188,76.3778527969009
"JSD, SD=4    labeled_data_percentage    0.125",77.61538692737082,81.09500900876786,62.37194512621343,80.47677614745902,68.37861084790975,69.96737715351685,71.75274245596768,77.90911788933008
"JSD, SD=4    sampling_density    15",92.4477026792118,93.15582491969352,92.3892921876154,92.39120703920143,92.97192914136363,91.30591321355783,92.38312669535841,92.19907793845726
"JSD, SD=4    sampling_density    25",91.22035033640603,92.65941250411373,92.04813154150206,92.14990724375802,92.16329410860212,91.60793906335827,92.60265096413968,91.43789947151151
"JSD, SD=4    sampling_density    50",90.73871099500359,88.74698547219317,88.80911258145412,89.62124589513886,89.2411609398319,90.72607695497815,91.41875738071477,89.27494530523222,89.00974065935715
"JSD, SD=4    sampling_density    100",85.69651738203866,82.03584157125218,85.20375885381539,85.09041524179186,83.3371670953114,81.52669151597696,84.41638374018373,83.2904291241005,85.6500740403327
"JSD, SD=4    sampling_density    150",-8.627122350170026,-5.247768013746722,-6.064744119257455,-6.643035325904762,-13.486980256950318,-7.821321425736187,-2.466530441900403,-4.089672857572495,-12.203542280428167
"JSD, SD=4    sampling_density    300",-22.21319959350336,-17.59879892235344,-18.613761821093036,-20.52064119913865,-19.27219111466195,-16.855508289369666,-20.761641614899347,-21.47197395658017,-19.28541216834772
"JSD, SD=4    gaussian_noise_sigma    0.01/SD",94.7291205135231,93.8664571430179,95.2166116946541,95.29347854009657,94.49690884380115,93.58916311163419,94.47283100873297,94.79962179940189
"JSD, SD=4    gaussian_noise_sigma    (0.01*4)/SD",95.03748846324697,95.31992055947455,94.21294740836765,94.45943041616661,94.75345511455869,95.4342651258179,95.13056720838082,94.36523806047548
"JSD, SD=4    gaussian_noise_sigma    0.01/math.sqrt(SD)",94.28179577840055,94.61718016026065,94.81739246282844,94.4841191773452,94.94110785203368,94.5252896115595,95.1205775885069,95.0480294100229
"JSD, SD=4    gaussian_noise_sigma    0.01",94.30918671320457,94.9931302596896,95.25818209996719,94.31105423099028,95.11084749656489,95.04988705683549,95.22165604591737,93.54161151412806
"JSD, SD=4    gaussian_noise_sigma    0.05",94.24795673481186,94.19485365955403,94.74854524608608,95.07416552134181,93.52343710866991,94.52961868596807,94.81820271338142,94.65868918896685
"JSD, SD=4    gaussian_noise_sigma    0.1",94.33680577522586,95.06218430140468,95.15208372072391,94.74237254446203,94.4537490806359,94.52507933662875,94.44131305206129,94.714058375062
"JSD, SD=4    gaussian_noise_sigma    0.2",90.38072652574903,90.01113119697172,90.50443606238917,90.94777975644872,91.49823808368538,89.74866670348644,91.54655092801873,90.97510599147007
"CCEu, SD=4    activation_types    ['relu']",-0.9136817974600291,-98.46791749222962,-41.23489290282811,-4.252855649922111,-161.51005226959353,-249.26665918227934,-7.562112601539084,-40.441961177501355
"CCEu, SD=4    activation_types    ['relu', 'relu', 'relu', 'relu', 'relu']",-20.40513266225254,-17.379176633563915,-14.996514616021628,-14.408468935204496,-13.260731995930456,-14.862145259682507,-18.91634856058033,-21.142212642704237
"CCEu, SD=4    activation_types    ['sin', 'cos', 'linear']",-15.254342467166865,-14.115034712450964,-14.366170561396103,-16.899686531863253,-15.164462503009801,-13.90866101360848,-14.760617792371121,-15.582485519093666
"CCEu, SD=4    activation_types    ['sin', 'cos', 'linear', 'relu', 'sigmoid']",-14.222730705032475,-15.304906533948,-14.05318508288218,-16.498830997393625,-19.24461182771762,-15.007353325898933,-15.102853846200176,-16.616977753097302
"CCEu, SD=4    input_layer_type    dense",-11.189269731749235,-12.643145739266515,-8.297828835960729,-12.67489733325516,-10.177745309133826,-9.035490678030584,-9.848785113571438,-9.143832508303404
"CCEu, SD=4    input_layer_type    gaussian_dropout",-11.731504987715397,-9.724360120568846,-9.507938168540605,-16.988265687927267,-9.779976560646801,-12.722717614489468,-12.897850046119814,-12.976027788570022
"CCEu, SD=4    input_layer_type    sqrt_softmax",-10.110677103993268,-10.324504524718563,-12.641925079852314,-11.492080900477745,-10.703061975202772,-12.295511070990145,-8.884351205719966,-8.838741489492975
"CCEu, SD=4    input_layer_type    gaussian_kernel",-11.782118112776828,-9.000779439351007,-5.762759112980234,-9.577464120102718,-11.80364753073519,-4.153398032117863,-9.972546849712302,-14.378192113086428
"CCEu, SD=4    input_layer_type    CNN",0.5481740379747606,-10.803365692522434,-2.4706742790788923,-6.645368130822817,-6.189440153057575,-8.064706052711301,-5.356661415985158,-6.084026844166445
"CCEu, SD=4    input_layer_type    VAE",-547.0588761052624,-522.5544065504606,-541.6427835658832,-550.8318871902275,-540.8766456183919,-525.5992313328661,-549.9878239491194,-520.0302037414094
"CCEu, SD=4    encoding_dim    2",-18.536210501617248,-12.684211025467675,-15.791201742694525,-17.273784911263704,-13.585330332562535,-15.158885546914817,-16.01609417919188,-13.332797628683736
"CCEu, SD=4    encoding_dim    6",-16.65882009235655,-14.983440481856817,-15.786331212892534,-13.948278795347292,-19.884041031694352,-14.305371490586694,-14.735605323133086,-14.50913986583329
"CCEu, SD=4    hidden_layers    5",-19.137551897000094,-16.771041256669577,-15.985484987504634,-16.123174283338344,-11.615680736957202,-20.480600698690992,-16.534276271549686,-16.2634002244412
"CCEu, SD=4    hidden_layers    7",-15.837030135841232,-15.636093634727914,-20.09414527447055,-13.186018033243215,-16.795148034938933,-14.703586140912009,-17.439079399700134,-15.359137228319952
"CCEu, SD=4    hidden_layers    9",-14.649517816356905,-16.026539611409248,-21.149668406282856,-11.328143006365949,-14.361795911092813,-14.360057338094137,-19.56314040498151,-16.10197570650199
"CCEu, SD=4    hidden_layers    27",-24.25272056252969,-508.5660653454581,-27.758414006479597,-34.71773676954126,-535.5723540251303,-84.52192461252116,-541.2620597899629,-31.25525634819843
"CCEu, SD=4    activity_regularizer    L2: 0.01",-18.92683505565205,-21.155245232920308,-16.888875163422043,-14.15759705869796,-16.77339454097826,-16.80006584555325,-19.986837655198087,-12.966926409368085
"CCEu, SD=4    activity_regularizer    L2: 10^-4",-14.64579975944055,-17.00692477066815,-14.613636536235433,-18.875869396817905,-17.83426073847194,-18.674861306327102,-16.65108519177153,-10.876030147124752
"CCEu, SD=4    activity_regularizer    L1: 0.01",-29.985122581119157,-18.79295633124039,-21.103999974498393,-10.2665592176713,-21.637525392830355,-11.766433731942215,-17.090030353367183,-18.599436448680052
"CCEu, SD=4    activity_regularizer    L1: 10^-4",-16.41959828669438,-12.90998443174773,-16.008904654492866,-12.267598776910333,-17.048670747110847,-13.838947660355998,-14.890557993233827,-19.10557635965114
"CCEu, SD=4    sigma    0.01/SD",-15.751202179265618,-14.807643744321894,-18.811246552560036,-18.194766957172305,-13.792606022303332,-16.206235246586758,-15.845969910667392,-18.061195828858075
"CCEu, SD=4    sigma    (0.01*4)/SD",-15.48830681953848,-16.415749034480925,-12.967384096550646,-13.426901411110393,-14.659443226917674,-15.440862573591943,-14.74283749089453,-13.895201247222644
"CCEu, SD=4    sigma    0.01/math.sqrt(SD)",-15.899054350252413,-17.100708655103176,-15.783139504365963,-17.087909561905875,-14.59487530768564,-16.287291047374083,-14.871115786376805,-15.679149227673491
"CCEu, SD=4    sigma    0.01",-17.664026187749187,-13.994499563701552,-14.609138521192776,-14.307837853687047,-15.321553184429348,-12.801584961775532,-11.491340460107551,-17.792209759999267
"CCEu, SD=4    sigma    0.05",-13.11659304715974,-3.792351092743772,-10.77060107374993,-8.30401593411301,-8.223193220479928,-9.124651987885727,-6.261884163865361,-10.794889657152154
"CCEu, SD=4    sigma    0.1",-2.691843531481254,-5.562531280099606,-2.957517425411851,-4.711727735625388,-3.608344172595295,-3.5319750324726016,-4.989941075620237,-7.489089017791457
"CCEu, SD=4    sigma    0.2",-1.4174161554899598,-2.612605708693721,-3.183214106459758,-4.561405434488989,-2.6386445993146026,-2.8179325359524086,-2.7689378795290196,-3.1502557610699853
"CCEu, SD=4    BN_size    2",-26.16965317881119,-21.59943598558523,-13.18505840409297,-18.67564130782715,-17.314159642813266,-15.155375610420563,-16.649568043107564,-20.951255172433278
"CCEu, SD=4    BN_size    4",-13.773296267041644,-13.147846775700259,-13.01710831107198,-15.126527325941595,-14.748754315358525,-15.256152542709458,-12.913712111602337,-14.13414429818313
"CCEu, SD=4    BN_size    5",-11.587737035179813,-13.872549936378604,-12.09224870686218,-9.757995485228804,-12.200917823569185,-13.491679577775798,-13.437983270469672,-11.715964618785762
"CCEu, SD=4    BN_size    10",-10.006135141417673,-12.530040547044209,-7.72908597769927,-16.02416158806298,-12.415846146489827,-12.690465819608235,-11.177572835621646,-11.89083096656789
"CCEu, SD=4    BN_size    20",-58.66146310635904,-66.73412688357607,-76.82537702415061,-65.713817559105,-56.98026716276394,-75.36533423191213,-73.61518420832186,-55.52661406280953
"CCEu, SD=4    BN_size    30",-273.49265409007137,-278.1582591697676,-281.9283145700329,-264.86718332968553,-301.04461877616285,-266.93230362880394,-296.336138453442,-300.8061224063531,-268.7266187799269
"CCEu, SD=4    sampling_density    15",3.731881782951561,5.080149800931338,4.329379431516472,4.775934783280107,4.469622627389441,4.522075949212081,3.540590857764201,2.726436484193215
"CCEu, SD=4    sampling_density    25",8.553969198800175,7.517561153109455,8.280514562281653,7.655419783731048,7.531178742592502,7.6328376946821095,8.652348903275794,7.596145645177771
"CCEu, SD=4    sampling_density    50",11.664993675160503,11.691253059944628,11.919132624932686,11.098265738725814,12.255055184476461,12.54264736401052,11.465468611393064,12.44861513758606,13.032494158315444
"CCEu, SD=4    sampling_density    100",14.640058851479594,14.453270461123012,14.866399523195412,14.61612476774755,13.336155242712039,15.22519960741542,14.13733067660435,15.431941281629193,13.232112405727023
"CCEu, SD=4    sampling_density    150",14.225352675916369,12.851654393518885,11.899472962612506,14.296013085141666,13.451372564677257,11.682664125219418,11.906685943051073,13.104429051677684,11.372311517357517
"CCEu, SD=4    sampling_density    300",-27.316184656056294,-29.053689515695197,-28.371263737178225,-31.57835608058113,-27.245586351245706,-27.85691647541431,-26.703521662856403,-27.535773359984674,-27.134355723880788
"CCEu, SD=4    gaussian_noise_sigma    0.01/SD",-12.476789051072615,-8.57146747866284,-12.633119716009759,-9.73211471197132,-10.456267561804253,-10.98420518462207,-11.122140197954948,-13.311323218841821
"CCEu, SD=4    gaussian_noise_sigma    (0.01*4)/SD",-10.980382597312172,-11.983902204782297,-13.930239963814444,-11.277762796242229,-11.61490111699942,-12.687699324942486,-11.315233550167235,-7.294774615462771
"CCEu, SD=4    gaussian_noise_sigma    0.01/math.sqrt(SD)",-12.032334770573542,-13.191625097398813,-14.534381996485706,-8.23742456474497,-9.185141528018008,-12.65397526676945,-5.3565764739122415,-12.65236886458635
"CCEu, SD=4    gaussian_noise_sigma    0.01",-16.511233231175297,-11.721943293312904,-15.476865929028563,-9.384548004334846,-16.536010149213638,-9.740705028836501,-8.91410066388859,-10.523509336993143
"CCEu, SD=4    gaussian_noise_sigma    0.05",-16.717453962921866,-19.150318892847125,-16.942180768007432,-16.50856694098509,-18.312007999689428,-15.067839730825966,-14.092194943787959,-13.361366408823812
"CCEu, SD=4    gaussian_noise_sigma    0.1",-12.900226156070303,-14.917407069555082,-15.114235007421527,-17.669438370812614,-14.240758154871884,-13.951174920713214,-15.091835570533505,-13.368587002623059
"CCEu, SD=4    gaussian_noise_sigma    0.2",-13.469876677639192,-14.20790903493807,-17.117120803306094,-16.88125338970626,-21.970407608459638,-16.708589323762084,-16.490355504699096,-14.19194936913523
"JSDu, SD=4    activation_types    ['relu']",64.91492071504584,28.289350868165968,27.752536587273852,-152.02937201628302,36.43525067137317,59.27502987023895,-95.38442542418878,43.67289115111397
"JSDu, SD=4    activation_types    ['relu', 'relu', 'relu', 'relu', 'relu']",17.13508164760539,17.592571728985305,16.40356751526879,19.770329498007243,17.211438072476128,23.8645113554999,19.21116442839309,18.644341762037456
"JSDu, SD=4    activation_types    ['sin', 'cos', 'linear']",17.130469610226157,21.86461238839952,18.560921005926815,19.315310404074182,19.11494105958019,20.051405273483255,17.365077111053594,19.80033889145203
"JSDu, SD=4    activation_types    ['sin', 'cos', 'linear', 'relu', 'sigmoid']",18.02547364300132,16.80373212949901,16.224782070882682,15.054287849416085,17.799183757047786,14.485129586959118,12.275505834730367,14.410120668727757
"JSDu, SD=4    input_layer_type    dense",16.8732491124982,12.761471929761356,11.919388714528864,17.53372997542752,22.87433436849753,7.79208316060506,20.59977690148807,2.2831832782728583
"JSDu, SD=4    input_layer_type    gaussian_dropout",13.238330473618035,10.90506573566303,9.056575353299564,11.498447027756825,10.798930701412743,15.878914428559625,8.132024966136612,8.101901965439708
"JSDu, SD=4    input_layer_type    sqrt_softmax",19.742066430888613,10.932152134940324,13.078647074617876,7.842657636037458,11.761873636345243,14.937537057538563,8.622892171883706,8.533937239635037
"JSDu, SD=4    input_layer_type    gaussian_kernel",18.98273065362754,2.061262673724002,2.0062319525660257,17.054595028076733,17.76754578930901,35.14667140443517,7.118518040991248,10.213465553357352
"JSDu, SD=4    input_layer_type    CNN",1.5933171119086325,9.351358133994879,10.898606675749477,-0.2646155131010062,6.472218661590858,3.9418589188301922,0.04352423103456715,-0.4023576012673118
"JSDu, SD=4    input_layer_type    VAE",-661.6242526470962,-656.1921599210328,-662.061460110964,-661.3361046721992,-655.9030495573353,-668.2421998258502,-659.2643183294938,-671.543088752567
"JSDu, SD=4    encoding_dim    2",18.606636768442087,19.585466944279545,18.966890750002236,16.92618814228082,17.41314734169407,28.224435894810014,16.735348237959172,17.286430415753443
"JSDu, SD=4    encoding_dim    6",19.23389271583065,18.195748683079614,16.5403950794246,14.305351947241277,15.574325491537522,17.628927334278103,17.967337031969706,14.651165597205022
"JSDu, SD=4    hidden_layers    5",14.04664519291336,18.31333771951465,15.19142642827019,19.512242060481285,18.91031314438861,18.760899475774735,12.227404158297233,18.47133532145142
"JSDu, SD=4    hidden_layers    7",16.31435121115193,12.607887308326497,17.85961212535871,21.17507322412027,17.778542323744773,19.03951653824302,13.635701051886286,15.434611106242343
"JSDu, SD=4    hidden_layers    9",14.517311363690311,16.257451086768583,19.285824281256325,18.252916826925826,18.38784060901955,17.96438034297195,14.992301510052087,11.789702582057572
"JSDu, SD=4    hidden_layers    27",-538.8137360044334,-526.0522239592339,-499.30935155649377,-520.6270606958789,-304.0651668927112,-310.7247244325312,-542.773333750605,-518.3165792966723
"JSDu, SD=4    activity_regularizer    L2: 0.01",8.695442716459368,11.496766266079462,12.591290144714208,10.569325974212774,17.297458789545615,7.00522624754214,6.582552923353134,11.79640150300267
"JSDu, SD=4    activity_regularizer    L2: 10^-4",17.93284781054308,17.472444884789198,11.463539698614738,15.93151536642948,14.326107928581578,14.094879481615507,16.088413186658116,14.210703574395097
"JSDu, SD=4    activity_regularizer    L1: 0.01",-2.504031500952891,8.762317131990073,11.939223240745818,6.173598402778239,6.674976257195269,6.518149020965993,3.019645083439343,2.2566388227322136
"JSDu, SD=4    activity_regularizer    L1: 10^-4",14.762578951567349,21.00953562899187,17.419732727905426,19.577181981270627,18.447634580915405,16.63642786482825,15.5646821358784,16.942076233812642
"JSDu, SD=4    sigma    0.01/SD",15.418482534150996,20.43844098525655,17.752598130862424,17.33750574185852,16.30542775500639,18.48724324926458,14.002725317976825,16.799193702560203
"JSDu, SD=4    sigma    (0.01*4)/SD",15.255482274692241,18.02067004670043,17.409416174409415,14.146758491323098,18.790247324796567,19.14292971339799,17.862689460719437,17.9358191563755
"JSDu, SD=4    sigma    0.01/math.sqrt(SD)",16.20911171306392,17.939399580163453,16.308577026401494,19.031402308798064,16.62952818072415,17.162494774870396,15.570417846438644,25.67860169703313
"JSDu, SD=4    sigma    0.01",14.120820802611547,18.18122333069354,15.048555058114772,14.79992015701626,17.33641076191698,15.46321873227437,13.829977251566419,15.038129161987143
"JSDu, SD=4    sigma    0.05",18.201170153423206,17.56142622960442,15.514833979088223,14.9095471349914,16.294344752804804,16.724484142705478,14.577128815855758,13.796664692579483
"JSDu, SD=4    sigma    0.1",13.224885757812203,14.831335314839649,12.424171395734675,13.891272898260311,15.574785627612727,14.54072709739971,15.677633042940329,13.860573225486888
"JSDu, SD=4    sigma    0.2",6.394117065795854,6.653481525453543,8.113874546453886,8.49052298242104,7.890633710057401,4.5401392429060365,4.602210973132387,7.7699705412902205
"JSDu, SD=4    BN_size    2",10.036625539930085,15.552898006450391,18.999429172001896,16.655808917912196,15.240004968895121,16.199837088054338,16.84598171770682,12.954413799722929
"JSDu, SD=4    BN_size    4",20.028895750250726,18.749399748157018,19.024660065453972,20.514684466185074,20.917109416947483,18.44277574586242,24.841839677586407,17.95179712784676
"JSDu, SD=4    BN_size    5",20.74738219738343,19.270800213826092,23.44704874099962,28.555874026981925,23.110305487103474,21.6906368191824,29.26393712554264,29.446279663920407
"JSDu, SD=4    BN_size    10",51.63807762615856,55.44364640967914,54.37440337515011,50.783844783555985,42.86003957053638,49.099952510421225,51.945688191379524,46.3789643965924
"JSDu, SD=4    BN_size    20",-12.489858634167206,7.248719295910917,4.325445806714399,7.428920314698573,-7.304304641640016,4.188619474817756,21.77054680271371,17.06256792378049
"JSDu, SD=4    BN_size    30",-229.45415229068578,-233.49818947139244,-221.77556742174806,-241.9654812316744,-224.83193431565263,-214.00352406277852,-229.55492873885976,-260.16896997407633,-295.21856032221757
"JSDu, SD=4    sampling_density    15",33.63487540044153,34.57039045426184,34.20139664886251,35.131333964488334,34.71480823458985,36.74682662447548,34.69915716112024,35.67660808296806
"JSDu, SD=4    sampling_density    25",42.38350954867966,41.345986882063116,41.35188681265906,40.940666218758054,41.249899728328494,41.7877498482759,40.63731297453862,41.85042331038466
"JSDu, SD=4    sampling_density    50",52.9135050044683,54.739250779249815,56.00726442113173,55.66949486302795,53.62575840395061,56.61746204616175,54.61759766283019,54.13960569237913,55.41900447413843
"JSDu, SD=4    sampling_density    100",69.15732463855988,69.57445111820124,68.484837027083,68.9930930775582,67.6284577040962,68.82915462946929,68.95210643024942,68.44708258751079,68.26644749305358
"JSDu, SD=4    sampling_density    150",-26.31177961633631,-13.815396587684475,-22.960362627220945,-18.89198370943761,-16.126854231785956,-20.882855716810283,-23.56252962601519,-18.50185939695139,-21.804824165332647
"JSDu, SD=4    sampling_density    300",-41.66220502999295,-40.029438645959175,-37.53977371548373,-41.477380763623785,-41.380267026826346,-40.77223646826485,-40.710033369006254,-37.61772752979593,-38.86486191751544
"JSDu, SD=4    gaussian_noise_sigma    0.01/SD",12.208455447904683,8.714617673020982,17.60467193021576,6.703880760969099,13.811110739369482,9.142636602092239,9.64297404375121,11.682189619309966
"JSDu, SD=4    gaussian_noise_sigma    (0.01*4)/SD",19.056453327558387,14.187346529305344,13.797751865375005,15.689464755305679,15.930660876460536,20.622343641801777,19.705479243390116,15.98879309142869
"JSDu, SD=4    gaussian_noise_sigma    0.01/math.sqrt(SD)",13.597929572522787,15.013831543429944,9.864934249628092,14.72759173401856,17.076389199045664,16.545182341812392,13.787455433151521,10.875502073954706
"JSDu, SD=4    gaussian_noise_sigma    0.01",19.494913825615285,13.274845154817797,16.774869964750067,16.160033558580963,19.405763901297377,18.525144151399644,15.395797732570557,19.38588793712165
"JSDu, SD=4    gaussian_noise_sigma    0.05",16.54961567913307,16.459266085767908,17.77891877708275,14.74855520896999,15.565810977545866,17.334606487652053,19.692857621996467,17.590616295701395
"JSDu, SD=4    gaussian_noise_sigma    0.1",16.747027722435448,16.460929434261985,20.593224965498962,19.73723855534581,16.7609028009917,19.132077933179474,18.567252082488878,18.90557537863549
"JSDu, SD=4    gaussian_noise_sigma    0.2",21.270986090205795,23.86878204795137,25.266003170469432,21.290841963565725,26.406433599606785,13.807056177479922,19.079341109424078,19.753664485675998
"CCE, SD=100    training_method    supervised",98.1678900452542,98.7811238758353,98.34419457517237,98.24752839848162,98.80210679461328,98.78814649236337,98.3938354303015,98.83294435342226,98.61841572381078
"CCE, SD=100    training_method    supervised_2_percent",-40.81487507813404,-42.17832556106049,-37.41641571784399,-41.49302129313435,-45.380298001834774,-52.98960870613837,-40.48487678681724,-40.15317365905361,-46.565872509973616
"CCE, SD=100    training_method    semi_sup_first",13.043936399509121,13.735819999429879,14.794783221910123,15.191063832338173,13.881730283409553,12.713092521279549,13.24123786947898,13.402421186075316,14.642275156274266
"CCE, SD=100    training_method    semi_mixed",21.323257978731903,21.282649531513584,21.148857129889862,21.437963678187202,19.010208819669216,21.525487363056442,21.099767677782964,17.941785659737718,20.960706204414507
"CCE, SD=100    activation_types    ['relu']",-56.07073748322898,-57.07060269782488,-56.04051524614897,-52.70987171778799,-53.76911966666427,-54.75768026154549,-55.062739809361176,-54.071495584244076,-50.655926432376106
"CCE, SD=100    activation_types    ['relu', 'relu', 'relu', 'relu', 'relu']",79.28587551566334,78.1399077884563,80.57148823883745,80.51323428626112,79.88067969764526,77.92831693819062,75.3513675962061,80.31389981559008,76.79099802142703
"CCE, SD=100    activation_types    ['sin', 'cos', 'linear']",44.2490018778295,41.88946180587562,45.528637911481155,49.32184492317391,50.63239222384121,50.37046039246367,51.18217454290249,46.886378291451095,50.185605845162996
"CCE, SD=100    activation_types    ['sin', 'cos', 'linear', 'relu', 'sigmoid']",65.88303984018799,66.24314503340189,65.74555588464713,67.00150217793092,62.60070690279975,67.59739339334304,66.86574088966447,65.87811274314703,70.16544564426378
"CCE, SD=100    input_layer_type    dense",66.66986275095006,69.48816705660997,63.33898625399682,65.61852887591343,64.55000338770483,66.82446291828731,64.16322699472676,66.65143085966109,68.76020955344069
"CCE, SD=100    input_layer_type    gaussian_dropout",69.99781212736795,65.82206069384713,66.53829770822884,67.75657764431725,71.563008088425,66.6489406530641,70.69154963627273,64.2883277526808,70.32821709936003
"CCE, SD=100    input_layer_type    sqrt_softmax",-22.474232140928322,-26.52416789053737,-33.89092956100873,-12.728807353311865,-31.71586619086915,-17.32391889218215,-27.33699750546407,-23.675023271258425,-23.05190033387686
"CCE, SD=100    input_layer_type    gaussian_kernel",61.258702624551155,66.38229409482132,65.6287956483877,64.38162975047575,66.20361067373511,63.6851615600296,61.3490139913334,59.36181938340787,65.33821099011658
"CCE, SD=100    input_layer_type    CNN",67.85145905129156,66.18881044380268,69.20733993657251,65.26873871167956,65.42589610648756,69.28673087075015,67.16039208126583,67.9337786650942,66.2616278205979
"CCE, SD=100    input_layer_type    VAE",-141.89940601534215,-141.04452348999638,-141.33075050134067,-140.1838945221062,-140.23624044528628,-140.29746780027673,-141.777773920557,-140.28036720535576,-141.02099658430237
"CCE, SD=100    encoding_dim    2",57.15402437182706,54.55257248590221,59.052684516008654,60.20550136649753,59.78485140646595,61.63026191438772,59.61321894089455,63.28515177546825,58.09392260634039
"CCE, SD=100    encoding_dim    6",68.22540310627845,69.11472059019493,69.26098312369291,69.15880085252687,72.49084464563383,71.5574254282206,67.30635629062522,72.9481646725453,72.57178308761618
"CCE, SD=100    hidden_layers    5",74.31847819215176,77.88411218246765,66.44244474832712,67.5530944825145,73.31632232176318,75.45628773616538,71.56502457233634,72.2296233542499,77.1310054539185
"CCE, SD=100    hidden_layers    7",-24.450613231772138,-21.574756855527795,-19.260690117777855,-18.9475733960562,-26.45270453939351,-19.988297596407932,47.737470077544934,-10.48701748621923,-21.711242313487844
"CCE, SD=100    hidden_layers    9",-43.405156760862525,-57.18943590935376,-59.841390254915524,-60.864943988740265,-68.0140567030831,-55.30488536995557,-118.57195625390469,-55.75774931033695,-66.69107940940904
"CCE, SD=100    hidden_layers    27",-147.31404571245594,-147.01740848334853,-147.60779199964205,-150.36797402126678,-149.3851665947234,-149.78618703737445,-147.17954473265715,-149.17028412298788,-147.5544210539774
"CCE, SD=100    activity_regularizer    L2: 0.01",47.89822117960381,50.410085100066254,46.97612070244518,52.030625471887,50.67706934416265,50.900984139102704,53.90781858899494,52.68119506483446,50.177445077934564
"CCE, SD=100    activity_regularizer    L2: 10^-4",68.40437451480858,66.11003806170312,72.98595477499752,67.45921756639635,67.6829558890793,71.20487729605728,67.56604753770293,67.83649255968461,70.7843928202787
"CCE, SD=100    activity_regularizer    L1: 0.01",48.20974418402217,50.757827086675796,49.547372270670735,48.67837959972127,51.77736457236776,47.721626289464794,48.274616312215535,49.325611963589154,52.379771399209034
"CCE, SD=100    activity_regularizer    L1: 10^-4",70.94378828698038,69.77581571478679,71.65426504492173,69.11041361834945,69.45482277065122,73.50644855182777,66.42166454680219,69.64983136692798,69.18502472916785
"CCE, SD=100    sigma    0.01/SD",87.39706320326675,80.1514382985656,83.75943493029926,84.02155670546207,86.44800171501802,83.82332279331457,87.48351142736408,88.0475330369013,84.5826922723883
"CCE, SD=100    sigma    (0.01*4)/SD",66.41408522940465,57.84995623980684,68.76071311019709,64.73969531473125,58.98317705589951,67.22019719703925,66.0199388187649,62.5852051466746
"CCE, SD=100    sigma    0.01/math.sqrt(SD)",70.92565692907345,73.73412411451905,69.4853639994663,68.70350362976711,67.75514661093557,71.29968133797026,68.2441243427406,71.33790119832638
"CCE, SD=100    sigma    0.01",67.09203665700774,65.2200306795776,68.98485744324572,68.41875221881784,68.80394889781354,69.02437370891586,69.64107134337902,66.6755612199401
"CCE, SD=100    sigma    0.05",25.597357627566353,30.081355147593626,32.48485598506133,30.301683898906745,33.8609010882213,29.823007011597653,24.714055862649786,31.194069189455305
"CCE, SD=100    sigma    0.1",16.5855396402621,17.292744050590784,17.9575989180765,15.93577279814842,16.858101472699147,14.997017058501271,19.718787968537427,17.526067950412866
"CCE, SD=100    sigma    0.2",-6.068545132825477,-6.1368070512813375,-6.6473714198589136,-6.301827297549508,-6.7729051253433,-6.584673526631505,-5.9716898221721095,-6.4001319088970945
"CCE, SD=100    BN_size    2",85.69016220624428,80.77320302326834,90.4618195574871,86.94340706692748,85.14502964918799,82.892416105097,83.60385821728708,82.893162031738
"CCE, SD=100    BN_size    4",38.81281351452145,40.38213111124532,34.3206236103256,28.925330625199067,33.84231283288854,35.17192915272874,38.398525342348265,39.99719119301193
"CCE, SD=100    BN_size    5",-47.113196191159915,-31.342804662576498,-26.859351973526458,-16.91487508058593,-40.81359773312883,-29.10617202338281,-18.405622006361227,-42.6736527569183
"CCE, SD=100    labeled_data_percentage    5",85.08103199070547,87.36211543297964,84.09887952237236,86.93459276462055,85.4987564408403,84.70277641425449,85.9655885786395,86.80095582009928
"CCE, SD=100    labeled_data_percentage    1",50.1451125683991,54.233354173613314,50.46700047927973,49.592916643567214,43.830262496048896,53.01424397460074,49.79074169421571,47.27826019139102
"CCE, SD=100    labeled_data_percentage    0.5",36.347542983310895,37.69081414746281,34.998289938728675,28.44280540521021,32.89059859988322,26.624307148057724,25.83291218794048,37.404659218025735
"CCE, SD=100    labeled_data_percentage    0.25",22.717103226982843,8.937458641284849,23.289500560635275,21.344215317639495,20.657543379194664,15.231658084551299,18.755693135923977,17.974865048242947
"CCE, SD=100    labeled_data_percentage    0.125",12.10058242149384,2.021752579091981,10.652956189681746,5.70476879117156,-1.915884359649482,-3.560322798688375,4.92254489651387,5.534659175097531
"CCE, SD=100    gaussian_noise_sigma    0.01/SD",69.4190504370763,67.76578562135313,71.28976559912886,69.36426112307596,69.79046358493234,70.01502128637128,68.91173691300834,69.32822460457615
"CCE, SD=100    gaussian_noise_sigma    (0.01*4)/SD",66.07813607171835,65.51697539863957,67.4651940728584,64.59513668321443,67.86484960257548,66.58486629514262,67.6455702371654,69.0733726219932
"CCE, SD=100    gaussian_noise_sigma    0.01/math.sqrt(SD)",67.6155779241329,65.78215883458665,68.0101449376767,66.96709259630305,69.89177411307381,64.99010016758407,69.82382402370047,69.9950384750872
"CCE, SD=100    gaussian_noise_sigma    0.01",69.1037744233924,68.21705802335312,69.24111061528394,72.31053843602406,69.1333627820823,66.60020064921761,70.64188747282763,66.15306644978884
"CCE, SD=100    gaussian_noise_sigma    0.05",67.83374328647145,66.08638854906813,67.07308138079914,69.8466803804022,68.76097898841147,69.89843707117713,67.96374090554738,68.77575420537815
"CCE, SD=100    gaussian_noise_sigma    0.1",32.52442331571217,37.54658630633389,42.76024110452779,38.90490974015262,35.75269141004371,36.80678377909518,35.64164808563697,35.368769986471364
"CCE, SD=100    gaussian_noise_sigma    0.2",-42.9966081415827,-40.284298307668365,-42.61616512950732,-38.859733920104816,-44.11014907477963,-41.53325710516208,-42.17450171066389,-46.29054921718361
"JSD, SD=100    training_method    supervised",97.6713111554808,97.15245470438687,97.94380994993702,97.74264181214872,97.98146076048555,97.80213899588111,97.56982877921573,97.05411011534675
"JSD, SD=100    training_method    supervised_2_percent",-41.96250029822414,-44.79650788998663,-40.13896092819289,-46.56491285287663,-47.19648402886591,-42.571081635347156,-39.957195119499744,-45.495972707968264
"JSD, SD=100    training_method    semi_sup_first",73.0456963739881,73.87188301314637,71.55528754604273,71.57173923281728,72.30647159672948,71.0767761693451,71.64666555674785,72.10667896478476
"JSD, SD=100    training_method    semi_mixed",74.69353481214853,75.21550256385002,76.92327154204526,76.02427223788446,73.61761962894947,74.66037192664952,75.81657165862273,75.9634535179545
"JSD, SD=100    activation_types    ['relu']",-46.89157976827039,-47.536039544644666,-48.27443733779958,-52.02540291189567,-49.93583423178998,-46.614057067368776,-49.99153775731949,-49.29764082117424
"JSD, SD=100    activation_types    ['relu', 'relu', 'relu', 'relu', 'relu']",87.32419957197433,88.23895488025387,85.6423938272277,87.17888997471574,87.67764727323245,87.45066708340832,85.17801487683667,86.98422403366317
"JSD, SD=100    activation_types    ['sin', 'cos', 'linear']",-22.524622399816593,-20.117278015413405,-22.82568526430822,-21.29817717933642,-24.68646831531413,-21.22000770243436,-21.223357585428005,-18.783329220053517
"JSD, SD=100    activation_types    ['sin', 'cos', 'linear', 'relu', 'sigmoid']",82.47786054810422,84.162786632673,83.31785042003139,83.77315257368858,78.08247426506617,81.35328679069556,83.99789504189842,81.50348137771752
"JSD, SD=100    input_layer_type    dense",71.51434391985663,74.23201189504863,74.89791223125714,76.4127020398989,72.95730158280784,74.44452849676577,72.59695409162988,74.50480099682355
"JSD, SD=100    input_layer_type    gaussian_dropout",74.11677259222125,73.07116041281311,75.27850927806972,74.55671355460369,76.27231573126512,74.10883689753572,74.65266293513635,74.30991834866889
"JSD, SD=100    input_layer_type    sqrt_softmax",-47.38093234639467,-70.22675196777269,-55.26952675794513,-52.50407744602586,-47.25310468075804,-50.182337441441405,-51.020680197836384,-46.15264349695454
"JSD, SD=100    input_layer_type    gaussian_kernel",72.00572654075081,64.94370828140177,77.35854662667865,67.0832227326423,74.91341154494015,70.02409852367165,72.76718036294258,70.87568930046758
"JSD, SD=100    input_layer_type    CNN",73.52802444600542,74.90132379853281,74.5279104039011,74.04294738386481,73.055887746061,73.04116013734776,72.19322213083501,69.36664400637068
"JSD, SD=100    input_layer_type    VAE",-145.8599708318505,-145.21990810329288,-145.11426976224917,-145.558638242344,-145.17552723367194,-145.34284272864852,-145.10809627113738,-145.1298720997479
"JSD, SD=100    encoding_dim    2",9.15032654854275,41.75785101757054,34.076210440974734,13.573911242922335,47.991519462113665,40.07117335479633,7.1038621640486355,37.67291359430273
"JSD, SD=100    encoding_dim    6",84.39396247767964,82.3057651614323,85.0072417218937,83.50147780479652,82.8828567848959,83.34107890613268,83.69346529434338,85.61609052851222
"JSD, SD=100    hidden_layers    5",78.65626310116215,80.13259158019217,81.27644747523634,78.87767920585549,81.55661934525779,83.02472594054242,83.88864056907082,81.82777402666713
"JSD, SD=100    hidden_layers    7",-9.14964123245467,-12.767134591137463,2.1815680486596705,-5.205049772182463,16.5162647680649,-8.214749047334223,-17.492341628092362,54.50937026930497
"JSD, SD=100    hidden_layers    9",-150.95797098004533,-147.03043308648745,-152.3582827483174,-146.97266907658656,-148.33772101017297,-150.7381447096564,-146.94204543674905,-148.9827723959615
"JSD, SD=100    hidden_layers    27",-147.66338009575526,-152.32736910610456,-151.05097933445518,-148.73108082024234,-147.33851333599762,-149.97838429715281,-147.58789086175943,-147.7933648107895
"JSD, SD=100    activity_regularizer    L2: 0.01",26.652177252776738,16.81309369393297,11.54703592553389,13.53199017710007,21.357813444114825,17.025510015953756,23.59014360868622,21.323690199458085
"JSD, SD=100    activity_regularizer    L2: 10^-4",82.17091721213377,83.99182525841553,79.90573099402874,80.68742595288357,83.94772236125706,80.14723575998798,79.6442606695688,80.03079091449595
"JSD, SD=100    activity_regularizer    L1: 0.01",-36.3057280657612,-43.275104718885075,-37.68779383097419,-34.87223720149663,-41.544550297475155,-42.50665784503505,-39.15298887515985,-41.62148112018684
"JSD, SD=100    activity_regularizer    L1: 10^-4",83.32284141709654,83.29383404693807,82.71979194153856,83.78940588986373,83.30473587856534,78.44887291155425,81.8306869468585,81.63342387011787
"JSD, SD=100    sigma    0.01/SD",83.96650677104974,85.82849576360096,84.38605762408206,84.47512409761248,90.48054245874191,88.30148822229393,86.57892567266275,83.37723122947573
"JSD, SD=100    sigma    (0.01*4)/SD",87.9886944307943,93.30766396084353,89.72084342186051,93.61384573421597,93.36593322114166,94.12801570754715,86.54736598821758,93.73102579400938
"JSD, SD=100    sigma    0.01/math.sqrt(SD)",96.00698147079089,95.66527736854302,95.61904436381049,95.15609304966462,95.79855821939955,95.78266698441823,94.97467051694,94.06070697645234
"JSD, SD=100    sigma    0.01",84.06059968656699,77.2465677641449,88.06875797946799,85.95540800291508,83.41371563712201,86.32336382901127,82.5916952540151,85.30108695990202
"JSD, SD=100    sigma    0.05",24.39147264620368,21.74244262163826,20.575161647700767,24.02054757825175,19.59400755890809,23.322856866032723,21.408231418817195,22.191603186386672
"JSD, SD=100    sigma    0.1",18.276944333883023,16.844955200770812,17.559349645438672,18.599500018708483,18.129883766094665,13.996665411510932,15.387452455973474,15.137253597057082
"JSD, SD=100    sigma    0.2",-0.10258292651994338,1.1730101994462814,1.148939428327708,0.32132782749270916,-1.2532310860171236,-0.43404319216793397,0.686624279958508,0.5266640146752621
"JSD, SD=100    BN_size    2",89.14434492965307,89.5961888589717,85.49931644926116,88.3951433369125,89.50104176647521,86.58430708804993,83.92340174872118,89.71145021585663
"JSD, SD=100    BN_size    4",2.5780462994119375,4.531053071333503,15.071641585864711,14.057962568047444,35.56573164850526,1.1652967047057814,22.2333624642297,-5.960662346213169
"JSD, SD=100    BN_size    5",-30.8888267002705,-29.565112523870056,-24.407509240660573,-16.300919033725293,-13.08810610727032,-15.417128541642128,-8.884498569450741,-9.899298012471746
"JSD, SD=100    labeled_data_percentage    5",90.2703135250646,92.32865985055255,90.42455674692634,92.35020866159807,90.81597218688734,91.27080751854442,91.25331929561433,91.66766530316961
"JSD, SD=100    labeled_data_percentage    1",76.65561092601902,77.13392087514325,79.42833431365182,79.33378488741714,77.26958063719879,81.47467194975141,73.92911458947245,80.03188230596929
"JSD, SD=100    labeled_data_percentage    0.5",78.23057754784917,76.70926333499142,75.13398620928923,74.55818029360648,78.29711467025925,79.29813067056723,68.51234842058578,74.54359092603863
"JSD, SD=100    labeled_data_percentage    0.25",72.11792846340671,69.9122387247348,69.8312021475753,68.48571387826118,67.4804615949688,71.18060896125692,74.18650619363181,69.2147437402187
"JSD, SD=100    labeled_data_percentage    0.125",65.7103603960559,67.76501222436053,56.247953124345514,56.13931359871852,62.756619571181716,62.03153106775634,60.56066034984557,60.61772997360783
"JSD, SD=100    gaussian_noise_sigma    0.01/SD",76.66953551554904,77.16633943731303,77.17878277738453,76.49024246676913,78.14624825704827,78.53995379612263,78.05158623688271,76.43730887833024
"JSD, SD=100    gaussian_noise_sigma    (0.01*4)/SD",75.66684173035372,77.03650913631874,77.38753705498294,74.77487794104879,77.68465189164044,75.32775812787963,77.333184903696,78.50596305728745
"JSD, SD=100    gaussian_noise_sigma    0.01/math.sqrt(SD)",78.3404531014415,76.53543632707357,75.7973849290434,76.37773947349842,75.67441085364797,75.96060531914065,75.72681007565265,73.24247013576131
"JSD, SD=100    gaussian_noise_sigma    0.01",77.7381773776547,74.62825367772535,77.00998827680053,76.13921882556075,75.99300465271045,76.95323063529578,79.76838341862968,80.10699790385989
"JSD, SD=100    gaussian_noise_sigma    0.05",83.37637967699536,86.07048046576712,85.43850888159412,85.83372395431785,84.19544375057043,82.6888258144489,83.80490392176566,86.30925087257997
"JSD, SD=100    gaussian_noise_sigma    0.1",-19.036357457246666,-9.854527075282533,-20.98611583534519,-24.924001348512235,-18.007721224830604,-19.749549995854125,-15.963709827747266,-15.675817777980342
"JSD, SD=100    gaussian_noise_sigma    0.2",-52.89594702592552,-56.504310280567296,-53.73805080609304,-55.19636050716866,-55.25894216347751,-53.898321079844635,-52.46116039543625,-53.090914712324775
