C,A,B
87,0,82
64,0,68
57,1,27
80,0,77
69,1,44
75,1,27
57,0,82
70,1,35
72,0,78
87,0,76
50,1,19
85,1,43
46,1,20
20,1,26
33,1,16
95,0,80
84,0,66
91,0,62
61,1,49
22,1,16
53,0,72
84,1,44
30,1,32
72,1,22
86,0,65
75,0,89
71,1,38
76,1,18
82,0,76
60,1,29
15,1,11
93,0,81
19,1,28
0,1,14
91,0,75
92,1,43
93,0,72
49,1,20
74,0,72
30,1,14
59,0,75
24,1,7
65,1,28
81,1,52
47,1,14
70,0,80
80,0,69
77,0,75
77,0,82
82,1,29
91,0,75
82,1,31
84,0,65
38,1,33
56,0,81
67,0,63
43,1,32
48,1,15
72,0,74
48,1,51
75,1,39
15,1,9
79,0,85
22,1,32
99,0,74
84,0,75
51,1,41
66,1,29
50,1,50
85,0,85
74,1,31
21,1,19
69,1,40
77,0,67
70,1,23
66,1,26
73,0,75
79,1,27
94,1,34
29,1,27
42,1,20
92,1,19
69,0,78
42,1,20
14,1,9
68,1,43
88,0,80
59,1,19
76,1,37
33,1,32
68,0,75
28,1,25
64,0,77
66,1,30
33,1,28
49,1,21
60,0,72
47,1,33
89,0,75
18,1,16
55,1,34
36,1,32
98,0,67
9,1,19
19,1,16
85,0,74
98,0,79
99,0,85
64,1,42
26,1,19
55,1,17
58,1,28
75,0,72
70,1,41
59,1,8
68,0,83
32,1,13
28,1,30
49,0,72
66,0,64
96,0,80
81,1,3
15,1,21
68,1,23
56,1,28
27,1,15
13,1,31
91,0,76
75,0,82
93,0,87
46,1,27
69,0,65
84,1,41
92,1,28
8,1,12
16,1,8
49,1,47
88,0,76
78,0,74
84,0,69
56,0,66
36,1,23
26,1,13
77,0,65
60,0,77
59,1,13
70,0,88
61,1,21
49,1,33
62,1,36
48,1,27
79,0,73
43,0,67
74,0,74
85,0,82
2,1,10
18,1,29
32,1,30
63,0,82
49,0,82
78,0,73
67,1,24
64,1,25
60,1,32
97,0,84
77,0,78
62,1,31
66,0,64
87,0,71
75,0,74
52,1,18
77,1,18
69,0,76
6,1,21
37,1,20
64,0,90
69,0,85
34,1,30
28,1,12
91,1,31
68,0,69
87,1,15
77,1,35
95,1,19
48,0,65
18,1,6
13,1,33
68,1,37
41,1,21
55,0,81
9,1,21
7,1,20
83,0,83
96,0,64
87,0,84
78,0,73
22,1,22
66,1,33
18,1,10
64,0,66
9,1,10
72,0,71
14,1,29
4,1,9
80,1,21
99,0,77
26,1,21
74,1,44
44,0,85
73,0,66
34,1,23
79,1,24
90,1,18
72,1,21
57,1,28
39,1,24
95,0,91
64,1,34
74,0,82
93,1,25
49,0,67
76,1,44
50,1,25
24,1,18
0,1,16
55,1,20
4,1,30
55,1,29
62,0,86
37,1,44
49,1,21
27,1,27
77,0,73
62,1,52
63,1,29
53,0,71
84,1,47
88,0,78
65,1,28
38,1,25
26,1,30
55,1,47
68,0,84
94,1,36
66,1,24
64,0,81
54,1,9
0,1,23
84,0,78
78,0,74
95,1,26
60,0,72
80,0,77
71,0,70
31,1,27
54,1,23
23,1,11
87,1,22
80,1,20
86,0,75
59,0,68
83,0,64
57,0,83
91,0,67
97,1,51
53,1,23
73,1,35
0,1,4
76,0,75
23,1,8
75,0,84
34,1,42
33,1,30
7,1,10
21,1,5
85,0,66
58,1,8
63,0,82
93,0,81
69,0,72
39,1,43
55,0,73
64,1,41
76,0,59
54,0,77
10,1,25
64,0,78
90,0,82
16,1,8
80,1,41
82,1,27
60,1,26
76,1,29
92,0,82
64,1,32
32,1,8
42,0,71
20,1,28
84,1,53
2,1,18
78,0,78
97,1,45
33,0,70
75,0,78
27,1,33
37,1,12
47,1,9
87,1,40
79,0,77
83,1,22
30,1,44
48,1,25
62,0,81
85,0,96
98,0,87
70,0,68
92,1,38
85,1,21
45,1,27
66,1,35
29,1,24
76,1,38
44,1,36
10,1,18
43,1,36
77,0,73
93,0,70
39,1,9
16,1,14
43,1,38
35,1,24
38,1,14
10,1,6
71,0,71
35,1,21
67,1,15
77,0,88
90,0,69
26,1,31
28,1,14
31,1,19
62,1,11
99,0,72
75,1,20
92,0,75
40,1,22
46,1,23
74,1,46
2,1,15
17,1,20
35,1,9
48,1,30
44,1,14
62,1,40
59,1,11
63,1,28
87,0,73
91,0,62
99,0,85
80,0,74
29,1,9
59,0,74
69,1,34
88,1,79
50,1,26
72,1,26
41,1,30
90,0,81
33,1,23
73,0,71
77,1,41
78,0,76
81,0,91
52,1,29
35,1,23
62,1,35
90,1,27
79,0,82
82,0,68
12,1,8
78,0,67
61,0,70
54,0,78
37,1,30
40,1,8
77,0,66
64,0,71
28,1,23
82,0,80
23,1,38
89,1,44
41,1,40
87,0,76
43,1,29
66,1,25
78,0,70
87,0,73
82,0,73
57,1,29
44,0,74
50,1,35
66,0,85
36,1,22
34,1,37
55,1,35
85,1,33
78,0,59
86,0,76
40,1,20
93,0,69
32,1,23
90,0,80
93,0,74
31,1,50
11,1,26
80,1,12
54,1,26
57,1,24
71,0,66
76,0,82
53,1,30
57,1,12
21,1,6
11,1,25
48,1,29
77,0,88
65,1,23
58,0,66
87,0,74
62,1,26
92,0,74
1,1,14
58,1,30
23,1,29
44,1,31
39,1,37
39,1,11
76,0,76
69,1,18
79,1,58
50,1,30
60,1,28
48,1,53
91,1,48
61,1,24
95,1,40
71,0,64
4,1,9
18,1,17
52,1,30
3,1,23
88,0,83
75,0,62
82,1,7
75,1,19
84,0,92
70,0,77
79,1,30
44,1,14
77,0,72
39,1,37
92,1,28
69,0,82
67,0,88
70,0,82
57,1,34
72,0,80
66,1,22
45,1,39
90,0,82
20,1,16
69,1,47
60,1,27
66,0,74
89,0,85
24,1,17
7,1,23
2,1,17
83,0,71
83,1,18
20,1,8
13,1,36
47,1,30
99,0,88
89,0,74
50,1,28
12,1,20
59,1,36
16,1,16
72,0,76
85,0,66
61,1,25
11,1,22
67,0,95
97,1,12
50,1,30
16,1,0
75,1,51
69,0,72
65,0,65
81,0,78
83,0,71
83,0,73
12,1,8
12,1,21
62,1,26
55,1,41
45,1,27
39,1,34
71,1,29
23,1,12
13,1,36
49,0,73
59,1,34
82,0,78
27,1,4
30,1,15
26,1,31
66,0,89
97,0,78
89,1,32
54,1,19
58,1,22
62,1,11
74,0,68
4,1,11
52,1,33
6,1,3
60,0,77
4,1,11
70,1,14
60,0,71
65,1,20
39,1,34
56,0,55
2,1,17
89,1,41
79,0,77
54,0,61
38,1,1
69,1,21
31,1,19
14,1,3
92,0,72
68,1,17
86,0,71
48,1,8
5,1,9
61,0,89
73,0,65
92,1,4
68,1,15
63,0,80
25,1,21
58,0,68
63,0,68
88,0,73
30,1,38
68,1,51
60,1,21
91,1,31
54,1,23
74,0,70
78,0,76
75,0,68
40,0,85
94,0,86
22,1,18
79,0,76
92,0,76
94,0,76
84,1,15
85,0,84
87,1,25
57,1,46
82,1,23
32,1,22
55,1,28
48,1,30
80,0,78
47,1,28
75,0,76
17,1,28
75,1,20
30,1,20
77,1,23
97,0,71
50,0,65
74,1,36
60,0,71
30,1,27
84,1,42
58,1,42
83,0,88
57,0,60
72,1,30
35,1,19
98,1,26
18,1,29
81,0,84
58,0,77
95,0,85
66,1,24
84,1,21
69,0,77
72,1,33
57,1,25
33,1,20
56,0,76
70,0,89
51,1,4
87,0,70
73,1,37
10,1,13
94,0,71
61,0,78
87,0,87
78,1,36
40,1,6
84,0,68
74,0,68
94,0,77
48,1,48
72,1,39
22,1,25
63,1,33
87,1,46
40,1,27
90,0,62
17,1,23
43,1,12
91,0,92
78,1,42
5,1,17
86,0,71
64,0,65
93,0,89
75,0,80
38,1,25
34,1,39
86,1,15
89,1,26
38,1,24
73,1,3
39,1,32
68,0,72
71,0,84
70,0,72
15,1,37
53,1,12
27,1,22
9,1,27
68,0,81
70,1,29
12,1,15
86,1,21
85,1,22
77,1,23
62,0,75
12,1,8
91,1,37
80,0,75
59,1,21
70,1,19
43,1,24
50,1,20
95,1,56
48,1,28
85,0,77
28,1,21
95,0,85
81,0,80
79,1,26
80,0,71
68,0,85
81,1,57
29,1,19
50,1,39
7,1,18
64,1,19
12,1,15
35,1,15
66,1,35
62,1,20
98,0,85
67,1,17
57,1,36
24,1,23
64,1,9
39,1,30
0,1,6
68,0,86
16,1,28
68,0,64
93,0,66
79,0,83
65,1,36
22,1,3
65,1,31
77,0,82
0,1,15
66,0,68
51,1,41
44,1,30
24,1,18
63,0,70
31,1,42
93,0,76
79,0,61
74,1,28
21,1,24
61,1,28
86,0,70
77,0,70
74,1,38
57,1,35
38,1,23
68,1,18
68,1,37
18,1,28
71,0,70
58,1,40
39,1,20
96,0,89
32,1,25
56,0,81
9,1,26
41,1,32
74,0,76
81,0,77
84,1,47
42,1,17
64,0,69
23,1,23
87,0,64
82,0,64
8,1,16
76,0,66
48,1,54
84,1,36
22,1,23
57,1,44
8,1,19
88,1,55
73,0,76
81,0,74
84,0,81
56,0,79
27,1,7
93,0,76
38,1,40
13,1,17
56,0,82
58,0,75
58,0,75
80,1,36
89,0,74
33,1,25
41,1,28
37,1,40
91,0,79
86,1,37
80,0,69
40,1,19
79,0,72
40,1,48
44,1,30
53,1,32
42,1,25
90,0,77
95,1,46
50,1,6
40,1,32
53,1,14
82,0,75
68,1,11
44,1,26
59,1,22
65,1,32
94,1,40
92,0,66
91,0,76
63,0,75
80,1,46
86,0,85
53,1,40
48,1,16
70,0,78
79,0,67
94,0,58
60,1,32
50,1,31
82,0,89
47,1,33
9,1,22
33,1,13
66,1,32
67,0,80
3,1,12
59,1,24
27,1,31
42,0,73
13,1,28
87,1,16
92,1,30
46,1,13
65,1,30
4,1,17
98,0,85
64,0,65
71,0,78
23,1,26
83,1,20
43,1,36
83,1,18
79,0,81
80,0,76
92,0,77
50,1,21
35,0,60
43,0,65
57,1,2
58,1,7
95,0,70
88,0,82
67,1,48
65,1,27
89,0,75
21,1,26
49,1,15
58,1,24
76,1,30
88,1,27
84,1,25
95,1,34
31,1,20
18,1,18
6,1,6
58,0,70
34,1,36
69,0,70
79,0,69
83,0,82
56,0,68
72,1,10
69,1,48
36,1,35
67,1,34
89,0,78
54,0,77
93,0,83
72,0,86
36,1,17
46,1,13
83,0,69
73,0,77
3,1,24
62,0,76
96,0,68
68,1,41
13,1,25
68,1,51
84,0,76
0,1,14
4,1,3
82,0,83
60,1,25
61,0,78
33,1,25
71,0,62
75,1,39
50,0,77
50,1,18
92,0,69
74,0,66
88,1,40
85,0,75
80,0,66
73,0,75
66,0,72
7,1,16
56,0,74
75,0,73
82,0,70
75,0,74
55,0,68
90,0,67
47,1,33
91,0,75
81,1,47
57,0,75
49,1,34
78,1,33
23,1,22
47,0,67
16,1,31
72,0,70
44,1,46
5,1,17
76,0,69
69,0,84
52,1,52
83,1,22
81,1,8
86,0,75
59,1,27
63,1,43
94,0,81
16,1,16
68,0,71
71,1,18
36,1,39
66,1,37
77,0,74
18,1,14
53,1,43
23,1,30
43,1,23
46,1,17
55,1,28
95,0,76
89,1,30
99,0,73
59,0,70
85,0,83
66,0,85
17,1,16
79,0,61
54,1,19
60,1,46
56,1,49
88,1,18
57,1,64
65,1,21
37,1,34
81,1,37
74,1,31
68,0,66
80,0,77
70,0,75
64,0,77
64,0,77
3,1,19
83,0,73
30,1,13
93,1,6
7,1,23
24,1,11
64,1,30
46,1,18
45,1,30
87,0,73
84,0,72
67,0,81
51,0,63
64,0,69
96,0,76
85,0,76
78,0,78
47,1,38
72,1,37
77,1,28
87,0,90
81,0,68
87,1,23
89,0,76
87,0,92
89,0,85
33,1,11
48,0,77
64,1,25
2,1,10
28,1,30
82,0,75
47,1,8
74,0,70
88,0,81
86,0,79
82,0,72
27,1,41
72,1,42
32,1,25
53,0,75
69,0,80
68,0,74
74,0,80
87,0,72
68,0,87
61,0,81
55,0,91
15,1,18
35,1,28
67,1,26
89,0,78
79,0,61
72,0,76
37,1,40
11,1,7
44,1,5
68,0,66
99,1,24
29,1,19
45,0,74
63,0,63
53,0,69
66,0,84
31,1,24
37,1,17
52,0,72
63,0,78
56,0,66
73,1,27
31,1,30
67,0,76
57,0,59
90,1,34
60,1,17
25,1,21
81,1,32
44,1,13
57,1,24
86,0,74
30,1,38
56,1,38
2,1,21
65,0,67
5,1,20
73,1,29
81,1,28
87,0,65
26,1,9
87,0,69
1,1,16
69,1,31
80,0,74
58,1,35
49,1,6
53,1,29
96,1,5
39,1,32
91,0,85
85,1,42
35,1,16
51,0,63
95,1,40
14,1,19
69,1,37
47,1,30
77,0,90
78,1,24
10,1,34
43,1,27
61,1,23
37,1,38
99,1,14
52,1,40
55,0,81
5,1,17
70,0,86
55,1,39
66,0,71
94,1,43
82,1,17
53,0,83
84,0,76
68,0,81
82,1,20
53,1,36
36,1,20
96,0,71
82,1,36
90,0,77
84,1,54
84,1,26
56,1,32
44,1,10
79,1,35
33,0,75
27,1,36
3,1,29
11,1,22
79,0,86
73,1,19
88,0,71
59,1,12
57,0,72
64,1,44
26,1,20
71,0,53
16,1,29
76,1,33
71,0,78
80,0,73
45,1,35
40,1,32
95,1,22
30,1,20
73,1,22
37,1,6
55,1,38
42,1,43
86,1,27
87,0,84
85,0,81
51,1,32
22,1,24
5,1,6
84,0,86
58,1,38
74,0,78
50,1,38
82,0,89
77,1,35
43,1,28
26,1,5
68,0,68
62,1,39
86,0,73
70,0,74
78,1,17
77,0,69
99,0,74
44,1,17
71,1,24
30,1,21
77,0,88
1,1,17
3,1,14
64,1,15
89,0,58
97,1,21
96,0,73
85,0,83
99,1,30
33,1,29
18,1,12
18,1,34
69,0,80
83,0,81
35,1,13
94,1,15
43,1,25
66,1,35
96,0,87
80,0,68
49,1,20
63,1,22
69,1,23
35,1,22
69,0,82
78,1,30
54,1,40
77,1,3
57,1,16
10,1,16
90,0,77
71,0,71
79,0,76
95,0,78
15,1,43
46,1,44
77,1,2
21,1,25
17,1,31
51,1,28
29,1,10
45,1,25
96,0,77
1,1,17
40,1,21
76,0,71
81,0,83
35,1,16
38,1,22
46,1,5
71,0,72
82,0,83
16,1,13
28,1,32
4,1,15
55,1,23
71,0,66
77,1,22
75,0,75
72,0,80
49,1,37
58,1,30
65,0,77
35,1,17
91,0,80
75,1,19
74,0,80
57,1,21
56,0,79
62,1,45
56,1,20
3,1,31
68,0,82
67,0,69
67,0,83
31,1,19
68,1,1
70,1,41
86,0,69
74,1,9
38,1,25
69,1,25
64,1,30
33,1,13
71,0,66
98,0,81
74,0,70
79,0,68
53,0,82
46,1,51
67,1,41
50,0,64
18,1,19
41,1,17
34,1,12
61,1,25
47,1,34
64,1,37
88,0,83
81,1,34
63,0,72
33,1,19
90,0,76
65,1,31
83,1,31
87,1,37
50,1,21
37,1,27
27,1,25
72,1,34
42,1,18
75,0,84
43,1,12
79,0,88
84,1,39
71,0,80
79,1,39
61,1,20
72,1,24
76,1,33
4,1,30
68,0,71
88,1,29
16,1,29
92,0,71
0,1,3
95,1,43
19,1,31
82,1,34
26,1,29
92,0,73
87,0,75
4,1,23
87,0,72
31,1,33
81,0,70
53,0,71
60,1,24
52,0,71
82,1,24
90,1,25
71,1,40
28,1,26
62,1,39
44,1,17
1,1,7
54,1,16
80,1,33
73,0,70
62,1,39
38,1,13
46,1,29
70,0,75
84,0,77
59,1,18
36,1,11
54,1,17
47,1,26
36,1,7
36,1,30
67,0,75
12,1,24
33,1,29
80,0,73
16,1,24
47,1,17
38,1,15
11,1,14
78,1,5
5,1,16
30,1,30
39,1,12
48,1,35
56,1,19
81,1,33
76,0,78
82,0,67
54,0,88
35,1,24
88,0,83
82,0,75
45,1,12
62,1,34
41,1,37
9,1,32
52,1,35
71,1,46
81,0,75
34,1,1
39,1,18
57,1,21
85,0,66
98,1,13
85,1,30
94,0,71
33,1,36
58,1,16
62,0,82
48,1,35
21,1,22
96,0,69
26,1,20
91,1,31
83,0,70
66,0,66
91,0,82
44,1,18
47,1,21
84,1,39
74,0,66
55,1,44
76,1,41
53,1,26
90,0,77
39,1,21
66,0,93
59,1,51
86,0,78
22,1,13
93,0,64
83,0,75
68,1,40
73,0,77
33,1,25
97,0,84
61,0,73
39,1,21
74,0,72
5,1,13
46,1,28
42,1,11
57,1,35
97,0,83
49,1,38
68,0,79
94,0,80
74,1,35
67,0,72
68,1,16
57,1,35
79,0,89
57,1,42
38,1,15
22,1,8
79,0,74
73,1,31
88,0,75
81,0,74
88,0,89
47,1,37
34,1,22
94,0,82
53,1,24
55,0,75
37,1,26
38,1,4
31,1,30
64,1,26
47,0,76
97,0,70
70,0,77
61,0,81
49,1,39
16,1,13
56,1,17
22,1,8
93,0,76
88,0,78
75,0,81
80,0,90
44,1,1
80,0,75
18,1,12
88,1,17
53,1,32
91,1,8
93,1,23
83,0,76
62,1,16
70,0,83
69,0,68
85,0,70
80,0,78
10,1,20
27,1,5
25,1,28
91,0,69
56,1,42
63,1,35
69,1,41
51,1,23
24,1,19
57,0,82
80,1,12
76,1,37
70,0,77
59,0,74
93,0,88
72,0,76
32,1,6
62,0,80
22,1,7
63,1,36
55,0,81
85,1,27
75,0,78
94,0,92
59,0,68
99,0,67
26,1,29
37,1,39
53,1,21
43,1,30
74,0,68
56,1,35
91,1,12
22,1,9
67,1,31
58,1,32
40,1,31
74,1,28
49,0,74
77,0,69
97,0,77
6,1,16
4,1,14
95,1,30
48,1,24
15,1,11
94,0,74
61,0,73
5,1,19
32,1,34
99,0,73
66,0,83
40,1,27
82,0,73
28,1,42
66,0,82
36,1,22
80,0,75
9,1,9
60,1,33
77,1,24
99,0,76
6,1,15
52,1,19
96,1,29
41,1,38
72,1,2
85,0,82
94,1,7
77,0,76
54,1,30
69,1,31
76,1,29
21,1,27
91,1,24
70,0,84
78,0,76
78,0,75
76,1,25
99,1,37
11,1,24
66,1,35
37,1,35
80,1,33
94,1,40
53,1,25
71,1,33
85,1,25
52,0,69
96,0,78
39,1,26
81,0,63
68,1,34
50,1,30
83,0,80
54,1,25
50,0,76
64,1,48
76,0,88
85,0,77
48,1,26
24,1,18
55,1,24
36,1,29
36,1,6
67,1,31
87,0,70
56,0,73
45,1,42
22,1,24
30,1,11
52,1,44
37,1,31
76,0,73
74,1,46
76,0,74
79,1,28
26,1,20
86,0,76
60,1,18
69,0,83
49,1,28
27,1,19
72,0,73
62,0,85
57,0,93
52,0,69
31,1,19
36,1,20
60,1,46
87,1,38
76,1,52
69,0,74
61,0,76
36,1,28
5,1,6
71,1,33
61,0,68
65,1,16
50,1,13
20,1,22
35,1,25
61,0,71
91,0,77
37,1,7
30,1,37
34,1,7
48,0,74
43,1,44
56,1,37
51,1,18
87,1,15
29,1,42
70,0,72
45,1,27
57,0,79
57,1,49
96,0,77
49,1,24
27,1,17
52,1,18
75,1,35
78,0,64
0,1,9
23,1,16
26,1,35
72,0,76
17,1,23
91,0,84
61,1,14
76,0,73
58,1,32
50,0,65
73,0,77
94,0,71
56,0,72
59,0,62
4,1,22
16,1,9
85,1,37
79,0,70
59,1,36
65,1,20
22,1,10
87,1,37
97,1,15
24,1,25
68,1,51
68,0,67
94,1,42
29,1,14
70,1,34
69,1,30
5,1,12
71,0,86
84,0,74
59,0,69
61,0,88
76,0,84
64,0,77
77,1,5
41,1,30
89,0,73
8,1,6
66,0,79
44,0,71
92,0,79
65,0,76
91,0,70
17,1,18
32,1,22
34,1,30
35,1,23
90,0,81
35,1,29
47,1,4
42,1,10
69,1,26
86,0,58
89,0,82
17,1,15
14,1,8
70,0,87
50,0,80
85,0,78
52,1,23
65,0,74
56,0,90
65,1,46
70,0,80
30,1,22
44,1,50
45,1,33
66,0,63
84,1,25
54,1,22
49,1,24
54,0,70
20,1,17
60,1,28
45,1,25
93,1,19
91,0,80
37,1,41
80,0,77
45,1,15
99,1,33
47,1,38
83,0,74
79,1,26
39,1,33
43,0,74
32,1,21
9,1,4
62,0,75
27,1,0
12,1,25
59,0,63
73,1,12
87,0,78
91,1,7
47,1,31
80,0,77
21,1,39
95,0,83
87,0,72
81,1,48
58,0,85
88,0,75
95,0,80
75,1,22
17,1,28
80,1,11
94,0,81
77,0,68
69,0,77
34,1,21
55,1,41
86,0,67
18,1,26
48,1,1
6,1,13
64,1,49
35,1,10
82,0,77
96,0,74
1,1,16
63,1,31
60,0,82
28,1,25
38,1,26
57,1,19
77,1,29
84,1,34
64,1,22
61,1,35
19,1,23
62,0,76
59,1,29
58,0,84
62,1,14
89,0,91
67,0,69
48,1,14
87,1,40
18,1,29
88,0,79
68,1,40
74,1,38
86,1,33
92,1,18
62,1,28
96,0,67
85,0,61
61,1,18
43,1,27
87,1,30
19,1,27
86,0,77
76,1,19
79,0,79
85,1,33
22,1,10
90,1,43
65,0,88
81,0,74
86,1,42
68,0,74
41,1,50
29,1,17
86,1,53
84,1,4
15,1,24
68,0,74
29,1,35
52,0,78
73,0,79
67,0,78
11,1,13
77,0,75
80,0,85
81,1,18
77,1,35
47,1,36
58,1,55
36,1,25
98,1,36
98,1,37
86,1,22
31,1,38
25,1,42
12,1,14
38,1,32
76,1,32
52,0,74
10,1,10
87,1,24
86,0,70
87,1,13
97,0,80
89,0,75
18,1,19
59,1,35
31,1,26
59,1,30
41,1,17
91,0,85
44,1,33
5,1,22
40,1,27
95,0,85
15,1,28
67,0,81
82,0,73
68,0,87
70,0,75
96,1,41
57,0,80
81,1,43
76,0,77
82,0,80
70,0,66
31,1,16
71,1,23
60,0,61
18,1,21
37,1,34
87,1,13
41,1,36
77,1,26
60,1,35
89,0,95
27,1,32
8,1,16
84,0,64
40,1,23
75,1,0
69,1,21
92,0,78
44,1,21
96,1,53
49,1,30
80,0,92
88,0,75
9,1,2
64,0,77
45,1,39
40,1,31
20,1,30
22,1,26
73,1,26
39,0,59
14,1,28
27,1,19
47,1,17
90,0,82
3,1,15
92,0,67
98,1,53
41,1,17
82,0,81
67,1,22
80,0,68
46,1,46
62,0,64
76,1,38
36,1,16
54,1,46
26,1,33
13,1,15
27,1,13
55,1,37
17,1,22
75,0,91
90,0,85
93,0,73
85,0,76
52,1,32
55,1,19
68,0,76
10,1,22
87,0,80
75,0,79
71,0,78
68,0,83
47,1,7
44,1,28
74,0,65
0,1,6
89,1,35
76,0,88
64,0,65
26,1,19
56,0,81
55,1,26
65,0,77
97,0,75
8,1,16
83,1,18
70,0,73
85,1,6
88,0,73
78,0,64
65,0,74
84,0,72
81,0,77
23,1,36
69,0,68
63,1,25
61,1,21
76,1,30
69,0,92
85,1,14
35,0,70
58,1,28
77,1,37
71,1,32
53,1,35
68,0,85
68,0,66
53,0,82
18,1,13
63,1,46
85,0,68
91,0,67
44,1,14
22,1,19
25,1,14
78,1,20
69,1,36
83,0,81
69,0,74
33,1,23
64,0,79
74,0,76
93,1,56
85,0,84
18,1,30
17,1,26
50,1,43
33,1,14
65,1,32
72,0,76
92,0,86
6,1,16
97,1,37
68,1,14
69,0,79
62,0,75
77,0,71
70,0,84
28,1,16
63,0,74
17,1,24
95,0,83
41,1,37
49,1,46
78,0,85
96,1,25
58,1,37
86,0,79
77,1,19
52,0,71
77,0,73
65,1,14
23,1,15
65,1,19
80,1,16
55,0,81
50,1,28
83,0,76
63,1,38
73,1,31
21,1,3
82,0,76
75,0,86
36,1,35
40,1,0
73,0,76
63,1,35
6,1,6
61,1,30
82,0,77
61,1,36
47,1,26
59,0,82
41,1,29
39,1,31
66,1,27
85,0,81
55,0,88
47,0,80
81,1,34
63,1,56
74,0,65
93,0,58
4,1,23
21,1,31
50,1,31
93,0,75
89,1,19
67,0,84
16,1,27
35,1,38
90,0,88
40,1,32
65,0,74
70,0,63
61,1,23
16,1,8
96,0,75
31,1,37
71,0,80
14,1,18
65,1,7
65,1,52
73,0,83
60,1,36
82,0,73
51,0,68
10,1,4
80,0,76
51,1,30
34,1,30
39,1,23
88,0,78
56,1,55
84,0,76
9,1,16
50,0,66
87,0,79
2,1,8
87,1,31
24,1,7
41,1,30
58,0,74
53,1,15
8,1,11
56,0,75
82,0,70
41,1,37
71,0,83
34,1,4
65,1,33
70,0,78
65,0,73
55,1,25
93,0,72
87,1,31
54,0,70
39,1,10
94,0,82
31,1,8
19,1,11
73,0,92
62,1,18
25,1,7
86,0,79
57,0,70
39,1,15
12,1,35
87,1,31
70,0,76
90,0,79
82,0,85
49,0,76
16,1,45
58,1,45
33,1,10
51,1,34
66,0,84
85,0,67
28,1,26
96,1,40
79,1,20
68,0,69
86,0,76
89,1,23
84,0,74
93,0,70
60,0,69
6,1,18
63,0,65
98,0,80
9,1,10
87,1,20
30,1,28
38,1,32
58,1,33
83,0,86
69,0,79
89,1,38
72,1,23
74,0,70
38,1,22
73,1,44
94,1,10
15,1,27
22,1,21
51,0,58
62,1,10
86,0,80
36,1,36
33,1,3
90,1,38
79,0,85
67,1,36
98,0,62
59,1,52
92,1,39
30,1,45
64,0,62
43,1,26
26,1,8
44,1,28
53,1,27
72,0,69
26,1,0
26,1,35
8,1,8
38,1,33
39,1,20
84,0,81
46,0,73
65,0,73
45,1,22
87,0,72
82,1,18
91,1,39
23,1,29
66,0,62
30,1,30
86,0,87
72,1,24
63,1,42
35,1,32
66,0,78
73,0,75
92,0,76
65,1,24
42,1,26
74,0,75
69,1,42
53,0,81
30,1,5
78,0,81
75,0,78
45,1,14
84,1,16
65,1,24
68,0,64
70,1,14
86,0,98
31,1,23
87,1,30
59,0,90
92,1,16
85,0,84
91,0,67
72,1,2
43,1,29
5,1,17
39,0,75
73,0,69
87,1,18
62,0,75
27,1,30
55,1,53
54,0,64
89,0,80
50,1,25
60,0,89
98,1,61
46,1,26
78,1,38
37,1,7
35,1,15
86,1,30
53,0,74
47,1,22
57,1,5
72,0,78
99,0,74
97,0,89
55,0,84
71,0,82
55,1,16
53,1,44
61,1,30
49,1,26
41,1,28
55,1,18
64,0,69
74,0,87
85,1,27
80,0,74
68,0,71
42,1,25
98,0,75
96,1,51
63,0,75
77,0,84
65,1,43
82,0,70
61,1,29
94,0,66
44,0,72
87,1,10
46,1,4
87,0,78
84,1,18
85,1,24
95,1,40
91,0,83
97,0,75
49,1,29
98,0,79
57,1,29
87,1,3
99,0,86
95,1,36
0,1,2
9,1,6
23,1,15
97,0,72
44,1,40
25,1,29
79,0,79
79,0,71
44,0,86
91,0,72
61,1,39
47,1,37
73,1,22
78,0,62
69,0,72
78,0,83
84,1,53
81,0,76
92,1,31
76,1,34
16,1,42
86,0,77
87,1,19
5,1,25
81,0,70
41,0,66
67,0,79
98,0,70
88,0,92
39,1,23
66,1,25
33,1,36
56,0,82
22,1,25
99,0,77
61,0,78
61,1,23
46,0,69
6,1,32
87,0,81
21,1,10
45,1,32
56,0,69
82,1,27
44,1,40
65,1,33
73,1,16
47,0,73
54,0,71
97,0,74
8,1,39
26,1,33
93,0,78
76,0,75
67,0,70
64,0,77
96,1,50
64,1,29
63,1,20
30,1,31
16,1,9
6,1,20
18,1,19
62,1,26
39,1,31
63,1,32
43,1,26
68,1,35
86,1,26
39,1,31
25,1,12
91,0,82
39,1,29
27,1,16
46,1,36
67,0,76
35,1,27
28,1,10
45,0,76
52,1,10
88,1,24
35,1,43
32,1,23
72,1,49
70,1,37
84,0,86
84,0,73
54,1,44
90,1,2
72,0,81
84,0,84
24,1,0
3,1,30
62,0,76
98,1,29
59,1,21
46,1,13
4,1,7
75,0,72
90,1,22
17,1,34
12,1,20
35,1,31
80,1,31
52,0,82
96,0,88
50,1,27
63,0,77
30,1,30
50,0,69
53,1,48
48,1,16
76,0,75
78,1,30
62,1,44
59,1,17
59,1,35
79,0,69
84,1,49
98,1,8
61,1,14
20,1,5
92,1,25
49,1,4
56,1,3
24,1,29
80,0,80
86,0,81
70,0,80
54,1,7
33,1,13
47,1,32
77,1,44
41,1,23
50,0,72
58,0,67
87,0,66
66,1,0
70,1,5
80,1,22
5,1,29
89,0,84
20,1,27
41,1,30
62,1,33
48,1,42
69,0,81
86,1,29
87,1,36
76,1,52
37,1,1
56,1,26
64,0,78
81,0,75
26,1,25
13,1,14
21,1,13
93,1,23
60,1,35
82,0,95
79,0,83
35,1,29
32,1,26
45,1,14
8,1,15
61,0,75
34,1,33
9,1,13
43,0,69
19,1,27
64,1,27
76,0,89
7,1,12
48,1,8
46,1,16
75,1,31
1,1,20
16,1,25
71,1,36
1,1,6
54,0,89
71,0,73
37,1,18
21,1,19
8,1,4
14,1,20
62,1,17
89,0,73
13,1,8
63,0,78
82,1,7
44,1,31
71,0,76
66,0,71
93,0,76
64,1,13
73,1,46
60,1,38
87,1,38
85,1,34
90,1,7
8,1,20
81,0,71
11,1,14
85,0,77
76,0,96
64,0,76
59,1,36
84,1,7
85,1,9
67,0,76
98,1,35
31,1,35
66,1,34
71,0,85
61,1,10
67,0,61
27,1,17
57,1,35
23,1,12
1,1,12
70,1,44
78,0,84
73,0,66
88,1,26
70,1,30
56,0,79
94,0,74
14,1,25
19,1,19
22,1,21
40,1,16
72,0,75
90,0,80
78,1,25
89,1,34
43,1,32
43,1,35
61,1,25
24,1,25
73,0,68
96,1,52
62,0,71
32,1,19
84,0,76
40,1,30
24,0,62
5,1,15
74,0,60
73,0,77
43,1,16
59,0,81
36,1,29
99,0,71
7,1,25
59,1,24
58,0,60
73,0,80
83,1,51
20,1,39
74,0,79
55,0,87
14,1,22
30,1,26
37,1,33
40,1,2
90,0,83
42,1,21
71,1,32
78,1,30
27,1,8
39,1,32
66,0,56
70,0,78
32,1,6
7,1,25
56,1,19
53,0,65
77,0,81
82,0,72
50,1,27
95,0,75
81,0,74
54,1,19
87,1,44
2,1,13
38,0,78
77,1,32
91,0,76
14,1,23
47,0,70
87,1,13
60,1,37
5,1,32
14,1,12
64,1,29
71,1,39
50,1,35
57,0,70
42,1,36
51,1,20
55,1,8
40,1,13
48,1,20
59,0,72
77,1,33
65,0,82
72,1,22
44,1,34
60,0,67
49,1,36
66,1,35
41,1,19
44,1,35
68,0,67
74,0,73
70,0,86
96,0,87
55,0,81
70,1,25
39,0,63
94,0,75
93,1,26
62,1,45
71,1,32
94,1,37
94,1,49
61,1,28
2,1,10
88,0,81
73,0,65
75,0,83
42,1,39
83,1,34
58,1,20
3,1,0
77,0,93
92,0,75
75,0,85
73,1,26
89,1,30
92,0,81
76,0,81
78,0,68
37,0,75
41,1,37
10,1,10
61,1,27
68,1,46
43,1,15
27,1,28
74,1,24
65,1,38
81,0,82
25,1,3
54,1,13
69,1,23
93,0,71
0,1,14
86,1,41
93,0,73
89,0,63
37,1,22
83,0,80
57,0,91
57,1,8
60,0,76
69,1,37
60,1,16
84,0,72
32,1,27
9,1,12
42,1,10
85,0,78
38,1,27
68,1,28
27,1,25
64,0,74
75,0,85
83,0,82
61,0,67
66,0,81
47,0,76
76,1,30
27,1,26
45,1,24
65,1,28
42,1,26
88,1,40
98,0,84
78,1,36
30,1,24
14,1,31
82,1,27
45,1,36
78,0,91
73,0,90
91,0,77
62,1,53
53,1,19
18,1,36
19,1,21
31,1,19
33,1,49
82,0,73
99,0,63
51,1,22
97,1,57
11,1,17
80,1,2
92,0,60
99,1,1
47,1,40
49,1,16
18,1,19
32,1,43
12,1,18
93,0,65
51,1,12
29,1,33
8,1,22
69,0,78
59,0,90
72,1,64
99,1,27
50,1,17
92,1,26
64,0,71
67,0,84
91,0,88
97,1,32
46,1,38
67,1,17
65,0,82
9,1,5
60,1,9
85,0,69
24,1,20
82,1,55
93,0,79
77,0,75
31,1,27
79,0,69
44,0,75
9,1,16
65,0,72
73,1,25
47,1,6
20,1,13
65,1,29
32,1,23
77,1,26
55,0,63
77,0,90
72,1,27
80,0,80
72,0,72
74,1,8
90,0,86
93,0,90
78,0,64
51,1,35
64,0,62
87,0,77
85,0,70
72,0,75
37,1,30
81,1,44
85,1,0
83,0,86
16,1,22
23,1,13
30,1,10
64,0,76
81,0,74
33,1,36
6,1,14
86,0,64
16,1,19
99,0,70
67,1,26
30,1,27
47,1,1
54,0,80
91,0,75
93,1,18
47,1,27
5,1,19
62,0,78
78,1,40
99,1,20
93,0,75
28,1,47
33,1,17
90,0,75
72,1,37
96,0,62
86,0,71
89,1,31
29,1,18
84,0,89
62,0,73
66,0,69
44,1,39
97,0,79
76,0,76
69,1,28
88,0,78
67,0,72
54,1,33
82,0,85
20,1,0
23,1,11
61,0,71
44,1,16
12,1,29
69,0,92
74,0,85
93,1,25
37,1,12
96,0,77
87,1,18
18,1,20
86,1,34
64,1,41
81,1,37
25,1,26
59,0,74
85,0,83
47,1,16
73,0,76
35,1,22
20,1,23
4,1,25
6,1,23
38,1,25
49,1,37
48,1,30
83,0,72
63,0,87
63,1,34
27,1,17
52,0,63
2,1,23
22,1,22
64,0,71
60,0,72
64,1,45
82,0,69
46,1,28
65,1,31
74,1,50
32,1,7
74,1,21
38,1,27
64,0,82
63,0,78
63,0,77
59,1,42
37,1,22
75,0,84
66,0,87
40,0,72
71,0,78
99,1,28
81,1,48
69,0,64
85,0,80
56,1,30
89,0,82
59,0,70
89,0,73
90,0,77
59,1,50
52,1,21
63,1,24
97,1,36
76,1,47
66,1,36
77,0,76
78,0,74
15,1,23
74,0,85
83,0,80
40,1,11
69,1,36
37,1,30
98,1,34
47,1,11
4,1,12
84,1,17
71,0,81
5,1,12
70,1,37
42,1,31
50,1,52
77,0,70
74,0,83
9,1,35
39,1,46
57,1,26
36,1,30
1,1,18
68,0,71
76,0,63
58,0,69
51,0,68
55,1,34
88,1,35
65,0,83
44,1,18
59,0,70
71,1,26
99,1,29
89,0,75
64,0,77
90,1,24
77,0,74
62,1,45
82,0,70
82,0,67
61,0,65
22,1,33
77,1,34
70,1,12
97,0,67
84,0,83
89,0,83
72,0,86
78,1,31
20,1,24
4,1,23
83,1,42
72,0,76
65,0,70
79,1,34
7,1,19
79,0,70
19,1,7
28,1,18
88,1,18
2,1,5
74,1,32
58,1,19
14,1,15
61,0,81
65,0,73
63,1,43
96,0,76
54,1,40
72,0,72
71,1,34
79,1,22
5,1,13
95,0,86
76,0,81
39,1,15
79,1,49
33,0,74
4,1,2
27,1,26
98,1,2
81,1,32
25,1,26
22,1,11
98,0,81
82,0,79
84,1,47
31,1,21
89,1,42
84,0,80
66,0,71
69,1,18
90,1,34
75,1,39
79,0,87
87,1,45
71,0,77
19,1,13
53,1,43
66,0,72
63,1,37
90,0,81
51,1,20
44,1,42
75,0,84
65,0,71
79,0,62
13,1,11
60,0,79
57,0,74
65,1,27
16,1,20
9,1,10
88,1,41
79,0,82
88,0,78
88,0,84
81,1,35
15,1,18
60,0,74
73,1,29
57,1,14
71,1,50
86,0,73
25,1,31
61,1,36
82,1,45
37,1,27
49,1,34
48,1,36
87,0,72
51,1,15
56,1,28
78,0,72
81,0,80
90,0,82
89,0,74
79,0,88
48,0,71
37,1,14
38,1,26
45,1,21
39,1,39
86,0,71
71,1,28
72,0,68
62,0,74
8,1,16
48,1,12
89,0,78
50,1,35
51,0,64
56,1,34
43,1,24
93,0,88
52,1,15
64,0,76
78,1,33
86,0,72
69,0,80
43,0,84
93,0,86
37,1,18
67,0,68
69,1,22
90,0,67
54,1,38
82,1,27
75,0,78
24,1,34
85,0,71
47,1,22
45,1,29
64,0,90
84,0,75
26,1,27
86,0,68
93,1,38
85,1,45
64,1,29
82,1,21
81,1,22
71,1,25
69,1,40
32,1,30
86,1,28
41,1,20
41,1,33
16,1,24
70,1,22
17,1,6
96,1,29
63,0,82
55,0,63
4,1,11
47,0,82
33,1,23
77,0,78
51,1,30
16,1,14
42,1,18
47,1,32
39,1,20
51,1,31
71,0,78
99,0,75
66,0,67
72,0,73
63,1,13
93,0,80
73,0,73
83,1,5
47,1,38
8,1,18
46,1,14
73,0,66
77,0,87
22,1,20
90,0,82
78,1,27
66,0,86
26,1,28
83,0,81
15,1,13
71,0,80
95,1,19
99,0,79
81,0,72
58,1,27
56,1,42
68,0,77
71,0,70
10,1,15
26,1,20
83,1,49
44,1,20
0,1,10
4,1,18
6,1,38
76,0,87
51,0,83
18,1,32
66,0,66
50,1,36
64,1,22
26,1,28
10,1,29
86,0,79
99,1,37
69,0,88
72,1,1
81,1,16
98,1,39
51,1,19
58,1,30
85,0,80
85,0,70
54,1,28
38,0,79
11,1,13
45,0,68
18,1,17
55,0,84
64,1,14
64,1,53
0,1,2
5,1,18
60,0,72
91,0,75
69,1,31
45,1,26
86,0,77
48,0,71
49,1,35
6,1,30
55,0,71
93,0,84
94,0,93
72,1,47
54,1,27
50,1,27
44,1,39
61,1,24
15,1,18
87,0,81
75,0,78
21,1,15
35,1,25
43,1,29
93,0,73
43,0,77
78,0,53
42,1,29
84,0,81
27,1,21
71,0,76
93,0,68
7,1,6
62,1,6
45,1,14
52,0,89
69,0,78
70,0,76
58,1,29
76,0,76
64,0,71
28,1,32
40,1,20
63,0,79
91,0,73
53,0,68
30,1,13
74,0,82
78,0,70
34,1,23
95,0,68
71,0,73
58,1,37
26,1,17
10,1,9
72,1,34
51,1,30
36,1,33
35,1,39
60,1,44
94,1,26
58,1,28
80,0,78
79,0,74
57,0,77
95,0,79
70,1,27
61,1,41
35,0,64
83,0,77
90,0,80
92,0,79
51,1,35
81,0,67
19,1,42
80,0,71
44,1,45
60,1,46
63,1,39
7,1,16
40,1,18
56,0,68
77,1,42
83,0,77
99,0,83
86,0,74
83,0,78
81,1,28
72,0,75
85,0,82
46,0,87
34,1,6
84,0,62
96,0,62
58,1,16
70,0,67
62,0,86
75,0,77
66,0,65
99,0,72
63,0,75
81,0,85
0,1,7
57,0,72
68,0,72
26,1,31
63,0,65
12,1,22
94,0,85
93,0,85
1,1,15
66,1,11
12,1,12
48,1,17
62,1,20
47,1,36
32,1,20
88,1,2
70,0,71
93,0,74
77,0,63
99,0,86
25,1,21
98,0,84
90,0,80
60,1,18
22,1,16
65,0,72
84,0,81
74,1,26
78,1,25
72,0,66
58,1,36
58,0,81
87,0,83
93,0,87
78,0,77
82,0,69
69,0,79
64,1,26
40,1,11
29,1,30
14,1,38
15,1,22
67,0,85
20,1,21
58,1,16
94,0,91
85,0,73
30,1,30
9,1,16
81,1,37
7,1,19
31,1,16
48,0,76
92,0,71
18,1,7
94,1,31
78,1,21
7,1,2
49,0,76
60,0,73
45,1,13
99,0,70
16,1,24
69,1,50
96,1,11
65,0,77
45,0,75
56,1,35
80,0,84
68,0,77
42,1,61
33,1,20
80,0,84
54,1,31
13,1,30
63,1,23
84,1,31
69,1,33
42,1,33
27,1,15
79,0,76
25,1,25
15,1,10
66,0,76
40,1,37
8,1,16
78,1,49
42,1,24
80,0,78
33,1,23
68,1,29
51,1,32
93,0,69
11,1,7
96,0,82
77,0,74
76,0,87
73,0,98
40,1,9
33,1,19
44,1,26
83,1,39
84,0,77
39,1,22
96,0,75
52,1,25
63,0,90
54,0,76
67,0,73
24,1,8
63,0,73
30,1,31
70,1,28
91,0,75
59,1,21
87,0,83
82,0,81
70,0,75
50,0,76
76,1,35
50,1,21
17,1,21
93,0,81
86,1,26
81,0,81
88,1,54
96,0,72
91,1,34
61,0,82
40,1,27
14,1,14
72,0,72
92,1,26
42,1,13
41,1,45
53,1,35
83,1,26
88,0,80
22,1,34
71,0,69
86,0,66
44,1,30
59,0,70
80,1,24
25,1,29
77,1,34
41,1,28
92,0,60
77,1,41
84,1,30
70,0,75
58,1,28
43,0,72
26,1,30
90,0,79
74,0,66
41,1,26
54,0,84
75,0,72
36,0,73
40,1,9
72,0,76
81,0,68
14,1,6
63,0,85
92,0,69
84,0,81
30,1,31
54,0,83
87,0,78
92,0,71
35,1,15
85,0,76
55,1,19
56,0,69
77,1,33
86,1,42
63,1,40
39,1,15
41,1,27
51,0,82
63,0,65
1,1,31
70,1,50
77,0,78
77,0,96
83,0,77
16,1,16
50,1,31
65,1,31
53,1,12
61,1,32
84,1,41
84,0,81
3,1,2
82,0,64
36,1,27
55,1,34
26,1,14
41,1,20
67,1,14
70,1,26
36,1,22
64,1,38
97,1,35
36,1,17
54,0,84
80,0,84
82,0,76
78,0,68
53,0,76
1,1,16
11,1,38
90,0,93
58,1,35
94,0,70
52,1,42
83,1,6
4,1,26
90,1,7
8,1,16
34,1,29
66,1,29
67,0,93
97,0,79
77,1,35
69,1,29
88,0,64
27,1,7
44,1,19
65,0,84
23,1,16
47,1,50
91,0,83
91,0,75
28,1,22
61,1,47
63,1,23
67,1,49
57,1,6
56,1,31
68,0,85
88,0,88
22,1,6
25,1,22
98,1,26
87,0,77
15,1,17
61,0,68
93,1,13
79,1,43
24,1,9
90,0,78
70,0,78
83,1,29
66,0,74
54,1,22
96,0,82
79,0,84
68,0,71
62,0,70
70,1,25
69,1,36
54,1,34
11,1,15
67,1,41
94,0,81
35,1,25
21,1,7
29,1,19
6,1,15
77,0,81
66,0,75
46,0,90
68,1,64
61,1,39
87,0,74
86,0,84
72,0,65
18,1,23
44,1,65
49,1,32
40,1,18
68,1,20
52,0,71
92,0,74
7,1,5
79,0,67
61,1,48
74,0,67
42,1,5
31,1,13
71,0,73
90,1,17
67,0,84
27,0,68
85,0,70
44,1,20
81,1,15
86,0,80
64,0,78
47,1,8
88,0,78
53,1,6
85,0,70
30,1,46
63,0,87
58,0,80
83,1,23
81,1,19
62,1,32
43,1,45
6,1,12
44,1,27
97,0,82
53,1,22
55,0,80
93,0,88
80,0,69
13,1,26
80,0,86
74,0,80
89,0,82
56,1,10
18,1,25
82,0,73
78,1,42
99,0,73
61,1,28
14,1,23
55,1,25
91,0,86
37,1,33
74,1,40
81,1,35
83,1,44
55,0,68
47,1,35
81,1,33
89,1,41
47,1,42
22,1,19
35,1,50
32,1,18
94,0,68
95,0,69
36,1,23
47,0,83
57,0,75
11,1,14
72,0,83
17,1,16
77,0,89
71,0,71
17,1,20
56,1,34
75,1,60
15,1,15
82,0,81
68,0,80
45,1,43
58,1,26
50,1,30
76,0,69
82,1,24
30,1,24
54,1,35
9,1,8
70,0,57
22,1,27
44,1,25
29,1,20
79,0,94
58,0,74
16,1,11
50,1,37
49,1,29
26,1,21
48,1,20
97,1,13
19,1,18
7,1,22
81,0,75
95,0,74
88,0,80
91,1,48
10,1,12
89,0,76
50,1,23
50,1,35
24,1,5
89,1,20
14,1,4
64,0,74
85,0,83
85,1,15
88,0,75
20,1,20
72,0,76
31,1,42
68,1,21
51,1,29
89,1,30
64,0,77
32,1,33
69,1,47
72,1,25
2,1,9
0,1,16
71,0,76
27,1,46
23,1,29
97,1,34
92,0,83
55,0,80
40,1,34
86,0,72
55,0,66
50,1,7
94,1,16
63,0,86
81,1,29
88,0,82
73,1,1
38,1,20
64,0,59
7,1,11
1,1,7
90,1,21
58,1,3
73,0,60
80,1,17
60,0,69
58,1,37
85,1,7
73,1,35
46,1,13
98,1,15
48,1,30
61,1,36
5,1,32
89,1,45
58,1,32
80,0,85
35,0,81
64,0,73
88,1,38
60,0,75
89,0,85
60,0,80
33,1,9
42,1,37
34,1,16
69,1,36
46,0,67
40,0,87
5,1,25
65,1,29
76,0,70
50,1,32
44,1,29
64,0,70
82,0,75
91,0,85
17,1,27
23,1,22
19,1,20
80,0,84
38,1,34
86,0,84
62,1,29
69,1,27
35,1,31
90,0,94
53,1,27
8,1,14
54,0,76
40,1,31
88,0,70
17,1,14
78,1,12
59,1,33
47,1,23
71,1,32
47,0,60
78,0,72
90,0,87
57,0,70
70,0,76
65,0,68
77,1,37
88,1,29
81,0,64
52,1,18
79,0,85
19,1,8
95,0,86
91,0,74
62,0,70
54,1,34
73,0,78
63,1,25
57,0,70
51,1,12
63,1,26
0,1,17
78,1,14
80,0,68
35,1,20
47,1,21
46,0,59
82,1,19
69,0,78
69,1,32
66,1,30
63,1,22
40,1,24
52,1,38
33,1,17
98,1,31
56,1,29
45,1,11
47,1,27
63,0,85
68,0,76
53,0,72
77,0,75
50,1,10
94,1,29
20,1,24
54,1,24
80,0,77
77,1,47
79,0,78
54,1,31
58,0,94
92,0,57
60,0,76
36,1,11
71,0,73
92,0,78
78,0,74
76,1,21
30,1,22
82,0,82
92,0,68
90,0,69
44,1,39
95,0,83
94,0,73
85,1,1
22,1,26
97,1,27
43,1,27
74,1,10
10,1,26
81,0,67
44,1,19
5,1,19
92,1,35
52,0,74
96,1,31
76,0,73
67,0,78
10,1,5
67,1,19
67,0,95
24,1,15
82,1,12
43,1,32
70,0,72
20,1,24
24,1,27
86,0,88
45,1,23
13,1,18
29,1,13
80,1,2
61,1,19
66,0,78
89,1,27
11,1,26
21,1,36
15,1,10
58,0,64
65,0,85
73,0,78
97,0,89
15,1,0
73,0,74
85,1,36
48,1,17
0,1,11
45,1,40
33,1,26
98,0,73
73,1,35
65,0,77
44,1,29
51,0,82
18,1,21
39,1,41
38,1,28
64,1,42
85,0,73
38,0,72
64,1,25
14,1,15
62,1,8
62,1,36
77,1,38
59,0,72
74,1,61
26,1,15
43,1,28
63,0,81
72,0,86
50,1,38
88,0,66
95,1,31
16,1,13
96,0,74
41,1,35
67,0,68
65,0,77
50,0,78
59,0,90
93,0,74
52,0,65
34,1,30
13,1,21
66,1,16
1,1,29
55,1,15
69,0,88
54,1,15
46,1,36
62,1,37
81,0,72
85,0,75
58,1,34
51,1,8
20,1,2
45,0,73
66,1,32
48,1,39
18,1,12
52,1,53
47,1,10
86,1,39
84,0,84
92,0,68
75,0,79
83,1,22
26,1,32
57,1,27
87,1,47
99,0,67
84,0,78
18,1,21
21,1,1
47,0,79
97,1,35
64,1,5
3,1,17
51,1,41
54,0,87
64,0,73
60,1,20
60,1,74
44,0,71
87,0,71
36,0,61
32,1,26
48,1,18
67,0,87
82,0,90
54,1,42
98,1,15
44,1,22
64,1,35
68,0,71
53,0,73
12,1,39
69,0,65
79,1,49
18,1,0
63,0,78
21,1,13
12,1,15
67,1,14
66,0,73
73,1,33
24,1,18
62,1,33
39,1,46
62,0,71
87,1,47
99,0,66
78,0,72
73,0,92
84,1,17
46,1,4
41,1,30
75,0,71
64,0,83
71,0,87
67,1,21
53,1,43
55,1,21
5,1,19
61,1,31
22,1,10
65,1,30
61,1,31
80,1,4
99,0,75
29,1,22
97,0,79
27,1,33
78,1,24
56,0,68
79,0,83
89,1,22
95,0,78
28,1,23
10,1,17
19,1,19
27,1,25
69,0,64
62,0,88
56,1,36
57,0,77
66,1,33
78,0,86
55,0,91
92,1,17
13,1,11
48,1,67
23,1,24
16,1,20
19,1,13
77,1,22
23,1,26
41,1,34
62,0,63
82,0,82
81,1,32
25,1,23
48,1,28
86,0,77
47,1,38
60,0,82
58,1,14
56,1,26
78,0,74
94,1,28
64,1,37
39,1,17
83,1,24
77,1,43
90,0,71
36,1,38
96,1,34
61,1,40
49,1,45
82,0,77
79,0,81
44,1,20
37,1,36
97,0,68
75,0,82
30,1,21
99,0,79
25,1,26
41,1,32
54,1,23
73,0,77
2,1,14
25,1,21
38,1,28
85,1,37
69,0,78
81,1,45
77,0,80
57,0,77
16,1,14
85,0,64
67,0,85
74,1,27
8,1,13
55,0,80
12,1,17
93,1,27
6,1,6
53,0,71
51,1,20
75,1,36
62,0,80
73,0,81
1,1,15
38,1,18
9,1,31
64,1,23
86,1,49
44,1,17
69,1,26
94,1,34
86,0,74
62,1,43
58,0,70
90,0,73
58,1,19
11,1,20
65,0,81
91,0,99
88,1,41
48,1,28
92,1,26
79,1,46
80,1,27
62,0,88
59,1,15
97,0,79
26,1,31
61,0,81
56,1,38
88,0,79
17,1,55
43,1,26
89,0,71
78,1,32
6,1,25
65,1,30
93,1,21
70,0,83
50,0,58
66,0,70
63,0,71
95,0,75
49,1,12
60,0,78
82,0,86
59,1,54
38,1,29
63,0,75
94,1,37
87,1,13
5,1,26
21,1,34
54,0,77
68,0,72
1,1,18
94,0,75
73,0,69
49,1,22
71,0,74
57,1,24
25,1,22
61,0,65
62,1,26
67,1,21
60,1,25
84,1,39
75,1,29
73,0,63
29,1,17
21,1,19
83,1,17
41,1,27
36,1,19
83,1,30
26,1,28
46,1,11
66,0,82
38,1,18
24,1,30
83,0,86
51,0,84
51,1,14
86,1,12
69,0,69
79,0,66
84,1,29
36,1,29
79,0,90
58,1,13
8,1,14
86,1,26
66,0,68
86,0,85
69,1,37
81,1,33
42,0,68
21,1,19
81,0,67
95,0,88
61,1,49
28,1,6
49,0,77
54,1,19
20,1,19
69,0,98
57,1,43
20,1,17
82,1,29
70,1,36
63,0,83
44,1,14
91,0,71
47,1,35
90,0,70
48,1,33
49,0,82
87,0,92
66,0,72
3,1,18
56,0,84
78,0,68
60,1,25
37,1,33
70,0,75
83,1,46
74,0,72
76,1,16
60,1,11
75,1,43
59,0,78
71,1,27
95,1,40
33,1,33
83,1,41
50,1,33
97,0,85
30,1,17
89,0,84
50,1,25
35,1,39
68,0,81
69,0,74
35,1,28
75,1,27
8,1,4
89,1,31
84,0,80
25,1,27
32,1,32
39,1,22
49,0,81
43,0,63
24,1,22
97,1,28
85,0,77
83,0,81
55,1,32
88,1,46
60,0,83
4,1,16
81,1,29
75,1,27
76,0,64
42,1,23
50,1,43
71,0,87
21,1,23
64,1,30
24,1,21
70,0,84
58,0,73
58,0,68
89,0,87
53,1,40
20,1,36
56,1,21
66,0,64
58,1,29
38,1,26
69,1,22
90,0,82
56,0,68
5,1,10
81,1,45
88,0,73
55,1,27
50,1,25
56,0,63
39,1,24
72,1,30
82,1,32
46,1,19
71,0,89
82,0,85
69,0,74
76,0,73
79,1,49
68,0,77
91,1,51
36,1,41
80,1,35
12,1,12
49,1,23
56,1,23
60,0,90
31,1,19
47,1,21
62,1,18
6,1,10
81,1,27
77,0,83
5,1,12
35,1,22
16,1,24
6,1,19
46,1,15
29,1,34
48,1,3
24,1,14
44,1,33
58,0,78
63,0,79
0,1,4
53,1,32
53,0,63
95,0,79
42,1,24
59,1,13
91,1,29
73,0,79
49,1,41
39,0,78
27,1,18
64,0,72
78,1,30
40,1,25
44,1,19
74,1,19
68,0,76
86,1,31
54,0,78
35,1,16
77,1,27
20,1,36
89,0,73
25,1,18
68,1,6
35,1,27
87,1,26
69,1,29
81,1,31
76,0,80
97,0,82
60,1,9
37,1,23
49,1,15
77,0,76
52,1,34
39,1,27
92,0,79
76,0,72
71,0,64
73,1,15
60,0,65
40,1,19
78,0,86
46,0,76
17,1,24
99,0,71
53,1,27
69,1,29
84,0,91
82,1,24
27,1,36
46,1,4
83,1,19
70,0,73
9,1,13
99,1,40
25,1,0
11,1,25
80,0,82
87,0,73
36,1,23
90,0,59
81,0,86
66,1,47
42,1,30
0,1,33
90,0,72
35,1,22
25,1,28
11,1,24
65,1,19
73,1,24
73,1,14
91,0,87
78,1,24
26,1,37
48,1,29
41,1,33
55,1,37
44,1,28
32,1,21
61,1,13
53,1,29
12,1,24
94,0,90
50,1,20
70,0,72
97,0,67
50,1,25
76,0,74
48,1,46
79,1,36
78,1,44
98,0,75
41,1,45
49,1,27
20,1,23
73,0,78
68,0,86
85,1,7
21,1,28
66,0,83
64,1,34
35,1,10
13,1,31
63,1,23
89,1,12
81,0,70
40,1,12
5,1,34
77,0,78
91,0,62
67,1,20
73,1,20
98,1,37
63,0,81
54,0,70
59,0,76
76,1,45
16,1,15
79,1,38
57,0,83
68,0,92
94,0,71
33,1,19
72,1,36
37,1,18
90,0,67
66,1,27
44,1,2
81,0,80
54,0,66
67,1,26
49,0,67
45,1,44
30,1,2
81,1,28
46,1,28
3,1,19
39,1,19
7,1,25
98,1,11
79,0,70
42,1,52
89,0,78
70,0,75
78,0,76
70,1,16
71,0,56
16,1,22
72,1,38
31,1,23
54,1,0
74,0,87
90,1,21
68,0,82
59,1,28
63,1,38
39,1,39
58,1,26
88,1,32
96,0,87
12,1,17
80,0,82
50,1,14
59,0,73
90,0,70
53,0,69
1,1,25
62,0,63
84,0,77
71,1,14
82,0,68
65,0,88
22,1,22
42,1,23
45,0,70
74,1,26
52,1,32
59,0,82
68,1,29
79,1,22
45,1,43
60,0,71
76,1,35
96,0,94
82,0,70
93,0,75
2,1,16
50,1,24
27,1,23
63,1,26
62,0,87
15,1,13
85,0,76
92,1,31
4,1,27
76,1,42
60,0,73
80,0,75
94,0,76
50,0,69
5,1,16
67,1,13
29,1,33
4,1,30
77,1,25
77,1,31
27,1,29
2,1,15
79,0,75
69,1,44
85,0,75
69,0,77
61,1,40
44,0,79
46,0,73
17,1,26
96,0,71
80,0,76
79,0,75
86,0,80
96,0,80
90,0,80
91,0,77
59,1,42
83,1,27
53,0,75
20,1,29
22,1,30
7,1,8
35,1,7
92,1,27
35,1,33
70,0,68
83,0,73
58,1,18
0,1,13
63,1,40
79,1,4
82,0,80
83,0,74
39,1,31
74,0,76
76,1,29
59,1,30
59,0,77
42,1,9
78,1,17
95,0,77
45,1,31
19,1,14
52,0,71
77,1,19
60,1,34
15,1,13
86,1,14
44,0,73
36,1,26
63,1,40
33,1,26
62,1,33
49,1,27
36,1,32
16,1,19
21,1,18
27,1,15
37,1,14
80,1,31
64,0,79
64,0,90
58,1,42
72,0,67
96,0,80
9,1,11
86,1,35
46,0,90
47,1,43
46,1,24
13,1,19
73,1,25
58,0,72
32,1,27
50,1,19
46,1,37
58,0,90
22,1,22
73,0,69
84,1,47
70,0,76
52,1,33
19,1,10
57,1,41
94,0,76
79,0,76
39,1,16
15,1,8
57,0,77
26,1,26
15,1,28
83,0,77
30,1,31
61,1,32
70,0,76
52,1,13
78,0,79
53,1,3
35,1,32
33,1,31
53,1,34
21,1,15
6,1,2
79,0,77
74,0,85
78,0,77
27,1,32
37,1,22
37,1,44
15,1,9
61,1,34
96,0,74
23,1,14
62,0,74
6,1,11
74,0,75
47,1,33
67,1,34
51,1,11
89,0,82
46,0,70
42,1,8
82,1,41
30,1,25
26,1,19
37,1,5
96,0,85
67,0,80
78,0,75
9,1,12
24,1,33
71,0,79
58,0,82
74,0,79
95,0,62
58,1,13
14,1,11
4,1,22
28,1,17
47,1,18
24,1,18
94,1,50
22,1,22
76,1,30
47,1,30
21,1,25
59,1,20
69,0,79
75,1,32
40,1,23
38,1,14
56,1,40
65,0,72
14,1,14
89,0,88
92,1,17
96,1,36
94,0,73
92,0,60
81,0,74
42,0,70
88,0,72
10,1,22
82,0,57
95,0,70
67,0,84
24,1,25
83,0,84
94,0,76
95,0,77
38,1,3
38,1,29
93,0,78
27,1,27
78,0,75
64,1,26
12,1,17
41,1,39
65,1,26
32,1,34
66,1,19
50,1,27
61,1,43
78,1,51
80,0,78
85,1,10
56,1,13
46,1,27
86,0,95
76,0,69
94,0,72
61,0,83
80,0,81
0,1,23
42,0,76
33,1,27
31,1,18
13,1,10
51,1,33
77,0,87
85,1,33
64,0,75
62,1,50
80,0,75
66,0,79
37,1,10
14,1,15
54,1,30
45,1,34
28,1,23
60,0,82
75,1,45
70,0,64
75,1,22
41,1,39
68,1,34
80,0,76
93,0,60
96,0,63
11,1,24
96,1,32
54,1,14
34,1,30
74,0,84
79,1,21
70,0,84
48,1,28
50,0,73
30,1,21
35,1,9
85,0,85
33,1,33
48,1,24
76,1,37
49,1,17
55,0,65
32,0,67
85,0,84
65,0,70
9,1,18
59,0,66
77,0,89
60,1,39
12,1,12
34,1,17
80,0,73
47,1,33
92,0,70
91,1,17
75,0,73
94,0,70
86,0,70
57,0,72
87,0,70
78,0,73
55,1,8
81,1,40
82,0,70
20,1,11
74,0,75
38,1,24
95,0,89
54,1,14
47,1,35
48,1,12
85,1,36
26,1,11
55,0,84
69,0,65
84,0,64
61,0,70
46,1,7
57,0,63
55,1,36
67,0,79
61,1,42
76,1,40
97,0,82
50,1,24
65,1,38
88,0,71
83,0,66
64,1,39
74,0,87
56,1,9
75,0,72
3,1,21
85,0,71
62,0,66
67,0,71
25,1,16
98,0,91
50,0,71
75,0,71
8,1,21
29,1,5
75,1,51
97,0,88
11,1,9
84,1,14
80,0,88
59,0,93
79,0,72
64,0,79
49,0,77
61,1,40
66,1,30
83,1,29
44,0,65
33,1,19
57,1,37
74,0,68
28,1,35
42,1,31
73,1,15
79,1,35
68,0,82
77,1,25
87,0,89
40,1,11
35,1,14
50,1,34
72,0,84
30,1,23
13,1,7
92,0,70
52,1,34
65,1,33
53,0,71
41,1,18
75,1,41
87,0,82
75,0,66
87,0,88
71,1,41
77,0,80
63,1,41
96,1,35
89,0,82
68,0,70
72,1,40
86,0,81
91,0,71
45,1,26
94,1,45
21,1,23
82,1,27
4,1,26
43,1,18
81,0,81
66,0,81
72,0,79
10,1,4
71,1,34
75,0,72
62,1,23
57,0,71
94,0,73
70,1,26
69,1,50
48,0,57
40,1,35
93,0,64
55,0,80
40,1,13
91,1,38
43,1,20
36,0,75
73,0,76
63,1,51
93,0,71
62,1,28
77,0,87
11,1,32
26,1,20
32,1,20
54,1,33
38,1,33
24,1,25
53,1,45
83,1,20
82,0,85
78,1,36
96,0,89
91,0,72
62,0,70
18,1,31
52,0,76
21,1,28
37,1,24
94,0,74
63,1,37
18,1,13
8,1,10
31,1,27
20,1,32
86,0,67
67,1,25
62,0,84
81,0,57
10,1,21
90,1,51
84,1,55
13,1,24
67,1,30
70,0,72
86,0,80
55,1,14
32,1,46
94,0,87
26,1,14
20,1,13
88,0,78
90,0,80
13,1,24
62,0,71
77,1,39
61,1,39
67,0,83
19,1,18
85,1,15
52,1,32
59,0,80
77,0,77
87,0,84
50,0,74
8,1,9
92,0,79
73,1,48
69,0,73
52,0,76
63,0,82
68,1,28
29,1,22
50,0,65
38,1,30
72,0,83
20,1,22
35,1,38
34,1,29
53,1,12
84,0,77
17,1,14
82,0,74
76,1,43
88,0,86
81,1,21
63,1,22
31,1,12
37,1,20
93,0,75
17,1,22
2,1,1
48,1,19
48,0,80
66,1,37
35,1,7
96,1,34
18,1,15
79,0,83
93,0,78
72,0,79
72,0,64
41,0,67
6,1,14
55,1,16
43,1,29
73,1,31
77,0,76
24,1,21
19,1,42
62,1,18
85,0,91
42,1,42
68,0,62
72,1,29
35,1,24
4,1,17
28,1,28
58,0,76
83,0,67
80,0,81
9,1,17
90,1,16
73,1,20
51,1,40
26,1,28
74,1,19
75,0,68
80,0,75
94,1,23
8,1,25
92,0,72
63,0,72
93,0,79
98,0,90
63,1,20
84,1,20
67,1,25
22,1,2
84,0,66
62,0,94
37,1,30
80,0,74
59,1,38
55,1,47
73,0,79
88,0,77
78,0,77
11,1,17
67,1,42
48,1,26
0,1,28
52,1,39
78,1,39
55,1,33
0,1,25
82,0,85
94,0,68
20,1,7
77,0,80
57,0,80
8,1,14
81,0,71
21,1,9
88,1,24
10,1,5
85,0,63
11,1,5
14,1,38
67,1,31
77,0,78
67,1,9
45,1,23
81,0,84
11,1,0
54,1,16
88,0,76
32,1,5
29,1,39
1,1,22
41,1,30
80,1,26
72,0,87
59,1,36
22,1,21
99,0,81
80,0,69
81,0,90
54,1,22
85,1,28
74,1,33
30,1,8
55,0,69
33,1,37
28,1,38
25,1,22
89,0,69
41,1,11
36,1,29
56,1,54
90,1,10
67,1,37
51,1,42
28,1,19
11,1,34
19,1,20
82,0,61
64,1,43
48,1,26
79,0,83
81,0,76
53,1,35
80,1,20
75,1,43
79,0,65
18,1,3
70,1,22
98,0,73
63,0,72
91,1,4
26,1,24
92,0,67
29,1,38
54,1,16
50,1,33
70,1,40
36,1,16
66,1,24
43,1,29
72,0,83
67,0,76
15,1,36
79,0,90
38,1,26
67,0,69
31,1,13
53,0,78
60,1,28
54,1,34
91,1,41
82,0,84
44,1,33
12,1,14
52,1,40
94,0,72
53,0,75
25,1,26
61,0,77
33,1,15
22,1,18
33,1,22
52,1,35
61,1,45
54,1,41
84,0,74
76,0,63
82,0,75
55,1,21
36,0,69
66,1,54
34,1,26
54,1,42
49,1,20
33,1,31
78,0,72
54,1,31
92,0,79
77,1,45
68,1,30
70,1,26
81,1,38
25,1,18
98,1,24
81,0,69
33,1,27
29,1,34
66,0,62
47,1,50
91,0,83
53,0,76
16,1,31
23,1,24
93,1,32
56,0,74
24,1,21
32,1,38
63,0,67
80,0,64
19,1,24
18,1,34
59,0,73
66,0,77
57,1,21
99,0,72
80,0,69
66,0,62
65,0,74
69,0,74
13,1,28
50,1,21
47,1,32
29,1,34
33,1,11
58,1,40
58,0,82
92,0,88
26,1,14
89,0,86
91,0,86
58,0,74
19,1,22
77,1,26
27,1,30
79,1,24
46,1,28
83,1,38
18,1,26
29,1,27
43,1,20
95,0,77
30,1,34
58,0,89
81,1,32
79,0,72
58,1,22
87,0,84
77,0,75
66,1,43
65,0,84
87,0,87
64,1,12
68,0,81
76,1,4
82,0,84
50,0,82
96,1,32
49,1,17
14,1,12
56,1,31
32,1,17
21,1,19
84,0,70
26,1,25
74,1,45
84,1,41
88,0,67
53,0,60
57,0,78
74,1,19
88,0,84
73,1,21
71,1,39
69,0,65
95,0,82
91,0,73
58,1,12
42,1,33
82,0,72
24,1,10
84,1,19
11,1,6
77,0,70
53,0,67
70,1,23
35,1,19
91,0,77
31,1,29
42,1,28
64,0,67
63,0,82
72,0,82
41,0,84
94,0,72
80,0,78
56,1,33
81,0,76
84,0,88
36,1,27
72,0,78
52,1,10
40,1,32
36,1,38
83,0,60
50,1,31
50,1,13
88,1,35
53,1,14
16,1,21
5,1,8
91,1,30
87,1,40
93,0,84
63,1,32
79,0,92
28,1,25
63,1,13
66,1,18
60,1,21
77,0,86
47,1,17
12,1,12
83,0,75
66,0,67
81,0,75
60,0,84
30,1,12
21,1,18
55,1,11
3,1,9
4,1,26
82,0,90
57,1,34
47,1,10
73,0,75
68,0,79
93,0,80
0,1,11
70,0,82
59,1,42
24,1,16
25,1,26
84,0,71
54,1,35
78,0,65
32,1,32
31,1,22
18,1,20
86,0,88
82,1,3
77,1,6
76,1,28
64,0,71
62,1,25
62,1,14
63,1,42
4,1,25
70,0,73
26,1,4
80,1,37
29,1,24
20,1,25
30,1,19
50,0,66
60,1,6
72,1,29
41,1,24
72,0,75
47,0,70
36,1,25
49,0,68
30,1,12
63,1,21
53,0,80
12,1,17
41,1,25
74,0,82
68,1,32
12,1,4
25,1,15
36,1,32
52,0,80
23,1,11
28,1,16
44,1,47
59,0,79
42,1,26
90,0,74
55,0,83
77,0,78
62,1,4
76,1,44
45,1,35
90,0,81
27,1,31
6,1,17
49,1,11
73,0,83
93,0,83
70,0,76
49,0,67
63,0,77
76,0,73
79,0,79
25,1,22
15,1,13
53,0,78
72,1,43
48,1,39
71,0,71
12,1,2
25,1,30
26,1,41
29,1,10
33,1,10
60,1,46
81,0,84
38,1,12
9,1,19
72,1,32
34,1,20
87,1,47
59,0,68
74,0,71
10,1,25
97,0,80
98,0,65
16,1,23
58,0,67
91,1,38
63,0,72
85,1,22
78,0,69
4,1,13
71,1,29
46,1,35
79,0,71
72,1,36
56,1,33
81,0,76
79,0,73
24,1,6
64,0,74
46,0,69
53,1,47
66,1,22
65,0,85
74,0,68
53,0,70
49,0,72
38,1,25
47,0,84
65,0,75
3,1,10
15,1,17
40,1,38
71,1,39
10,1,14
91,1,23
99,0,83
54,0,76
58,0,71
58,0,65
22,1,16
20,1,5
92,1,28
86,0,99
57,1,21
24,1,19
85,1,15
37,1,12
20,1,28
38,1,29
90,0,74
88,0,85
84,0,74
65,1,3
90,1,4
73,0,72
89,0,81
46,1,8
10,1,13
91,0,80
50,1,14
39,1,21
76,0,62
17,1,31
67,1,49
20,1,28
82,0,81
59,1,44
48,0,98
19,1,39
65,1,39
76,0,70
86,0,83
41,0,73
61,0,60
38,1,35
77,1,34
83,1,37
61,0,84
21,1,23
76,1,29
86,0,80
33,1,13
33,1,29
76,0,85
83,0,85
61,1,39
52,1,10
67,0,82
50,1,5
63,0,84
86,0,73
82,0,90
63,1,34
41,1,12
91,0,75
79,0,66
51,0,88
98,1,5
43,0,77
30,1,18
65,1,46
72,0,76
41,0,81
95,0,91
31,1,17
82,1,30
81,0,70
36,1,9
86,0,74
65,0,73
88,0,82
80,1,36
5,1,17
98,0,73
42,1,28
40,1,2
2,1,14
26,1,24
40,1,26
65,1,24
34,1,18
23,1,18
28,1,24
34,1,20
90,0,73
56,1,24
32,1,19
93,0,81
66,0,77
18,1,22
62,1,27
18,1,9
12,1,21
78,0,82
3,1,21
73,1,32
44,0,75
64,1,39
95,0,74
43,1,24
87,0,94
96,0,89
43,1,13
27,1,13
46,0,73
15,1,6
68,0,87
93,0,85
39,1,12
82,0,84
59,0,75
52,1,22
93,0,80
37,1,9
64,1,31
81,1,31
21,1,23
49,1,37
72,0,61
65,1,17
10,1,4
35,1,26
5,1,22
15,1,6
52,1,27
86,1,26
85,1,23
58,1,22
75,1,45
56,0,84
88,0,73
86,0,76
99,1,23
91,0,77
35,1,29
99,0,65
45,1,15
65,0,73
54,1,36
47,1,33
86,1,32
63,1,41
74,0,84
31,1,16
54,1,35
84,1,13
89,1,40
79,0,78
98,0,74
82,0,76
68,0,85
45,1,21
51,1,38
76,1,36
76,1,45
7,1,22
47,1,38
3,1,10
24,1,20
53,1,33
94,0,87
19,1,19
68,1,31
80,0,76
65,1,24
42,1,26
84,0,79
81,0,77
71,0,85
31,1,29
53,1,21
81,1,25
12,1,8
75,1,37
48,1,13
57,0,78
30,1,26
69,0,76
91,0,71
52,0,67
76,1,9
78,0,86
75,0,68
50,1,27
75,1,29
79,1,22
64,1,50
56,1,42
71,0,77
64,0,74
54,1,25
56,0,79
15,1,35
24,1,31
88,0,72
98,0,75
72,0,84
76,0,79
70,0,81
29,1,35
96,1,32
28,1,25
89,0,63
78,1,34
9,1,20
42,1,23
20,1,19
68,0,77
69,1,30
90,0,77
90,0,83
0,1,7
26,1,34
64,1,15
14,1,23
53,0,74
83,0,91
7,1,20
28,1,14
18,1,27
91,0,90
92,0,54
57,0,78
57,1,26
93,0,72
50,1,31
15,1,9
24,1,5
99,0,86
23,1,16
80,0,69
83,1,34
2,1,30
96,1,23
82,1,47
81,0,93
40,1,39
48,1,16
62,0,76
47,1,18
18,1,22
9,1,3
18,1,2
43,1,41
93,0,95
63,1,34
52,1,29
23,1,26
68,1,31
13,1,6
88,0,73
52,1,10
58,1,20
89,0,99
82,0,87
45,1,22
16,1,3
78,1,33
46,1,27
58,1,26
75,0,90
67,0,85
15,1,18
49,0,81
88,0,78
89,0,76
24,1,31
71,1,30
67,0,78
38,1,28
75,1,33
61,0,81
18,1,15
48,1,27
57,1,43
3,1,12
11,1,8
93,1,26
8,1,11
49,1,11
64,1,36
37,1,29
36,1,35
62,0,70
71,1,33
94,0,94
31,1,43
95,0,74
93,1,30
48,1,13
25,1,31
78,0,83
78,1,43
69,1,20
70,0,77
77,1,45
64,0,73
67,1,12
8,1,5
66,0,70
76,1,30
70,0,71
75,0,86
71,1,16
89,1,39
63,1,18
12,1,20
45,1,39
41,1,36
70,0,75
53,0,69
81,1,30
41,1,36
52,0,73
70,0,83
82,0,79
88,1,9
41,1,13
59,1,18
38,1,16
77,1,44
35,1,43
84,0,87
9,1,18
61,1,24
91,0,68
12,1,9
65,0,74
44,1,19
44,1,10
88,1,24
93,1,42
38,0,78
18,1,13
89,0,80
60,1,34
72,0,77
76,0,82
63,1,32
72,0,87
87,1,31
89,0,70
44,1,33
70,0,69
59,0,60
99,0,84
51,0,84
83,1,54
85,0,83
10,1,18
63,1,20
69,0,69
40,1,21
86,1,36
82,1,22
54,0,66
78,0,82
61,1,33
81,0,61
75,0,81
74,0,84
19,1,22
72,0,71
69,1,25
25,1,36
77,0,71
41,1,34
12,1,28
80,1,32
72,0,76
62,0,73
52,1,25
74,1,44
69,0,57
69,0,73
81,0,95
64,1,39
0,1,14
2,1,18
34,1,33
72,0,71
27,1,28
79,0,71
78,0,79
80,0,72
64,1,29
42,1,52
87,0,72
59,1,31
65,1,29
41,1,31
97,1,9
69,1,27
71,0,72
29,1,7
76,1,24
76,0,83
76,0,76
72,1,27
68,1,20
58,1,32
78,0,86
60,1,18
72,0,79
52,1,16
77,1,10
99,0,67
58,0,90
84,0,85
9,1,12
96,0,87
68,0,70
53,1,17
94,0,69
41,1,23
93,0,73
69,0,90
69,0,67
74,1,2
12,1,33
45,1,38
68,0,78
92,0,95
87,0,74
59,1,28
58,1,15
79,0,88
46,1,33
46,1,50
86,1,25
97,1,29
56,0,84
79,1,34
48,1,5
60,1,23
43,0,65
83,1,41
99,0,75
55,1,37
72,0,77
56,0,74
17,1,7
54,0,69
79,0,80
58,1,20
82,1,45
87,0,80
86,0,68
41,1,21
70,1,32
0,1,13
22,1,14
42,1,31
73,1,11
90,0,76
43,1,19
79,0,80
58,0,76
85,0,73
97,1,34
32,1,19
82,1,49
53,1,30
95,0,82
52,1,29
17,1,26
36,1,32
42,1,3
62,0,78
66,1,32
83,0,70
9,1,4
12,1,10
86,0,73
49,1,44
39,1,21
86,0,77
72,0,79
37,1,14
77,0,73
57,0,67
84,0,70
54,1,34
70,0,56
59,0,68
92,0,80
83,0,68
2,1,5
29,1,17
85,1,33
58,1,34
94,0,72
75,0,89
32,1,25
62,1,20
54,0,70
61,1,38
64,1,30
79,1,15
53,0,71
65,1,22
95,0,82
61,1,25
77,1,27
70,1,25
56,1,13
72,1,28
73,1,27
0,1,19
76,1,20
61,1,25
57,1,27
70,1,40
52,1,32
99,0,82
84,1,21
71,0,72
80,0,79
75,1,22
15,1,12
90,1,36
98,0,80
69,0,87
77,1,36
88,0,95
54,1,24
46,1,39
79,0,83
92,0,79
95,1,25
81,0,71
74,0,72
71,0,71
16,1,19
72,0,68
90,1,35
85,0,64
33,1,25
57,0,66
57,1,25
53,1,37
74,1,34
62,0,75
95,0,76
34,1,12
20,1,19
86,0,86
52,0,78
80,1,26
27,1,27
53,1,27
80,1,5
71,0,67
19,1,17
80,0,76
50,0,82
93,0,83
49,1,26
3,1,2
88,0,72
85,0,79
72,1,26
51,1,27
29,1,1
1,1,9
63,1,33
37,1,30
83,0,83
78,0,85
11,1,26
92,1,31
96,0,87
6,1,34
45,1,20
11,1,25
63,1,37
64,0,70
63,0,71
93,0,64
72,1,27
5,1,11
65,1,32
11,1,8
44,1,19
25,1,39
75,0,83
56,0,90
41,1,29
90,0,84
44,1,44
84,1,37
23,1,37
54,1,34
98,0,69
31,1,50
67,0,75
76,0,91
44,1,14
57,0,75
9,1,7
52,0,62
87,0,93
15,1,19
75,1,44
46,1,21
46,0,77
91,0,66
70,0,94
13,1,10
18,1,17
74,0,65
81,0,78
79,0,87
73,0,84
10,1,22
75,0,81
59,1,52
56,0,80
87,1,16
25,1,29
34,1,36
78,1,18
68,0,71
29,1,30
36,1,21
88,1,23
78,1,25
84,1,16
72,0,76
86,0,77
95,0,92
52,1,19
69,1,40
85,0,86
53,1,29
68,0,71
49,0,70
45,1,34
86,0,69
79,0,79
75,1,51
73,0,70
53,1,18
42,1,25
77,1,21
89,0,80
67,1,13
98,0,84
68,1,34
65,1,33
61,1,34
26,1,22
34,1,10
86,0,83
42,1,19
46,0,70
29,1,41
58,0,77
75,1,14
68,1,34
29,1,47
53,0,71
54,0,74
53,1,42
64,0,84
53,1,27
63,0,65
57,0,80
35,1,29
13,1,14
31,1,36
41,1,24
51,0,73
84,1,32
96,0,88
36,1,9
69,1,19
82,0,81
87,1,19
53,1,21
61,1,27
62,1,33
85,1,40
95,1,17
85,0,78
77,0,76
56,0,68
65,0,84
71,0,83
62,0,65
44,1,11
77,0,78
36,1,17
57,1,15
85,0,79
77,1,39
55,1,15
56,1,16
36,1,34
35,1,36
82,0,72
90,0,94
23,1,35
29,1,33
80,1,43
43,1,15
82,1,28
39,1,26
21,1,23
79,1,27
57,0,70
80,1,51
51,1,25
66,0,73
8,1,7
78,0,75
74,1,35
29,1,1
70,0,78
77,0,67
38,1,3
40,1,31
58,1,27
92,0,76
5,1,33
77,0,75
86,1,12
4,1,4
69,1,32
23,1,9
96,0,87
96,0,80
85,1,36
44,0,50
91,0,64
99,0,69
68,0,93
98,0,81
99,0,71
49,1,19
88,1,25
94,0,81
77,0,65
72,1,26
74,0,80
82,1,8
81,1,22
66,1,32
57,1,43
94,0,82
52,1,44
45,0,65
76,1,28
22,1,7
3,1,13
88,0,66
93,0,65
80,1,42
33,1,23
60,1,30
56,1,47
98,1,19
46,0,77
99,0,88
66,0,78
61,1,19
59,0,77
35,1,20
97,1,52
95,1,30
45,1,19
45,1,40
80,0,89
86,1,33
62,0,80
77,1,5
28,1,13
69,0,74
45,1,16
6,1,10
40,1,22
2,1,10
49,1,12
7,1,10
72,0,83
90,1,30
78,0,81
64,0,78
91,1,25
68,0,97
98,0,68
13,1,8
23,1,18
75,0,80
62,0,78
31,1,16
27,1,38
97,0,67
59,1,18
10,1,6
96,0,72
73,0,72
80,0,67
99,0,75
29,1,14
86,0,80
41,1,24
67,1,21
79,0,76
1,1,20
60,0,64
76,0,81
75,0,71
47,1,15
70,1,17
71,1,54
4,1,25
77,0,73
63,0,81
6,1,6
68,0,78
71,0,73
59,1,7
49,0,87
64,1,33
92,0,73
76,1,29
52,0,70
81,0,89
49,1,23
70,0,66
35,1,25
13,1,9
69,0,67
69,0,72
19,1,9
7,1,27
84,0,84
46,0,77
26,1,34
55,0,68
61,0,83
84,0,74
67,1,8
62,1,26
79,0,64
5,1,31
30,1,26
79,0,78
22,1,7
70,1,23
50,1,44
65,0,72
24,1,34
52,0,72
90,0,80
71,0,78
86,0,80
78,0,79
66,1,33
53,1,27
75,1,13
93,0,79
3,1,15
89,0,85
95,1,34
58,0,76
26,1,21
77,1,32
61,0,86
55,1,34
45,1,36
63,1,31
17,1,13
81,0,78
15,1,21
40,1,23
42,1,27
29,1,12
37,0,79
92,0,86
91,0,64
61,0,69
51,0,74
26,1,17
16,1,17
12,1,9
83,1,17
93,0,77
84,1,34
87,0,74
28,1,19
56,1,17
38,1,25
57,0,70
88,1,36
54,1,22
52,1,50
77,1,31
76,1,45
72,1,29
61,1,39
15,1,21
57,0,86
78,0,60
9,1,25
73,0,82
84,0,79
65,1,20
1,1,25
75,1,18
14,1,5
84,0,69
4,1,14
52,1,14
65,1,54
37,1,47
73,1,48
71,0,85
70,1,19
70,1,33
40,1,38
5,1,16
96,1,21
12,1,14
42,0,66
66,0,64
73,1,43
90,0,74
53,0,80
62,1,8
34,1,21
6,1,12
49,1,27
70,0,79
29,1,32
36,1,52
16,1,37
77,0,58
89,0,76
78,0,86
87,0,66
42,1,41
37,1,10
72,0,86
24,1,24
54,0,65
88,1,39
55,0,68
56,1,23
70,1,27
9,1,20
97,0,69
90,0,69
85,1,26
35,1,12
56,1,37
46,1,33
23,1,9
72,0,69
52,1,32
50,0,87
82,0,60
29,1,21
64,0,65
36,1,32
86,0,63
84,1,48
56,1,7
99,0,70
67,1,23
71,0,76
70,1,39
68,1,21
41,1,26
2,1,8
58,0,80
85,0,89
40,1,27
51,1,49
4,1,14
89,0,80
81,1,18
67,0,73
34,1,28
81,1,37
47,1,19
96,1,38
69,1,5
80,0,71
67,1,31
68,0,69
96,1,30
54,1,59
82,0,80
63,1,55
52,0,73
55,1,17
90,0,78
29,1,6
77,0,86
82,0,66
10,1,37
17,1,39
86,0,79
7,1,3
75,0,91
52,1,21
69,0,68
5,1,23
44,1,36
82,1,32
90,1,34
57,1,22
51,0,87
48,1,30
55,0,77
62,1,3
40,1,35
50,1,35
68,0,84
93,0,75
22,1,22
83,1,45
55,0,78
58,0,71
65,1,27
61,1,18
46,1,15
17,1,32
93,0,81
59,0,84
91,1,42
78,0,82
49,1,29
68,0,81
54,1,16
56,1,34
75,1,35
81,0,69
55,1,47
40,0,69
54,1,17
65,0,81
84,1,18
65,0,83
72,1,35
50,1,36
33,1,43
60,0,85
88,1,14
52,1,29
6,1,17
62,1,54
6,1,8
85,0,71
82,0,74
54,1,25
97,0,75
7,1,5
81,1,23
69,1,39
74,0,81
68,0,82
85,0,65
75,0,78
99,0,71
87,0,88
62,0,70
74,0,66
77,1,30
69,1,45
93,1,39
20,1,22
44,1,41
42,0,76
74,1,29
93,0,63
92,0,67
87,0,62
91,0,71
67,1,16
54,0,75
74,1,36
74,0,83
76,0,76
48,1,32
94,1,23
77,1,41
43,1,19
28,1,18
79,1,48
88,0,68
90,0,77
89,0,82
57,0,70
22,1,7
49,0,78
69,0,84
37,1,26
34,1,22
31,1,25
67,0,81
51,0,75
33,1,29
47,0,76
68,0,74
53,1,39
62,1,12
4,1,13
75,0,85
41,1,31
96,0,73
25,1,29
72,0,72
71,0,79
57,1,10
83,1,11
82,0,78
68,1,25
68,1,27
15,1,16
75,1,52
84,1,57
62,0,75
78,1,37
16,1,11
70,0,89
72,0,99
80,0,66
86,1,50
79,0,70
65,0,77
9,1,15
12,1,20
58,0,73
97,0,76
39,1,34
57,0,86
98,1,38
91,0,72
22,1,38
79,1,28
93,0,71
81,1,8
63,0,79
99,0,58
57,0,80
94,1,35
69,0,70
85,0,79
89,1,21
47,0,70
13,1,15
67,0,74
67,0,75
17,1,31
85,1,23
63,0,71
63,0,96
55,0,70
55,1,26
11,1,28
47,1,27
49,1,8
47,1,21
86,0,71
64,0,72
72,0,75
49,1,3
46,1,28
99,0,80
37,1,17
34,1,37
81,0,87
66,0,73
38,1,23
52,1,35
75,0,80
33,1,30
76,1,24
75,0,78
32,1,17
33,1,11
43,1,18
65,1,31
6,1,14
98,0,75
22,1,33
47,1,5
23,1,12
89,0,68
75,0,81
72,0,70
83,0,71
32,1,39
97,1,33
89,1,12
51,1,27
23,1,41
72,0,70
81,0,66
92,0,75
68,1,20
59,0,70
93,1,51
49,1,26
91,0,87
72,0,70
71,0,68
65,0,66
69,1,47
49,0,80
64,1,43
91,1,40
23,1,28
48,1,42
69,1,25
69,0,78
72,0,73
77,1,35
47,1,29
51,1,17
57,1,41
92,1,17
70,1,29
94,0,90
43,1,9
43,1,4
93,1,36
7,1,18
84,1,50
67,0,76
16,1,20
76,0,81
98,1,30
63,1,29
22,1,37
53,1,31
96,0,82
59,0,84
1,1,15
96,0,71
86,0,71
25,1,22
66,1,25
16,1,16
60,1,32
95,1,17
79,0,82
87,1,39
92,1,41
75,1,18
43,1,29
79,0,63
88,0,80
86,0,78
47,0,86
9,1,11
40,1,34
71,1,28
75,1,40
33,1,10
98,0,68
58,0,74
38,1,17
73,0,84
94,0,88
57,0,80
49,1,20
95,1,14
87,0,81
55,1,32
64,0,68
21,1,19
80,0,83
59,0,75
63,1,40
59,1,21
98,1,42
63,1,24
36,1,27
74,1,20
89,1,19
88,0,78
99,1,33
69,1,26
82,1,27
91,0,86
46,0,77
27,1,20
89,0,67
88,0,78
18,1,26
73,1,18
56,1,32
28,1,29
64,1,39
80,0,88
46,1,23
22,1,19
68,1,35
26,1,11
24,1,33
86,0,61
87,1,35
32,1,15
57,0,86
47,0,73
32,1,18
48,1,27
91,0,76
88,1,40
57,1,36
38,1,25
14,1,18
13,1,9
61,1,31
35,1,11
93,0,72
71,0,69
47,1,39
17,1,32
70,1,19
52,1,45
64,1,35
8,1,17
43,1,16
85,1,19
75,0,75
41,1,43
90,0,87
90,0,81
72,0,77
65,0,72
66,0,82
90,1,57
92,0,91
82,1,18
83,0,84
9,1,31
60,1,21
70,0,86
97,0,77
79,1,28
44,1,39
80,0,77
89,0,66
89,1,28
7,1,7
87,0,77
47,0,72
18,1,21
77,0,95
93,1,46
67,0,89
37,0,65
31,1,26
67,0,80
3,1,0
7,1,10
49,1,49
5,1,27
46,1,24
54,1,21
81,0,81
99,0,74
38,1,21
88,0,78
38,1,19
93,0,85
43,0,68
71,0,84
54,0,68
58,1,38
66,1,45
68,0,87
55,1,46
96,1,33
54,1,18
93,0,90
34,1,16
72,0,81
63,1,25
43,1,22
4,1,32
23,1,39
39,1,28
29,1,12
48,1,41
51,1,28
59,1,29
82,0,81
88,0,80
40,1,24
47,0,68
48,1,28
79,0,71
59,1,19
88,0,85
35,1,21
93,0,78
43,1,11
99,1,40
74,1,26
41,1,18
83,0,73
94,1,29
64,0,68
41,1,13
35,1,23
66,1,42
16,1,15
59,1,18
37,1,24
59,0,76
47,1,23
29,1,27
81,1,17
35,1,31
62,1,20
29,1,32
37,1,32
37,1,24
53,1,30
84,0,86
54,0,71
84,0,85
20,1,9
25,1,38
33,1,31
57,0,68
76,0,73
97,0,83
78,1,45
82,1,2
29,1,4
79,0,76
98,0,73
25,1,18
59,0,74
41,1,44
77,0,85
59,1,21
66,0,77
61,0,76
22,1,22
69,1,13
89,0,66
7,1,20
87,1,31
40,1,8
87,0,80
79,0,80
39,1,16
27,1,10
29,1,8
58,1,12
96,0,84
51,1,7
86,0,75
6,1,3
45,1,22
92,0,84
78,0,75
81,0,86
88,0,82
17,1,1
61,1,44
73,0,79
84,0,76
33,1,23
89,0,68
89,0,61
20,1,26
77,0,79
68,0,75
97,0,75
64,1,38
78,0,72
64,1,38
64,0,90
75,0,52
86,0,77
20,1,34
20,1,21
67,0,79
59,1,31
89,0,83
65,0,68
84,0,88
57,0,76
67,0,72
75,0,76
9,1,26
79,0,66
60,1,31
13,1,32
53,0,78
94,0,70
29,1,27
87,1,32
11,1,18
61,0,78
55,0,68
76,0,71
51,1,23
13,1,12
22,1,28
85,1,9
64,0,77
61,1,49
42,1,43
3,1,15
80,0,74
51,0,67
75,0,69
4,1,22
58,0,76
53,1,25
73,0,84
45,0,84
98,0,67
78,0,74
79,0,73
86,1,10
47,0,95
78,1,27
50,1,33
44,1,9
31,1,26
25,1,22
79,1,30
76,0,80
13,1,22
65,1,33
49,1,40
85,0,80
75,1,31
21,1,19
6,1,5
86,1,25
24,1,22
68,0,85
48,1,10
42,1,10
81,1,35
93,1,45
29,1,12
44,1,32
14,1,10
77,0,75
87,0,70
86,0,62
5,1,15
58,0,72
5,1,15
32,1,24
47,0,75
70,0,77
90,1,47
18,1,8
80,0,76
71,0,83
47,1,22
85,0,69
84,0,77
97,0,65
91,0,81
72,0,75
30,1,24
28,1,21
72,1,34
18,1,12
96,1,37
45,1,20
32,1,4
97,0,80
28,1,24
62,1,22
98,1,44
32,1,25
96,0,85
7,1,8
62,1,34
68,1,25
22,1,21
49,1,33
82,0,83
56,1,24
27,1,20
29,1,16
87,0,81
65,0,82
16,1,6
81,0,69
64,1,11
98,0,68
78,0,77
83,0,85
72,0,77
37,1,31
42,1,30
83,0,83
45,1,25
29,1,23
14,1,16
88,0,81
71,1,16
3,1,18
74,1,25
79,0,79
39,1,17
74,0,63
91,0,73
76,0,88
69,1,28
5,1,8
66,0,78
11,1,14
43,1,7
32,1,20
51,1,42
77,0,70
57,1,19
73,1,20
78,0,79
55,1,34
91,0,70
99,1,30
64,0,74
56,1,23
75,0,74
71,0,77
13,1,11
89,0,75
25,1,25
68,0,80
60,0,61
36,1,24
68,0,70
62,1,29
26,1,13
69,1,34
47,1,46
69,1,15
58,0,86
83,0,82
35,1,31
1,1,14
95,1,35
83,0,67
12,1,33
52,0,68
68,0,88
79,1,14
6,1,14
14,1,20
79,0,72
89,0,82
91,1,43
2,1,17
83,1,26
12,1,14
20,1,30
80,1,48
76,1,26
93,1,47
41,1,31
87,0,86
36,1,20
93,0,73
7,1,33
35,1,17
58,1,5
94,0,81
87,0,71
69,0,53
10,1,19
74,0,74
72,0,73
31,1,34
89,0,60
13,1,22
93,0,65
88,1,14
85,0,72
97,0,85
20,1,32
25,1,15
99,0,73
48,1,20
62,1,41
1,1,24
58,1,41
90,1,19
73,1,18
81,1,7
95,0,70
96,0,80
73,1,40
24,1,7
90,1,46
87,0,67
73,1,46
96,1,34
82,1,38
88,0,84
59,1,39
6,1,10
36,0,84
61,1,38
70,1,42
19,1,16
63,1,35
64,0,88
81,0,87
51,1,10
99,0,73
69,0,70
43,1,27
67,0,69
44,1,24
80,0,76
32,1,32
18,1,21
25,1,20
53,1,9
81,0,65
24,1,19
73,0,78
46,1,30
38,1,35
75,1,28
32,1,30
63,0,66
75,0,83
77,0,84
3,1,14
23,1,35
67,0,82
89,1,54
65,1,8
21,1,16
81,0,77
70,1,45
56,0,67
36,1,28
89,0,73
71,1,39
56,1,11
71,0,71
66,1,30
36,1,27
50,1,11
67,0,72
57,1,24
87,1,42
93,1,12
53,0,74
57,1,39
30,1,7
36,1,37
83,0,90
91,0,96
81,0,86
36,1,25
22,1,12
84,0,90
20,1,15
52,1,4
64,1,38
63,1,31
78,1,15
15,1,28
82,0,64
45,1,41
81,0,86
87,0,67
42,0,67
65,0,71
85,0,71
68,1,6
37,1,21
55,0,67
58,1,37
60,1,3
89,0,81
90,0,66
88,0,70
11,1,19
64,1,24
84,0,73
84,1,34
1,1,20
38,1,26
8,1,21
27,1,10
85,1,14
42,0,69
83,1,34
82,0,70
24,1,29
38,1,19
34,1,31
42,1,28
34,1,15
43,1,15
52,0,70
20,1,18
69,0,72
89,0,68
71,0,62
77,0,76
68,0,85
70,0,83
43,1,28
69,1,16
62,0,74
71,1,26
32,1,37
91,1,27
68,0,71
28,1,23
67,0,84
99,0,69
38,1,38
95,0,89
68,0,75
22,1,25
12,1,24
25,1,21
64,1,28
55,1,18
15,1,30
66,0,73
57,1,44
48,1,6
13,1,42
21,1,16
59,0,88
41,1,33
75,1,32
59,0,74
34,1,28
68,0,65
73,1,28
11,1,19
51,1,47
96,0,81
65,1,35
92,0,78
65,0,69
68,0,79
39,1,22
41,1,22
23,1,17
92,0,76
75,1,30
78,1,30
81,0,87
60,0,80
82,1,47
64,1,22
36,1,21
68,0,73
92,0,77
63,0,84
60,0,74
35,1,19
68,0,73
76,0,61
45,0,81
61,1,51
86,1,41
75,0,78
55,1,23
90,1,33
87,0,67
43,1,28
69,1,13
6,1,7
92,1,37
37,1,22
33,1,33
87,0,90
45,1,25
85,1,26
83,0,69
40,0,66
5,1,9
78,0,71
39,0,60
40,1,36
36,1,38
74,0,76
92,0,77
43,0,75
18,1,6
71,0,75
18,1,18
70,1,9
72,0,82
55,1,15
63,0,70
43,1,19
55,1,14
42,1,22
63,0,79
5,1,15
55,1,40
44,1,23
7,1,17
11,1,27
82,0,79
53,1,17
18,1,22
18,1,14
79,0,83
81,0,76
23,1,36
62,0,65
85,0,80
63,0,58
73,1,44
98,1,20
28,1,20
91,0,81
34,1,20
54,1,31
58,1,42
17,1,42
43,1,23
3,1,10
21,1,37
80,0,71
95,0,61
27,1,21
36,1,25
31,1,35
79,1,30
50,1,36
91,1,10
94,1,46
96,0,70
39,1,32
13,1,30
89,1,10
78,0,64
59,0,76
75,1,22
41,1,28
63,1,31
50,1,5
54,1,22
33,1,17
95,1,23
12,1,35
52,0,84
39,1,18
85,0,86
89,0,82
77,0,74
54,1,21
47,1,30
71,1,27
78,1,33
55,1,23
55,0,68
65,0,88
37,0,76
5,1,0
39,1,39
84,0,70
95,0,82
34,1,16
54,1,28
69,1,45
76,0,62
23,1,14
96,0,95
19,1,27
9,1,4
50,1,31
91,0,77
47,1,25
73,0,86
98,1,10
65,1,34
78,0,76
61,1,10
34,1,17
58,1,27
74,0,73
13,1,30
53,1,27
93,1,42
36,1,16
60,1,45
56,1,33
70,1,29
58,1,30
34,1,30
49,1,40
37,1,15
51,1,9
65,0,80
4,1,30
62,0,77
57,1,20
90,0,73
37,1,28
89,0,69
10,1,17
85,1,35
30,1,25
87,0,82
1,1,5
49,1,44
38,1,18
18,1,6
61,1,34
48,0,78
18,1,12
18,1,16
88,1,30
77,1,43
47,1,11
54,1,33
74,0,85
99,0,75
74,1,17
55,1,18
3,1,6
2,1,5
70,0,67
42,1,20
96,0,83
61,1,34
69,1,38
64,0,56
49,1,22
6,1,16
35,1,26
44,1,34
68,0,78
90,0,89
82,1,47
26,1,28
74,0,80
57,0,82
66,0,75
8,1,1
91,0,83
51,1,23
61,0,72
41,1,23
31,1,23
21,1,19
59,1,14
70,0,71
65,0,74
34,1,36
19,1,24
89,0,72
50,0,64
62,0,80
78,1,22
39,1,22
60,0,77
70,0,79
57,1,42
67,0,76
67,0,74
46,1,8
69,0,77
0,1,9
90,0,75
66,0,76
28,1,30
77,1,27
27,1,29
64,1,34
22,1,27
38,1,32
10,1,40
71,0,76
42,1,18
64,1,24
77,0,91
69,1,36
98,1,28
19,1,24
34,1,29
58,0,84
24,1,2
26,1,26
51,1,33
24,1,28
65,0,70
27,1,23
55,1,32
73,1,44
79,0,77
40,1,33
36,0,74
78,1,24
43,1,18
85,1,46
88,0,73
32,1,14
53,1,27
7,1,9
57,0,67
77,0,79
64,0,70
45,1,10
75,0,68
83,0,85
48,1,45
26,1,39
57,1,33
64,0,56
72,0,78
76,0,78
74,1,35
50,1,17
85,0,86
86,0,80
9,1,8
7,1,13
43,1,31
28,1,19
23,1,14
79,1,24
46,1,22
86,0,72
46,0,84
15,1,29
28,1,33
50,1,39
76,0,79
74,1,25
54,1,26
28,1,18
60,1,47
79,0,79
44,0,90
67,0,77
75,0,88
75,0,85
42,1,23
29,1,21
67,0,74
69,0,61
70,0,74
63,0,69
44,1,20
60,0,82
87,0,68
26,1,22
46,0,66
20,1,25
91,0,89
70,0,77
36,1,23
55,1,17
9,1,14
31,1,27
60,1,32
43,1,24
20,1,17
65,1,17
97,1,25
82,0,81
51,0,81
80,0,73
63,0,81
98,0,67
38,1,10
42,1,17
54,1,48
10,1,13
40,1,21
33,1,11
47,1,30
12,1,13
48,1,20
37,1,18
87,0,73
82,0,78
59,0,84
65,1,41
62,0,73
0,1,20
14,1,10
7,1,17
94,0,86
43,1,21
81,0,67
39,1,25
96,0,82
56,1,23
69,0,73
87,0,81
90,0,78
88,0,85
75,0,68
4,1,32
98,0,66
63,0,85
56,0,78
87,0,71
74,0,70
54,0,73
78,1,28
76,0,61
86,0,82
95,1,47
55,1,47
57,0,69
83,0,79
17,1,43
79,1,19
33,1,41
26,1,15
80,0,81
27,1,18
69,0,70
80,0,92
48,1,18
51,1,25
86,0,91
71,1,13
77,1,14
86,1,31
82,0,74
94,0,72
42,1,40
19,1,36
88,0,73
61,0,80
52,0,69
53,1,32
30,1,17
66,0,80
98,1,8
9,1,23
76,0,75
67,0,78
68,0,75
44,1,9
71,0,73
39,1,36
9,1,6
19,1,17
1,1,1
78,0,90
22,1,38
57,1,22
90,0,81
38,1,17
7,1,14
19,1,7
87,0,70
41,1,23
87,0,73
82,0,92
33,1,16
87,0,80
58,1,37
52,1,31
22,1,13
58,0,65
40,1,9
48,0,77
9,1,9
83,0,78
42,1,15
39,1,28
3,1,23
38,1,34
53,0,81
94,0,81
79,0,66
81,0,71
50,1,36
52,1,36
41,1,10
47,1,31
61,1,22
95,0,76
29,1,17
14,1,16
48,0,84
61,1,40
81,0,67
73,1,15
68,1,27
76,1,32
91,1,22
34,1,25
15,1,9
75,0,79
93,0,72
69,0,73
29,1,24
90,0,77
62,1,18
95,0,94
31,1,44
32,1,19
45,1,42
42,1,43
82,1,34
59,0,84
29,1,36
73,0,72
78,1,24
86,1,32
30,1,33
16,1,15
75,0,84
41,1,24
12,1,2
49,1,19
84,0,77
71,0,84
94,0,76
98,0,80
67,0,63
77,0,69
57,1,45
72,1,19
72,1,18
60,1,28
2,1,10
50,1,27
39,1,32
53,1,47
64,1,31
15,1,25
53,1,29
64,1,30
94,1,33
45,1,34
68,0,85
61,0,81
68,0,75
38,1,30
76,0,65
22,1,20
14,1,15
44,1,30
43,1,23
85,1,51
60,0,83
93,1,37
85,0,95
61,1,3
69,1,37
41,0,74
2,1,21
8,1,26
21,1,20
71,0,79
66,1,27
13,1,16
75,1,19
8,1,11
81,1,20
92,1,41
39,1,32
15,1,23
65,0,85
60,1,28
19,1,25
19,1,18
45,1,15
82,0,81
66,0,76
37,1,42
41,1,27
79,0,90
28,1,37
81,0,61
3,1,16
67,1,31
78,1,16
50,1,27
69,0,84
68,0,65
25,1,22
24,1,15
35,1,38
56,1,19
60,0,72
11,1,21
99,0,79
6,1,19
78,0,91
49,1,29
45,1,8
82,0,67
83,1,22
72,0,69
96,1,42
87,0,81
57,1,25
13,1,11
66,1,25
55,0,70
75,0,72
3,1,20
14,1,18
7,1,29
49,0,72
73,0,73
32,1,16
30,1,35
53,0,67
55,0,75
84,0,80
48,1,26
66,0,78
70,1,33
40,1,33
88,1,36
70,1,39
77,1,27
0,1,24
97,0,84
98,0,73
45,0,67
39,1,31
12,1,19
80,1,26
59,1,42
94,1,33
81,0,68
70,0,78
70,0,96
73,0,73
78,1,4
93,0,72
31,1,36
86,1,34
87,1,23
57,0,80
51,1,41
64,1,19
38,1,13
37,1,21
75,1,33
27,1,12
38,1,31
66,0,84
41,1,35
78,0,70
2,1,17
51,1,26
85,0,75
12,1,13
32,1,41
69,0,62
74,1,9
72,0,78
62,1,17
40,1,26
92,0,69
77,0,76
73,0,70
15,1,26
70,0,75
90,0,82
52,1,27
48,1,16
64,0,84
66,1,32
59,1,22
50,1,29
73,0,65
48,1,26
45,1,19
29,1,23
38,1,28
22,1,29
63,1,50
92,0,68
76,0,68
59,0,64
37,1,20
80,1,40
82,0,70
59,0,74
58,1,36
35,0,80
48,0,68
14,1,21
26,1,23
90,0,60
78,0,71
58,0,70
4,1,14
14,1,14
78,0,65
48,1,34
70,1,42
74,0,83
0,1,22
68,1,41
62,1,22
67,0,69
48,1,28
86,0,83
68,0,88
22,1,17
90,0,57
79,0,88
63,1,32
64,1,36
90,0,67
15,1,4
21,1,19
71,0,81
79,0,90
55,0,81
26,1,0
49,1,30
73,0,66
65,0,63
6,1,18
47,1,9
80,0,83
79,0,79
57,1,31
69,0,74
23,1,32
79,0,71
47,0,68
96,0,66
8,1,8
57,0,70
68,0,82
29,1,16
23,1,12
56,1,6
86,0,87
22,1,7
98,0,70
59,0,70
73,0,74
35,1,21
80,0,72
50,1,28
91,0,72
81,0,79
58,0,75
53,1,19
53,1,30
70,0,78
69,1,34
65,1,34
32,1,29
14,1,19
17,1,18
87,0,83
57,0,66
57,1,25
93,0,72
69,0,73
34,1,28
31,1,26
43,1,10
56,1,28
3,1,21
62,1,38
9,1,12
88,0,78
31,1,12
84,0,82
82,0,67
59,0,79
26,1,17
26,1,36
82,1,39
46,1,20
78,1,27
95,0,63
93,0,67
40,1,7
57,0,83
20,1,17
78,0,74
96,0,81
77,0,81
80,1,21
93,1,41
90,0,77
81,1,8
52,1,26
71,1,32
70,1,21
44,1,11
16,1,22
55,1,39
82,0,79
76,0,72
44,1,25
11,1,18
45,1,21
72,0,80
23,1,12
5,1,16
21,1,26
92,0,86
80,1,11
74,0,72
84,0,77
68,0,81
92,0,83
95,0,70
72,0,73
31,1,2
80,0,69
32,1,14
42,1,1
60,0,75
24,1,15
85,0,82
34,1,12
11,1,24
74,0,95
6,1,22
89,0,73
51,1,26
9,1,17
70,1,27
45,1,22
45,0,70
1,1,25
17,1,3
59,0,73
82,0,72
93,0,69
12,1,24
83,1,43
70,1,28
53,1,39
5,1,12
78,0,81
78,0,83
51,0,84
98,1,57
97,0,71
28,1,24
95,0,73
99,1,14
51,1,40
28,1,33
74,0,99
99,0,75
80,1,29
29,1,18
5,1,14
93,0,70
6,1,25
73,1,23
61,0,68
75,0,81
29,1,30
46,0,71
80,0,88
70,1,16
35,1,15
45,1,32
56,0,78
87,0,83
87,0,89
80,0,76
44,1,28
42,1,43
80,0,80
87,1,47
81,1,31
72,1,39
77,0,85
97,1,31
44,1,13
59,1,26
62,0,63
72,0,86
99,0,73
72,1,26
48,1,20
65,1,32
63,0,74
33,1,19
41,1,32
46,1,25
59,0,73
41,1,27
29,1,24
71,0,61
36,1,36
16,1,8
59,1,48
77,1,21
55,1,37
76,0,92
35,1,39
28,1,31
88,0,84
85,0,72
29,1,35
45,1,32
42,1,27
61,1,33
54,1,27
67,0,69
81,1,20
34,0,79
11,1,26
36,1,25
24,1,10
64,1,24
75,0,80
97,0,77
75,0,76
4,1,8
50,0,81
62,0,85
15,1,30
63,0,72
51,1,23
35,1,14
91,0,85
73,0,70
27,1,21
83,0,66
84,1,5
15,1,10
67,0,78
79,1,43
66,1,13
78,1,44
53,0,80
18,1,22
81,1,35
84,1,31
92,1,50
49,1,18
93,0,91
98,0,71
84,0,80
71,0,72
11,1,19
0,1,23
80,0,80
35,1,17
82,0,87
33,1,38
47,1,21
13,1,15
51,0,85
39,1,24
35,1,4
70,0,75
54,0,77
65,0,77
29,1,22
68,1,24
97,0,87
35,1,36
43,1,29
84,0,74
10,1,21
98,0,80
64,0,79
62,1,32
49,0,74
97,0,79
87,1,29
32,1,34
78,0,78
81,0,76
61,0,78
85,1,17
59,0,86
43,1,44
60,0,73
28,1,31
99,1,44
65,1,35
92,0,82
15,1,51
96,0,72
87,0,71
27,1,41
85,0,85
76,0,77
79,0,66
69,1,36
83,1,19
70,0,82
44,1,6
94,0,72
61,1,34
39,1,31
3,1,21
77,0,71
57,0,75
39,1,27
33,1,21
74,1,28
73,1,31
95,0,85
67,0,83
79,0,77
71,1,35
77,1,17
35,1,19
43,1,47
36,1,34
89,0,84
0,1,13
94,1,24
58,0,75
36,1,28
96,0,82
75,0,70
4,1,19
63,0,77
87,0,81
94,0,66
96,0,72
24,1,21
92,0,64
75,1,52
57,1,40
24,1,28
81,0,80
76,0,81
93,0,82
70,0,73
27,1,29
96,0,87
44,1,50
94,0,74
12,1,14
91,0,83
37,1,27
55,0,73
42,1,8
81,0,81
64,1,12
74,0,88
94,1,22
63,1,28
81,1,27
29,1,13
66,1,28
41,1,12
56,0,78
67,1,54
60,0,69
66,0,91
79,1,37
12,1,27
84,0,95
0,1,22
46,1,21
78,0,72
95,1,60
7,1,26
40,1,8
23,1,28
62,1,32
28,1,20
90,1,20
84,0,72
59,1,14
97,0,75
91,1,37
99,0,77
48,1,37
83,1,51
48,1,45
86,0,73
35,1,35
82,0,79
78,0,81
27,1,25
7,1,14
87,1,57
38,1,17
92,0,73
39,1,20
60,1,40
61,1,20
83,0,77
34,1,8
92,0,71
65,0,78
79,0,87
87,0,76
20,1,9
25,1,27
29,1,19
56,0,95
53,1,35
89,0,73
54,0,74
86,0,79
90,1,41
31,1,14
61,0,85
80,0,73
72,0,87
6,1,10
94,0,73
77,1,35
64,1,52
76,0,79
32,1,10
45,1,2
49,1,47
65,0,79
59,1,37
71,0,81
2,1,35
89,0,76
90,0,83
43,1,19
70,0,79
61,0,79
84,0,71
87,1,10
72,0,72
62,1,21
27,1,19
97,0,69
60,1,43
1,1,26
88,0,87
33,0,61
95,0,67
21,1,25
88,0,68
47,1,28
66,1,3
23,1,38
74,1,37
96,1,48
80,0,79
79,0,74
92,0,82
84,1,30
83,1,22
82,0,86
72,0,65
26,1,31
76,1,45
60,0,69
62,1,24
75,0,68
90,1,45
73,1,46
68,0,91
93,0,80
52,1,14
16,1,9
95,0,87
39,1,23
57,1,23
32,1,20
85,1,35
26,1,29
5,1,18
68,1,42
16,1,35
64,0,69
83,0,81
34,1,36
72,1,22
80,0,77
78,0,70
14,1,26
52,1,28
85,0,63
64,1,34
50,0,78
15,1,25
31,1,24
86,0,74
36,1,19
2,1,8
14,1,32
26,1,24
42,1,39
86,0,80
70,1,5
80,0,71
71,1,47
47,1,12
88,0,83
57,1,23
67,1,24
30,1,38
79,0,89
57,1,25
67,1,27
83,1,43
77,1,26
59,1,46
86,0,63
98,0,74
22,1,48
13,1,41
99,0,82
84,1,28
52,0,72
1,1,13
92,0,68
52,1,15
96,1,23
55,1,26
49,1,19
44,0,63
77,0,76
72,0,74
82,0,78
84,1,39
83,0,88
55,1,23
72,0,83
36,0,85
36,1,28
32,1,29
69,1,58
88,1,38
68,1,16
55,1,35
40,1,34
58,1,30
65,0,73
75,0,82
15,1,18
32,1,36
92,0,78
73,0,78
13,1,22
26,1,31
6,1,3
37,1,26
59,1,27
83,1,16
40,1,13
8,1,17
71,0,58
79,1,35
85,1,39
34,1,8
83,0,77
23,1,38
9,1,4
85,1,36
0,1,9
93,0,84
58,1,28
54,1,34
65,0,74
83,1,9
7,1,7
58,1,19
62,1,36
72,0,68
42,1,26
71,0,78
7,1,20
58,0,76
64,0,64
99,1,30
80,1,25
67,0,85
81,1,24
56,1,11
75,1,41
25,1,25
9,1,9
25,1,21
81,0,63
82,0,81
79,0,80
53,0,67
92,0,83
80,1,28
92,0,83
91,1,3
18,1,14
12,1,14
19,1,12
86,1,21
45,0,70
57,0,81
62,0,78
1,1,26
22,1,36
51,1,22
63,1,22
97,1,40
88,0,84
38,1,6
91,0,83
37,1,42
68,0,72
12,1,14
28,1,11
36,0,66
88,0,86
79,0,73
61,1,51
6,1,3
40,1,28
41,1,9
48,0,84
24,1,2
70,0,82
36,1,33
78,0,83
6,1,33
11,1,13
55,1,32
84,1,15
40,1,42
36,1,39
89,0,72
57,1,22
78,1,49
58,0,81
87,0,68
59,1,29
77,1,39
44,1,28
80,1,13
92,1,15
90,0,72
78,1,42
68,0,71
97,1,36
58,1,23
83,0,68
21,1,12
4,1,30
85,0,77
97,0,70
65,0,69
72,0,71
40,1,24
72,0,71
3,1,12
75,0,68
14,1,18
93,0,74
98,0,62
84,1,13
18,1,7
10,1,1
74,0,73
60,1,29
57,0,73
27,1,6
59,0,76
73,0,74
54,1,38
73,0,74
68,1,47
88,1,41
22,1,14
58,1,37
81,0,73
81,1,24
14,1,27
94,1,45
43,1,24
37,1,49
50,1,34
6,1,11
98,0,79
97,0,80
87,0,81
14,1,7
77,1,44
67,0,80
8,1,9
34,1,29
77,0,70
78,1,40
69,1,24
38,1,24
76,0,80
9,1,27
72,0,89
74,0,79
43,1,23
67,1,33
22,1,24
75,0,69
34,1,18
14,1,24
53,1,4
19,1,18
63,1,28
82,1,24
30,1,40
52,1,21
78,0,73
50,1,12
95,0,80
83,0,71
6,1,7
11,1,10
54,1,26
92,0,74
29,1,22
61,1,41
27,1,36
51,1,20
65,1,40
89,0,86
86,0,75
66,1,40
82,0,83
47,1,24
78,1,20
74,1,40
92,0,79
2,1,9
99,0,69
84,0,73
7,1,19
62,0,69
76,0,68
86,0,68
32,1,20
65,1,43
74,0,85
90,0,73
94,1,18
92,1,12
49,0,80
64,0,59
99,0,72
2,1,20
35,1,18
77,0,63
76,0,82
27,1,36
53,1,41
87,0,78
8,1,13
58,1,13
0,1,20
78,0,71
64,0,82
25,1,30
52,0,74
27,1,41
96,0,80
30,1,32
4,1,28
12,1,8
66,1,15
46,1,29
44,1,41
53,1,34
17,1,21
37,1,28
95,0,82
78,0,82
54,0,78
46,0,81
51,1,2
85,0,71
74,0,70
45,1,25
64,0,80
11,1,19
80,0,69
89,1,43
56,0,71
98,0,85
62,0,68
37,1,16
80,0,85
63,0,63
48,0,65
58,0,79
76,1,18
71,0,71
54,1,21
68,1,35
74,1,35
45,1,18
65,1,7
25,1,40
34,1,45
83,0,69
67,0,75
57,1,32
99,1,52
80,1,12
86,0,82
75,1,50
79,0,77
23,1,14
37,1,24
36,1,23
18,1,13
81,0,75
82,1,22
47,1,27
66,0,76
38,1,17
68,0,64
19,1,18
79,0,67
45,1,37
48,1,28
9,1,24
75,0,91
17,1,36
83,0,80
58,1,0
28,1,24
50,1,34
19,1,3
81,0,82
63,1,41
37,1,26
68,0,70
45,1,43
2,1,15
57,1,26
47,0,74
78,0,72
2,1,27
10,1,19
55,1,15
58,1,11
43,1,19
77,1,25
12,1,14
45,1,14
92,1,48
50,1,35
55,0,85
86,0,82
57,1,44
40,1,17
98,0,86
69,0,86
51,1,36
41,0,68
14,1,8
11,1,10
69,0,83
45,1,22
77,1,13
98,0,65
58,1,16
51,0,68
62,0,86
85,0,79
23,1,17
63,0,82
56,1,6
70,1,45
36,1,10
53,1,30
20,1,9
9,1,14
60,0,90
45,0,65
97,0,81
49,1,24
3,1,18
18,1,7
55,0,71
88,0,67
76,0,74
16,1,26
79,1,50
88,0,87
44,1,20
88,0,69
77,0,93
72,0,68
34,1,12
42,0,67
58,0,71
44,1,28
28,1,25
87,1,34
45,1,23
33,1,41
74,1,40
54,0,74
96,0,84
79,1,36
50,1,56
21,1,12
21,1,23
54,1,14
82,0,75
54,0,64
67,0,68
75,0,80
87,0,73
39,1,14
45,1,21
5,1,25
78,1,37
81,1,44
88,0,80
84,0,67
83,1,44
68,1,16
71,1,21
64,0,76
69,0,94
94,0,79
77,0,71
46,1,20
63,0,84
57,1,39
58,0,92
41,1,26
74,0,70
57,1,40
62,1,30
84,0,71
77,0,71
28,1,26
12,1,16
78,0,73
50,1,43
88,0,76
69,1,34
27,1,18
23,1,26
88,0,75
50,0,84
56,1,23
70,0,57
75,0,71
94,0,80
74,0,78
81,0,75
6,1,26
69,1,12
80,0,66
0,1,9
76,1,25
47,1,23
43,1,30
89,0,80
45,1,22
5,1,24
6,1,20
70,1,27
84,0,78
68,0,78
30,1,25
57,1,54
49,1,55
85,1,5
88,0,72
0,1,38
72,0,68
90,0,68
94,0,90
62,1,20
55,0,71
56,0,78
71,0,73
71,0,73
65,0,74
52,1,44
10,1,13
50,1,26
77,0,78
79,0,75
94,1,20
65,1,38
52,1,20
67,0,67
52,0,91
86,0,79
11,1,26
76,0,71
55,0,73
6,1,1
64,1,28
41,1,17
82,0,86
68,1,34
34,1,42
55,0,75
79,0,89
74,1,24
67,1,17
40,1,20
64,1,36
59,0,88
79,0,78
44,1,8
62,0,75
22,1,43
94,1,3
92,0,87
19,1,10
82,0,81
80,1,41
64,1,13
6,1,27
41,1,20
30,1,19
63,0,84
48,1,48
77,1,34
67,1,25
70,0,83
75,1,22
94,1,51
0,1,20
53,0,66
73,1,21
98,0,72
68,0,66
40,1,16
99,0,73
22,1,12
76,0,87
70,0,72
65,1,30
88,1,28
95,0,87
80,1,38
67,1,13
60,0,80
98,1,21
84,1,37
83,0,88
83,1,39
3,1,2
66,1,23
96,1,7
64,1,18
75,0,71
92,0,67
51,1,9
16,1,22
68,0,66
89,0,81
54,0,77
86,0,85
58,0,72
74,1,24
74,1,21
99,1,42
19,1,5
52,1,31
53,0,57
52,1,19
28,1,38
46,1,36
53,0,61
31,1,14
24,1,20
88,0,79
47,1,29
75,1,32
97,1,38
73,0,68
74,0,62
58,1,28
53,0,76
94,0,88
68,1,31
56,0,79
69,0,67
82,1,42
45,1,19
67,1,32
0,1,9
62,0,89
75,0,84
42,1,21
41,1,29
94,0,83
65,1,55
30,1,32
88,1,39
78,0,90
86,0,71
70,0,77
63,0,75
99,1,19
50,1,4
65,1,12
99,1,45
16,1,19
40,1,22
95,1,43
84,1,22
92,0,81
53,0,71
52,1,34
50,0,75
86,1,9
89,0,68
42,1,31
88,0,71
70,1,31
59,1,35
99,0,84
60,1,3
60,0,70
98,1,26
90,1,48
52,0,80
2,1,9
11,1,20
85,0,75
38,1,32
92,0,76
77,1,41
56,1,26
60,0,84
68,0,79
38,1,39
61,0,65
83,0,75
80,1,33
28,1,38
84,1,20
79,1,50
98,1,39
84,0,77
90,0,85
25,1,18
42,1,12
77,1,27
89,1,31
60,1,42
0,1,23
29,1,30
64,0,71
81,0,65
74,0,59
79,1,18
10,1,23
75,0,67
13,1,20
99,0,84
47,1,9
41,1,23
74,1,20
67,1,16
98,0,70
88,0,78
81,0,77
37,1,32
89,0,75
30,1,11
94,0,77
54,0,80
61,1,20
88,1,14
62,1,40
34,1,33
72,1,40
64,1,17
4,1,21
31,1,29
91,0,71
64,0,66
70,0,73
1,1,12
89,1,33
91,0,78
43,1,9
43,1,39
50,1,49
58,1,25
14,1,18
65,0,81
44,1,26
33,1,15
95,0,75
74,0,81
93,0,65
83,0,86
80,0,79
86,0,90
37,1,35
75,1,53
33,1,14
36,1,24
31,1,13
99,0,67
61,0,65
79,0,85
71,1,22
46,1,35
65,0,86
64,1,38
63,1,39
77,0,78
59,0,71
64,1,23
60,1,23
84,1,27
97,0,82
66,0,67
23,1,15
41,1,14
35,1,36
35,1,36
73,0,78
45,1,45
75,0,94
39,1,27
74,1,31
77,0,80
72,1,29
45,1,19
14,1,30
58,1,45
49,1,41
66,0,71
26,1,19
55,1,8
85,0,82
52,0,74
49,1,46
39,1,17
93,1,26
17,1,24
82,0,66
59,1,31
96,1,34
50,0,83
52,0,87
91,0,95
80,0,84
0,1,6
67,1,27
82,0,80
74,0,68
18,1,24
76,0,76
4,1,15
58,0,77
70,0,87
47,1,39
38,1,10
44,1,22
52,0,75
52,0,65
99,0,82
2,1,13
55,1,39
42,1,31
16,1,12
6,1,18
40,1,37
84,0,78
53,1,29
52,0,70
48,1,36
21,1,21
50,1,27
87,0,87
88,0,67
72,0,76
78,1,22
15,1,16
15,1,20
60,1,16
42,1,32
88,0,83
72,1,12
41,1,33
77,0,77
58,0,75
51,0,82
72,1,35
66,0,75
6,1,15
13,1,25
25,1,33
80,1,12
86,0,80
79,1,23
40,1,20
70,0,75
39,1,27
48,1,27
62,1,11
92,1,34
42,0,46
83,1,34
66,1,33
17,1,18
63,0,85
68,0,64
70,0,82
72,0,87
60,1,31
60,1,60
61,1,25
77,0,90
60,0,82
57,1,26
22,1,26
70,0,81
14,1,20
63,1,21
23,1,10
84,1,29
7,1,30
48,0,90
69,0,65
59,1,25
90,1,1
23,1,14
61,1,30
74,0,80
45,1,19
70,1,43
75,0,75
84,0,82
87,0,81
83,0,76
89,1,22
33,1,21
67,0,79
60,1,9
86,0,83
27,1,19
56,1,45
1,1,7
76,0,72
86,1,34
87,0,66
26,1,10
4,1,12
8,1,24
38,0,72
62,1,35
73,0,83
98,0,77
44,1,29
27,1,30
72,1,12
76,0,64
24,1,25
11,1,10
75,0,59
26,1,12
17,1,25
95,0,80
54,1,45
86,1,25
66,0,81
76,1,40
6,1,10
19,1,11
15,1,33
85,1,35
67,0,71
80,0,86
40,1,29
95,0,91
38,1,24
63,0,87
89,1,9
75,0,75
45,1,12
33,1,30
52,1,24
59,1,26
39,1,12
95,1,39
80,0,74
81,0,68
76,0,80
87,0,76
93,1,22
92,0,72
91,0,81
86,1,33
90,0,70
12,1,12
59,0,82
19,1,23
48,1,23
0,1,16
81,1,31
93,1,8
63,0,74
27,1,33
94,1,26
76,0,81
95,1,34
63,0,73
46,0,72
78,0,80
91,0,77
51,1,42
58,1,49
45,1,30
38,1,28
93,0,81
19,1,34
26,1,14
88,0,72
90,0,68
56,1,29
61,1,26
9,1,18
22,1,22
56,1,52
80,0,75
13,1,21
7,1,13
85,1,29
65,0,78
97,0,73
70,1,34
80,0,90
90,0,85
10,1,0
23,1,17
51,1,38
59,0,68
99,1,23
63,0,76
11,1,15
73,0,72
88,1,29
75,0,67
97,1,40
52,1,29
20,1,30
34,1,35
17,1,26
77,1,33
75,0,83
30,1,12
77,1,38
89,0,80
60,0,64
56,0,81
70,0,83
42,0,69
95,1,3
65,0,70
66,1,37
55,1,47
69,0,75
73,0,73
2,1,13
93,1,23
60,1,42
39,1,28
66,1,44
95,0,83
68,0,73
80,0,86
98,0,75
98,0,68
65,1,38
96,1,29
86,0,73
99,0,73
34,1,41
82,1,14
53,0,56
17,1,13
81,1,17
63,1,33
77,0,78
70,0,87
93,0,88
75,1,13
47,0,83
39,1,27
27,1,32
45,1,29
76,0,78
1,1,5
31,1,18
33,1,17
26,1,13
31,1,18
96,0,77
71,0,75
9,1,10
67,0,79
79,1,26
19,1,18
62,0,75
99,0,84
98,1,28
43,1,21
90,1,20
58,1,24
10,1,13
3,1,17
85,0,87
84,1,49
98,0,92
79,0,68
43,0,86
8,1,32
54,1,33
65,1,32
81,1,23
67,0,69
80,0,81
29,1,12
64,0,87
35,0,73
10,1,13
91,1,14
52,1,21
41,1,29
76,0,73
97,1,21
83,0,88
40,1,23
82,0,75
14,1,37
60,1,30
37,1,35
66,1,39
95,1,33
49,0,69
78,0,67
64,0,85
99,1,11
82,1,17
97,0,71
85,0,78
70,1,27
98,0,62
81,0,88
76,0,69
95,0,71
75,0,71
34,1,17
36,1,19
44,1,23
56,1,15
63,0,55
91,1,29
79,0,77
69,1,29
93,0,67
91,0,82
33,0,85
61,0,74
46,1,13
11,1,12
21,1,19
70,0,71
88,0,77
80,0,70
29,1,21
79,1,33
53,1,25
77,0,96
79,0,79
4,1,9
65,1,46
30,1,36
38,1,42
57,1,26
81,1,45
62,1,42
78,0,75
58,0,69
61,0,82
67,0,78
67,0,70
91,0,80
37,1,19
78,0,71
20,1,23
51,1,26
10,1,29
57,0,72
60,1,17
99,0,77
60,1,29
25,1,13
27,1,2
77,0,74
82,1,23
79,0,80
63,1,36
88,0,73
84,0,84
86,0,82
59,1,39
74,0,67
94,1,29
90,0,77
85,0,76
15,1,24
52,1,44
84,0,83
26,1,32
82,0,73
77,1,28
47,0,82
77,1,30
75,0,77
64,1,38
10,1,10
90,0,84
41,1,15
51,1,15
4,1,21
81,1,24
76,1,24
7,1,21
85,0,66
58,1,30
70,1,0
75,0,87
68,1,24
5,1,15
72,0,69
65,1,10
46,0,71
97,0,79
84,0,83
87,0,90
63,1,54
61,1,0
75,0,74
78,1,36
77,1,41
83,0,87
41,1,37
31,1,17
64,0,65
93,1,37
55,0,71
31,1,14
83,1,28
48,1,41
74,0,80
54,0,68
17,1,16
26,1,32
97,0,77
17,1,24
67,1,33
54,0,70
4,1,4
46,1,23
62,1,21
54,0,82
59,1,19
65,0,74
58,1,17
76,1,21
78,0,81
89,0,88
37,1,30
57,1,22
75,1,31
43,1,25
44,1,30
22,1,20
54,1,40
15,1,32
91,0,85
51,1,28
56,0,62
79,0,78
43,1,34
68,0,93
8,1,23
86,0,76
57,1,45
83,0,75
57,0,71
62,1,37
87,1,28
54,1,28
85,0,81
3,1,9
61,0,77
46,1,29
62,0,71
56,1,17
30,1,35
75,0,81
42,1,28
57,0,67
50,1,21
86,0,71
36,1,21
83,0,79
67,0,80
85,0,73
59,0,68
15,1,8
66,1,24
73,1,40
70,0,72
54,1,28
89,0,69
51,1,34
60,0,73
25,1,23
63,1,18
52,1,47
78,1,39
63,0,72
38,1,24
81,1,35
70,0,82
65,1,39
76,0,82
55,1,37
93,0,64
79,1,11
37,1,7
61,1,38
24,1,29
34,1,37
17,1,29
40,1,21
99,0,71
97,0,72
83,0,73
95,0,76
62,1,33
53,0,58
97,1,32
81,0,84
70,1,24
37,1,6
76,0,77
72,0,63
95,0,69
65,0,74
11,1,28
94,0,79
46,0,78
71,1,27
73,0,75
69,0,81
72,0,81
82,0,64
70,1,42
79,0,74
95,1,24
27,1,30
90,1,43
96,1,26
62,1,42
65,1,13
48,1,33
57,1,39
79,0,84
26,1,25
44,0,69
76,0,73
40,1,21
46,1,41
51,1,39
90,0,73
70,0,77
80,0,78
3,1,2
73,1,25
60,0,84
70,1,38
52,1,43
1,1,35
73,0,53
88,0,82
44,1,32
69,0,77
72,0,70
28,1,13
61,0,75
83,1,66
60,1,48
87,0,75
66,1,47
91,0,67
80,0,65
15,1,9
82,0,76
45,1,36
60,1,7
79,1,10
48,1,4
87,0,78
68,0,73
74,0,80
49,1,29
49,0,86
44,1,11
53,0,76
48,1,28
87,0,81
50,0,74
55,0,76
22,1,30
99,0,76
98,1,22
78,0,99
67,0,72
71,0,84
26,1,43
12,1,14
60,0,67
80,1,28
31,1,25
47,1,27
22,1,9
49,1,11
85,0,84
29,1,2
98,0,66
61,0,76
85,0,84
63,0,65
23,1,27
81,1,26
63,0,82
46,1,13
13,1,12
81,0,73
59,1,5
30,1,34
43,1,32
19,1,11
71,1,19
73,1,45
69,0,61
51,1,7
57,0,84
89,0,86
30,1,36
73,1,7
51,1,54
2,1,7
66,0,75
81,0,69
51,1,27
93,0,87
65,0,66
61,0,72
79,1,19
26,1,28
22,1,13
67,0,75
80,0,77
49,1,22
28,1,19
62,1,24
43,1,47
47,1,27
14,1,12
66,0,86
51,1,24
91,1,15
65,1,42
93,1,28
70,0,74
82,0,85
13,1,18
53,1,28
86,1,57
83,0,78
43,1,42
40,1,26
86,1,27
4,1,20
36,1,24
82,0,84
76,1,33
62,0,70
72,0,74
77,1,29
99,0,82
19,1,3
89,0,62
66,1,22
88,0,64
34,1,24
15,1,30
76,1,46
61,0,74
56,0,68
82,0,67
43,1,7
78,0,67
78,0,79
64,0,87
66,0,79
76,0,76
79,0,69
78,0,80
71,0,75
96,0,87
56,1,1
70,0,76
43,1,13
3,1,11
64,1,39
58,0,84
2,1,35
75,0,83
29,1,27
65,0,80
94,1,14
25,1,38
85,0,76
49,1,31
97,0,82
34,1,12
67,0,78
85,0,69
38,1,21
55,0,79
78,1,32
57,0,74
93,1,12
96,0,66
67,1,32
91,1,51
62,1,17
84,0,76
94,0,72
84,0,82
24,1,44
20,1,27
65,0,80
72,0,65
11,1,16
63,1,25
61,1,22
42,1,29
47,1,21
53,1,10
76,1,45
40,1,1
6,1,23
79,1,43
46,1,26
30,1,28
34,1,26
57,1,25
72,0,70
93,0,72
36,1,16
5,1,14
88,0,75
70,0,88
62,0,69
54,1,13
72,1,39
61,0,70
74,1,43
73,0,77
78,0,80
88,0,86
64,0,94
89,1,31
77,0,78
91,0,79
56,1,8
71,1,21
10,1,17
73,1,21
67,0,78
45,1,22
27,1,15
86,0,86
45,1,35
81,1,61
53,1,40
97,1,34
86,0,81
78,1,48
12,1,15
18,1,27
62,1,46
79,1,40
60,1,33
71,1,45
27,1,10
43,0,77
74,1,20
58,1,36
73,1,24
55,1,24
33,1,49
39,1,23
98,1,15
51,1,14
6,1,19
13,1,27
87,0,77
15,1,0
89,0,66
78,0,66
84,1,20
88,0,82
53,1,23
76,0,76
29,1,28
21,1,23
24,1,17
45,0,70
87,0,84
56,1,25
37,1,19
3,1,19
68,0,77
30,1,29
17,1,16
76,0,74
53,1,42
35,1,39
51,0,66
82,1,29
11,1,17
89,0,73
98,1,19
54,1,7
36,1,24
91,0,74
77,0,76
17,1,17
50,1,11
65,0,82
50,1,42
62,1,22
59,0,76
87,0,82
98,0,88
7,1,18
45,1,20
59,0,76
92,0,78
56,0,77
63,1,1
49,1,31
39,1,25
73,1,12
64,0,85
45,1,48
75,1,12
86,0,71
83,0,70
91,1,40
75,1,31
77,0,80
13,1,16
95,0,86
88,1,24
87,0,77
80,0,86
59,1,20
78,0,81
76,0,97
42,1,19
44,1,51
93,0,71
71,0,72
4,1,22
63,1,38
95,0,61
36,1,23
89,0,75
89,0,78
72,0,83
50,0,74
41,0,63
2,1,24
28,1,26
69,1,18
72,1,13
78,0,77
67,1,22
30,1,34
97,1,26
64,0,72
37,1,25
75,1,33
47,1,23
72,1,32
43,1,26
10,1,15
17,1,22
68,1,11
59,1,19
59,0,70
67,0,65
84,0,74
53,1,37
67,0,51
64,1,30
68,0,56
99,0,80
80,1,13
36,1,31
85,0,85
16,1,31
27,1,25
21,1,22
82,1,27
62,1,40
98,0,91
77,0,69
91,0,88
9,1,15
98,0,72
90,0,74
39,1,13
3,1,9
56,1,20
1,1,18
58,1,33
76,0,72
16,1,14
87,0,69
71,1,22
71,0,64
26,1,15
97,0,95
86,0,78
34,0,63
81,0,75
68,1,27
11,1,20
75,0,76
77,0,70
28,1,32
51,0,74
27,1,29
58,0,86
41,1,45
55,0,66
80,0,80
65,0,83
1,1,17
30,1,29
68,0,76
52,0,82
45,1,35
21,1,20
84,0,58
39,1,3
80,0,77
60,0,64
65,1,45
64,0,69
77,0,79
80,1,45
76,0,80
62,0,83
65,0,78
70,0,81
79,1,34
61,0,84
98,1,48
22,1,35
29,1,11
56,1,42
54,1,34
75,0,74
52,1,47
61,1,44
19,1,14
77,1,38
50,1,28
29,1,26
47,1,10
50,0,83
33,1,9
46,1,7
22,1,16
53,1,32
77,1,45
44,1,17
28,1,28
64,1,23
30,1,19
84,1,37
59,0,77
32,1,29
91,0,68
59,1,22
81,0,78
37,1,23
66,1,4
67,1,26
14,1,25
96,0,74
87,1,34
94,0,76
81,1,14
44,1,34
96,1,23
40,0,68