"JSDu, surgical_case_durations NO_ADDED_NOISE    sigma    0",1050.0627579514935,1191.7827248879653,1012.3462489414
"JSDu, LBP RA NO_ADDED_NOISE    sigma    0",145.12501418928304,127.06787930584179,117.53435380463044
"JSDu, surgical_case_durations NO_ADDED_NOISE SD=4    sigma    0",1855.5258146702479,1672.9099230690028,1634.3009217370295
"JSDu, LBP RA NO_ADDED_NOISE SD=4    sigma    0",144.28859056740583,168.98791274150716,146.13246506894106
"JSDu, surgical_case_durations NO_ADDED_NOISE SD=100    sigma    0",1265.2620111761091,1225.8540276187891,1294.1029495928556
"JSDu, LBP RA NO_ADDED_NOISE SD=100    sigma    0",157.3551974450875,136.02720160300234,182.33602075227338
"Wassersteinu, surgical_case_durations NO_ADDED_NOISE    sigma    0",1465.7165489297004,1399.0876513436378,1413.9012746589779
"Wassersteinu, LBP RA NO_ADDED_NOISE    sigma    0",636.6447234422338,480.91301095758024,548.78023226324
"Wassersteinu, surgical_case_durations NO_ADDED_NOISE SD=4    sigma    0",1754.796777467831,1880.1613743428354,1763.3087734555156
"Wassersteinu, LBP RA NO_ADDED_NOISE SD=4    sigma    0",700.1139135427759,668.5828725078618,852.1948316307593
"Wassersteinu, surgical_case_durations NO_ADDED_NOISE SD=100    sigma    0",1437.8269451630147,1537.2678494087575,1509.1958726208
"Wassersteinu, LBP RA NO_ADDED_NOISE SD=100    sigma    0",302.67372675672635,284.6792216868401,276.9441595652865
"JSD, surgical_case_durations    sigma    0.005",880.979375447574,841.216293687831,907.291319736079
"JSD, surgical_case_durations    sigma    0.01",968.433154678847,941.1063202240528,970.8173373705176
"JSD, surgical_case_durations    sigma    0.02",1147.5500577448051,1073.7564122704068,1364.7729671865745
"JSD, surgical_case_durations    sigma    0.05",1745.169569863269,1782.0390041454611,1719.8148912955685
"JSD, surgical_case_durations    sigma    0.1",1896.7657817270467,2058.2942117366356,1910.1427866391653
"JSD, surgical_case_durations    sigma    0.2",2043.194190366214,2129.2186049874217,2063.823809050926
"JSD, surgical_case_durations    missing_entry    0.001",1020.6701902324695,1053.1947733989293,1039.0154746320145
"JSD, surgical_case_durations    missing_entry    0.005",1149.3693606655656,1077.2987324149412,1168.3898487003473
"JSD, surgical_case_durations    missing_entry    0.01",1037.7566852497653,1037.6578031296422,1088.3504858539882
"JSD, surgical_case_durations    missing_entry    0.05",1127.2504224726424,1171.6301601437751,1073.2150205271819
"JSD, surgical_case_durations    missing_entry    0.1",1232.4144267124973,1306.3109428882901,1305.941523196558
"JSD, surgical_case_durations    missing_entry    0.5",1782.106411145918,1677.4602954268942,1825.110678983635
"JSD, surgical_case_durations    missing_entry_combined    0.001",1318.020095665331,1185.8173583010193,1204.5881083456215
"JSD, surgical_case_durations    missing_entry_combined    0.005",1169.896700620593,1081.3484174058572,1136.7808243000427
"JSD, surgical_case_durations    missing_entry_combined    0.01",1014.8834096236303,1228.1137262622456,1267.6140042190102
"JSD, surgical_case_durations    missing_entry_combined    0.05",1201.5188196158783,1272.2868928407406,1293.7053178915532
"JSD, surgical_case_durations    missing_entry_combined    0.1",1232.3292375396145,1231.4690130566753,1326.0979545651403
"JSD, surgical_case_durations    missing_entry_combined    0.5",2006.267371794786,1804.4593038033577,1909.320231833823
"JSDu, surgical_case_durations    sigma    0.005",316.4004316799417,287.4016852141038,301.47124944299827
"JSDu, surgical_case_durations    sigma    0.01",458.85988525809967,459.95053028160004,456.33055018663174
"JSDu, surgical_case_durations    sigma    0.02",948.661771128585,965.5909233522564,937.887160834643
"JSDu, surgical_case_durations    sigma    0.05",2208.9735936893976,2219.372594855413,2204.665513984883
"JSDu, surgical_case_durations    sigma    0.1",3065.308859850505,3070.1040268425913,3274.209598771651
"JSDu, surgical_case_durations    sigma    0.2",3790.541734654252,3771.6427489251737,3615.326935419475
"JSDu, surgical_case_durations    missing_entry    0.001",1125.7670261572803,1065.2676500061968,1107.6230872634897
"JSDu, surgical_case_durations    missing_entry    0.005",1131.2227705965336,1082.4368379780542,1105.0182253619387
"JSDu, surgical_case_durations    missing_entry    0.01",1084.7937583980531,1187.783531534607,1134.6482876626476
"JSDu, surgical_case_durations    missing_entry    0.05",1271.0657633882695,1175.4330630731324,1176.3466026833532
"JSDu, surgical_case_durations    missing_entry    0.1",1192.0144343076336,1219.6551590931604,1224.9337919116062
"JSDu, surgical_case_durations    missing_entry    0.5",1684.5957001571323,1792.0945205234943,1660.133163293177
"JSDu, surgical_case_durations    missing_entry_combined    0.001",979.591668622482,960.7370770702598,941.1265610074356
"JSDu, surgical_case_durations    missing_entry_combined    0.005",1015.043741595679,1001.6976159861288,948.7498948222956
"JSDu, surgical_case_durations    missing_entry_combined    0.01",982.1444568045551,960.5471239988225,1029.1125934135666
"JSDu, surgical_case_durations    missing_entry_combined    0.05",1083.1037845192018,1109.1977505006384,1127.4658376809414
"JSDu, surgical_case_durations    missing_entry_combined    0.1",1237.7164041251754,1199.6875662244074,1269.663008920509
"JSDu, surgical_case_durations    missing_entry_combined    0.5",2053.9109265732363,2117.4836716756313,2113.3213781617164
"JSD, LBP RA    sigma    0.005",237.9786744443249,251.28606170557447,253.24153051080447
"JSD, LBP RA    sigma    0.01",410.086855636329,436.0680890014834,508.7076472835706
"JSD, LBP RA    sigma    0.02",885.6753645396037,865.9916859779443,814.7012345760668
"JSD, LBP RA    sigma    0.05",1832.9688593517985,1541.932258734052,1668.8866533198193
"JSD, LBP RA    sigma    0.1",2158.5635916759843,2126.244804101207,2073.0210167791074
"JSD, LBP RA    sigma    0.2",2262.7653771442697,2206.7625015806443,2297.9040627229315
"JSD, LBP RA    missing_entry    0.001",139.18739478756592,126.69623221725197,148.70341855486777
"JSD, LBP RA    missing_entry    0.005",196.65303931920857,169.89068486621477,157.4120858661403
"JSD, LBP RA    missing_entry    0.01",184.81495690139326,155.02875950517262,203.99572763382776
"JSD, LBP RA    missing_entry    0.05",320.34205711284045,309.36481105198914,337.84133973759714
"JSD, LBP RA    missing_entry    0.1",437.4244128002782,386.6984217151049,396.76769754985787
"JSD, LBP RA    missing_entry    0.5",1481.678218016302,1715.7740821331463,1626.6003772281877
"JSD, LBP RA    missing_entry_combined    0.001",855.1456111009187,815.2884507589672,884.4375999445665
"JSD, LBP RA    missing_entry_combined    0.005",899.5214095845834,894.6203277622386,836.7971467259465
"JSD, LBP RA    missing_entry_combined    0.01",812.4026262493835,846.8452042977228,946.8615501616224
"JSD, LBP RA    missing_entry_combined    0.05",988.039743952816,974.3742733745646,1012.7554255374732
"JSD, LBP RA    missing_entry_combined    0.1",1101.0146349499182,1060.557184611789,1044.6226404015108
"JSD, LBP RA    missing_entry_combined    0.5",1816.756090532798,1783.9614170246707,1847.3050460096815
"JSDu, LBP RA    sigma    0.005",64.41306088284372,72.31509128380026,72.15850963053856
"JSDu, LBP RA    sigma    0.01",153.04838110104652,156.99721938448857,148.06617374267347
"JSDu, LBP RA    sigma    0.02",477.542875088546,503.42276288054643,494.5211453367016
"JSDu, LBP RA    sigma    0.05",1858.3898854613042,1837.9694457551493,1843.816691318961
"JSDu, LBP RA    sigma    0.1",2886.823368109715,2850.9691573196833,2898.5177211708897
"JSDu, LBP RA    sigma    0.2",3197.9419104425006,3269.2635573977154,3252.356872299935
"JSDu, LBP RA    missing_entry    0.001",140.74553812223007,131.7616033458433,143.66104197781203
"JSDu, LBP RA    missing_entry    0.005",143.28373116303732,171.90964076566598,150.92409198234702
"JSDu, LBP RA    missing_entry    0.01",147.64614589166013,168.4977673038669,149.98343512573308
"JSDu, LBP RA    missing_entry    0.05",261.931704998957,254.00059194432473,264.11734019792453
"JSDu, LBP RA    missing_entry    0.1",395.794198669733,406.5399994328153,407.69278420723526
"JSDu, LBP RA    missing_entry    0.5",1483.4153873469643,1531.484162790777,1509.053018750668
"JSDu, LBP RA    missing_entry_combined    0.001",478.78098000663124,486.0145342074638,520.7293894669949
"JSDu, LBP RA    missing_entry_combined    0.005",519.007178183746,463.1616291424612,508.87486041377815
"JSDu, LBP RA    missing_entry_combined    0.01",503.6022305178492,538.3535061433478,497.3429381013046
"JSDu, LBP RA    missing_entry_combined    0.05",579.3079378749377,617.4892349333924,605.397931593231
"JSDu, LBP RA    missing_entry_combined    0.1",672.1151719176754,709.837752367014,719.3030106037503
"JSDu, LBP RA    missing_entry_combined    0.5",1700.0422638951381,1665.4946303044696,1666.1291616320457
"JSD, surgical_case_durations, SD=4    sigma    0.005",1761.3849229908087,1711.8868732306948,1813.7586862391954
"JSD, surgical_case_durations, SD=4    sigma    0.01",2129.4070102888927,2119.4377153762907,2216.615481438628
"JSD, surgical_case_durations, SD=4    sigma    0.02",2504.316341532874,2624.835174273153,2500.784224889956
"JSD, surgical_case_durations, SD=4    sigma    0.05",3139.360597025004,3227.388524206349,3211.311729109576
"JSD, surgical_case_durations, SD=4    sigma    0.1",3333.4406201608244,3451.3014452278962,3420.5346582852985
"JSD, surgical_case_durations, SD=4    sigma    0.2",3383.4074874308985,3334.692303180903,3724.094921544837
"JSD, surgical_case_durations, SD=4    missing_entry    0.001",1775.7688321450291,1609.5334780420433,1730.0065417008116
"JSD, surgical_case_durations, SD=4    missing_entry    0.005",1646.1551299831979,1764.2162381092407,1688.3051847035504
"JSD, surgical_case_durations, SD=4    missing_entry    0.01",1777.3463303241942,1718.3128373442712,1708.1559353328555
"JSD, surgical_case_durations, SD=4    missing_entry    0.05",1872.5067592521366,1796.0563160909542,1789.3015668204603
"JSD, surgical_case_durations, SD=4    missing_entry    0.1",1884.3664874864833,1948.5243949680398,2014.5014902600444
"JSD, surgical_case_durations, SD=4    missing_entry    0.5",2970.6537849100437,3012.8439101613617,3130.082290033837
"JSD, surgical_case_durations, SD=4    missing_entry_combined    0.001",2794.0869020017817,2762.5941960338664,2535.1824255432575
"JSD, surgical_case_durations, SD=4    missing_entry_combined    0.005",2655.5857606721856,2473.0042950200213,2714.2637206146997
"JSD, surgical_case_durations, SD=4    missing_entry_combined    0.01",2543.2486231607327,2506.3183128017586,2633.9619509122704
"JSD, surgical_case_durations, SD=4    missing_entry_combined    0.05",2676.941175207648,2682.909594953069,2710.874587682977
"JSD, surgical_case_durations, SD=4    missing_entry_combined    0.1",2860.372300897992,2722.2529843890516,2658.2700703001706
"JSD, surgical_case_durations, SD=4    missing_entry_combined    0.5",3227.632217540257,3244.5749279818365,3339.807429399579
"JSDu, surgical_case_durations, SD=4    sigma    0.005",1023.5067880028815,997.3550908494137,1029.5079199299666
"JSDu, surgical_case_durations, SD=4    sigma    0.01",1077.0762936853419,1048.461136339955,1019.5152388382194
"JSDu, surgical_case_durations, SD=4    sigma    0.02",2286.4027217045955,2442.7725892565622,2268.8456255773854
"JSDu, surgical_case_durations, SD=4    sigma    0.05",5594.743746670845,5686.867409248696,5704.063021267317
"JSDu, surgical_case_durations, SD=4    sigma    0.1",7077.87755975872,6939.980627144424,7201.282248576493
"JSDu, surgical_case_durations, SD=4    sigma    0.2",7729.025916520095,7968.646479578348,7713.647360226601
"JSDu, surgical_case_durations, SD=4    missing_entry    0.001",1765.637702911501,1695.756605079056,1702.3218694217785
"JSDu, surgical_case_durations, SD=4    missing_entry    0.005",1699.0488813329684,1766.6355139756615,1814.2635463864888
"JSDu, surgical_case_durations, SD=4    missing_entry    0.01",1629.345825506624,1597.1450613576671,1549.2616994049536
"JSDu, surgical_case_durations, SD=4    missing_entry    0.05",1721.9314731776526,1755.7088771607898,1668.0484968342137
"JSDu, surgical_case_durations, SD=4    missing_entry    0.1",1858.987829134233,1791.3699358374888,1872.5636789193013
"JSDu, surgical_case_durations, SD=4    missing_entry    0.5",2871.903714409144,2694.9184918547735,2696.1072387121426
"JSDu, surgical_case_durations, SD=4    missing_entry_combined    0.001",2368.956296560995,2345.853365249563,2361.648287059674
"JSDu, surgical_case_durations, SD=4    missing_entry_combined    0.005",2320.878872310307,2228.1816175753406,2287.4248767450645
"JSDu, surgical_case_durations, SD=4    missing_entry_combined    0.01",2457.1533427843556,2408.5648498156906,2280.728810072562
"JSDu, surgical_case_durations, SD=4    missing_entry_combined    0.05",2492.1163464772985,2391.401075640652,2198.3453616358265
"JSDu, surgical_case_durations, SD=4    missing_entry_combined    0.1",2381.2377571057905,2542.253880046853,2496.900515783259
"JSDu, surgical_case_durations, SD=4    missing_entry_combined    0.5",2929.622489143868,3019.5078751850783,3152.8594367939604
"JSD, LBP RA, SD=4    sigma    0.005",661.8217901793586,545.8257629006346,575.8912934279796
"JSD, LBP RA, SD=4    sigma    0.01",899.5464840026224,1155.0589620694966,972.5225295050199
"JSD, LBP RA, SD=4    sigma    0.02",1937.0260384157018,2130.5053658796173,1968.9155134480054
"JSD, LBP RA, SD=4    sigma    0.05",3280.698047456251,3085.7899204622445,3138.888364379715
"JSD, LBP RA, SD=4    sigma    0.1",3205.038064775577,3395.037172821758,3330.205640013558
"JSD, LBP RA, SD=4    sigma    0.2",3212.6671895437485,3358.973338439811,3339.198465074749
"JSD, LBP RA, SD=4    missing_entry    0.001",191.04652483140438,233.9649856476484,212.47447694580222
"JSD, LBP RA, SD=4    missing_entry    0.005",206.7910059421587,222.7619130857534,178.5481872903039
"JSD, LBP RA, SD=4    missing_entry    0.01",288.58432143723917,220.81289289782188,235.47694758619255
"JSD, LBP RA, SD=4    missing_entry    0.05",490.8402346099441,384.2251201062384,386.3361507523386
"JSD, LBP RA, SD=4    missing_entry    0.1",545.0817467572972,564.7215808755047,634.7991847797125
"JSD, LBP RA, SD=4    missing_entry    0.5",2683.131006237102,2322.93333876294,2373.882570057939
"JSD, LBP RA, SD=4    missing_entry_combined    0.001",2267.629716879174,2122.6972686296745,2073.422191028276
"JSD, LBP RA, SD=4    missing_entry_combined    0.005",1859.8807241109207,2258.121577908345,1915.8156467799233
"JSD, LBP RA, SD=4    missing_entry_combined    0.01",1998.4043366652177,2106.5038672236506,2041.2085449797632
"JSD, LBP RA, SD=4    missing_entry_combined    0.05",2256.3138147733143,2042.1962510416397,2161.1118523157493
"JSD, LBP RA, SD=4    missing_entry_combined    0.1",2216.6462149361946,2133.044258764441,2114.2129723734943
"JSD, LBP RA, SD=4    missing_entry_combined    0.5",2988.5208302612286,2994.668314207122,2909.3914127863163
"JSDu, LBP RA, SD=4    sigma    0.005",89.68154017947607,71.475457069934,77.28023126901743
"JSDu, LBP RA, SD=4    sigma    0.01",300.470178798666,291.6550657335066,298.49314038841203
"JSDu, LBP RA, SD=4    sigma    0.02",1398.972291680171,1466.5192460686935,1509.7405582346073
"JSDu, LBP RA, SD=4    sigma    0.05",3708.7343716324513,3776.893705328062,3790.4770691683807
"JSDu, LBP RA, SD=4    sigma    0.1",4680.671489743449,4703.723344541352,4613.889553684638
"JSDu, LBP RA, SD=4    sigma    0.2",5069.432778815333,5042.8620191661485,5194.460954450882
"JSDu, LBP RA, SD=4    missing_entry    0.001",168.12695523626388,152.01265675063505,168.17394254032928
"JSDu, LBP RA, SD=4    missing_entry    0.005",162.51176590651255,176.21132552810872,150.03276457472938
"JSDu, LBP RA, SD=4    missing_entry    0.01",201.1589744117693,160.55989715945424,164.15883143853884
"JSDu, LBP RA, SD=4    missing_entry    0.05",305.07863900297593,323.01301339678395,335.5275803026971
"JSDu, LBP RA, SD=4    missing_entry    0.1",501.8495487197951,529.4735056775464,536.1887164015244
"JSDu, LBP RA, SD=4    missing_entry    0.5",2082.8897638861717,1978.7644846359944,1935.6971596932083
"JSDu, LBP RA, SD=4    missing_entry_combined    0.001",1430.3777901195194,1482.5984477087372,1439.0349181772126
"JSDu, LBP RA, SD=4    missing_entry_combined    0.005",1413.3119567394538,1451.9576791440363,1467.3101597157042
"JSDu, LBP RA, SD=4    missing_entry_combined    0.01",1487.5230597799027,1495.9003463306556,1443.7614974785115
"JSDu, LBP RA, SD=4    missing_entry_combined    0.05",1596.2778301954065,1576.502730746335,1542.5348225961513
"JSDu, LBP RA, SD=4    missing_entry_combined    0.1",1607.3489338202155,1746.2335887712777,1640.1427599343808
"JSDu, LBP RA, SD=4    missing_entry_combined    0.5",2386.833755644249,2363.890061943656,2391.1632229093634
"JSD, surgical_case_durations, SD=100    sigma    0.005",993.5546739787231,1129.1455547975047,1135.6831631162859
"JSD, surgical_case_durations, SD=100    sigma    0.01",1095.3817298501808,1123.7601466840713,1066.3784234782202
"JSD, surgical_case_durations, SD=100    sigma    0.02",1202.5366519902775,1109.9178506758292,1244.5162880466921
"JSD, surgical_case_durations, SD=100    sigma    0.05",1435.9012156605559,1368.862801378464,1313.9004271251663
"JSD, surgical_case_durations, SD=100    sigma    0.1",1417.5649347281533,1327.62406981556,1388.7140149649863
"JSD, surgical_case_durations, SD=100    sigma    0.2",1861.2565124605624,1837.3225535398713,1829.4225637161524
"JSD, surgical_case_durations, SD=100    missing_entry    0.001",1154.301211660418,1163.5320767523497,1205.2375769723053
"JSD, surgical_case_durations, SD=100    missing_entry    0.005",1318.3652421473928,1236.1412578036875,1240.5032578069804
"JSD, surgical_case_durations, SD=100    missing_entry    0.01",1143.9563250101808,1263.9942535891066,1130.9799486663662
"JSD, surgical_case_durations, SD=100    missing_entry    0.05",1265.0634618438382,1154.997778100672,1326.667606809862
"JSD, surgical_case_durations, SD=100    missing_entry    0.1",1321.2756048141002,1439.23933130732,1264.171443216159
"JSD, surgical_case_durations, SD=100    missing_entry    0.5",1931.7304933460641,2012.571147995327,1954.2721033032713
"JSD, surgical_case_durations, SD=100    missing_entry_combined    0.001",1347.9763546178033,1138.8519487668138,1174.975036214141
"JSD, surgical_case_durations, SD=100    missing_entry_combined    0.005",1250.5139372801586,1121.2260161409577,976.0530362168838
"JSD, surgical_case_durations, SD=100    missing_entry_combined    0.01",1163.7201274226422,1132.4449827640942,1108.1045395143174
"JSD, surgical_case_durations, SD=100    missing_entry_combined    0.05",1209.3101119970515,1293.5243929864023,1285.5801854765998
"JSD, surgical_case_durations, SD=100    missing_entry_combined    0.1",1356.7521969472243,1215.2856162681187,1221.1168207210346
"JSD, surgical_case_durations, SD=100    missing_entry_combined    0.5",1877.0648603314812,1816.8356040772287,2007.5378444045705
"JSDu, surgical_case_durations, SD=100    sigma    0.005",256.2049761240626,238.2819142685546,288.099601207758
"JSDu, surgical_case_durations, SD=100    sigma    0.01",352.2081629171739,339.02222988666927,342.34119111082236
"JSDu, surgical_case_durations, SD=100    sigma    0.02",684.3207378039905,697.5420652789526,666.4451070849947
"JSDu, surgical_case_durations, SD=100    sigma    0.05",1674.252851889335,1639.8040739828398,1724.3077236533545
"JSDu, surgical_case_durations, SD=100    sigma    0.1",2815.317508337734,2817.45801980754,2774.316678358978
"JSDu, surgical_case_durations, SD=100    sigma    0.2",3773.683355268157,3832.4173370776043,3816.7331465516227
"JSDu, surgical_case_durations, SD=100    missing_entry    0.001",1269.73979257362,1252.1524426247345,1225.4438457860033
"JSDu, surgical_case_durations, SD=100    missing_entry    0.005",1300.6315507851148,1256.4404953944652,1389.2832207458493
"JSDu, surgical_case_durations, SD=100    missing_entry    0.01",1256.5072020882878,1184.6867779918605,1255.4627292684688
"JSDu, surgical_case_durations, SD=100    missing_entry    0.05",1339.0126835156084,1436.06363379192,1294.9342950655575
"JSDu, surgical_case_durations, SD=100    missing_entry    0.1",1347.4376938576272,1270.0338148341089,1413.5095119959153
"JSDu, surgical_case_durations, SD=100    missing_entry    0.5",1721.269256426045,1834.7646882889715,1835.7197671365577
"JSDu, surgical_case_durations, SD=100    missing_entry_combined    0.001",676.9903720641119,722.8458955148898,691.5226725799228
"JSDu, surgical_case_durations, SD=100    missing_entry_combined    0.005",706.0474616652612,696.2913804255468,676.8035611747157
"JSDu, surgical_case_durations, SD=100    missing_entry_combined    0.01",715.9009333085551,692.6733483082309,704.3608534314587
"JSDu, surgical_case_durations, SD=100    missing_entry_combined    0.05",850.231918721724,836.1060603205101,859.9836923002484
"JSDu, surgical_case_durations, SD=100    missing_entry_combined    0.1",1066.4055633986895,1019.4508167970978,1025.3157921143363
"JSDu, surgical_case_durations, SD=100    missing_entry_combined    0.5",2358.4913803934887,2352.891438164371,2408.863256820203
"JSD, LBP RA, SD=100    sigma    0.005",329.49128199412206,279.4548799990956,304.8868782219496
"JSD, LBP RA, SD=100    sigma    0.01",355.7707559244269,448.7186810904793,334.37926237082996
"JSD, LBP RA, SD=100    sigma    0.02",522.1674421908493,543.0521561393375,543.5272173131522
"JSD, LBP RA, SD=100    sigma    0.05",772.3982700291176,832.5227613974378,1025.8263700024024
"JSD, LBP RA, SD=100    sigma    0.1",1223.1554498522694,1218.9096436155094,1351.2264436412383
"JSD, LBP RA, SD=100    sigma    0.2",1859.753120536891,1702.7299934266264,1671.132648923968
"JSD, LBP RA, SD=100    missing_entry    0.001",187.75250424771173,176.43703750488228,211.774064915881
"JSD, LBP RA, SD=100    missing_entry    0.005",241.56023666955974,228.78256742776432,191.40233264442617
"JSD, LBP RA, SD=100    missing_entry    0.01",247.01432049101396,190.3649779865776,269.922912301843
"JSD, LBP RA, SD=100    missing_entry    0.05",389.85809255759733,293.57487202798427,313.8100219275212
"JSD, LBP RA, SD=100    missing_entry    0.1",514.5223312501454,483.0780947344413,527.466463912862
"JSD, LBP RA, SD=100    missing_entry    0.5",1819.1425162673438,1823.6154706483662,1706.1370980261088
"JSD, LBP RA, SD=100    missing_entry_combined    0.001",493.0677809771654,554.3766688021154,521.0019263756335
"JSD, LBP RA, SD=100    missing_entry_combined    0.005",663.2888264862443,556.7236586377026,548.5943565288503
"JSD, LBP RA, SD=100    missing_entry_combined    0.01",642.4320083525491,549.470047373536,638.2000634837823
"JSD, LBP RA, SD=100    missing_entry_combined    0.05",706.5827968236797,691.4089080379746,644.2456826261409
"JSD, LBP RA, SD=100    missing_entry_combined    0.1",833.3155234096114,878.9540691354396,895.1949870127901
"JSD, LBP RA, SD=100    missing_entry_combined    0.5",1768.9228260221273,1957.0250895689026,1661.8557333629226
"JSDu, LBP RA, SD=100    sigma    0.005",78.4918635414798,79.80852405101903,74.17297098288027
"JSDu, LBP RA, SD=100    sigma    0.01",222.61515320580838,214.1716386619147,216.89578325334904
"JSDu, LBP RA, SD=100    sigma    0.02",574.3526443537963,563.6447706428787,586.2604043699753
"JSDu, LBP RA, SD=100    sigma    0.05",1392.1290396181798,1416.6978323767637,1382.3908030044242
"JSDu, LBP RA, SD=100    sigma    0.1",2013.3517577796931,2046.327508191578,2004.5432751933217
"JSDu, LBP RA, SD=100    sigma    0.2",2657.908856984852,2643.0576253787995,2679.8414022995576
"JSDu, LBP RA, SD=100    missing_entry    0.001",116.1609711736709,135.11448504175854,115.03441444655819
"JSDu, LBP RA, SD=100    missing_entry    0.005",138.7332356346951,134.6578653921021,147.0049249502327
"JSDu, LBP RA, SD=100    missing_entry    0.01",133.95953004522744,134.81864815791212,141.77805220676174
"JSDu, LBP RA, SD=100    missing_entry    0.05",255.94590583903022,227.624559636258,244.41386703257422
"JSDu, LBP RA, SD=100    missing_entry    0.1",376.03775366017925,360.9528352753334,358.7305683517858
"JSDu, LBP RA, SD=100    missing_entry    0.5",1347.4013689565554,1356.4744590161658,1356.8590405192929
"JSDu, LBP RA, SD=100    missing_entry_combined    0.001",578.1945462987507,580.8709764421982,572.8738686865607
"JSDu, LBP RA, SD=100    missing_entry_combined    0.005",581.8627565072793,581.6231297007663,559.7028550828916
"JSDu, LBP RA, SD=100    missing_entry_combined    0.01",599.3202685144295,610.044882394327,602.3612534507339
"JSDu, LBP RA, SD=100    missing_entry_combined    0.05",671.7090418482597,672.5889274340005,658.1432830818304
"JSDu, LBP RA, SD=100    missing_entry_combined    0.1",797.7885765728439,824.2076994580333,820.6367163378588
"JSDu, LBP RA, SD=100    missing_entry_combined    0.5",1693.033153536167,1738.8957637849192,1700.414154484908
"Wasserstein, surgical_case_durations    sigma    0.005",1226.697160077662,1214.3221031519347,1299.9141365139792
"Wasserstein, surgical_case_durations    sigma    0.01",1210.286482192371,1310.5341015735073,1336.8239207598237
"Wasserstein, surgical_case_durations    sigma    0.02",1590.6073510263361,1597.9640976057933,1549.5055321709601
"Wasserstein, surgical_case_durations    sigma    0.05",1972.523159610313,1987.4677070464356,2081.2400903154826
"Wasserstein, surgical_case_durations    sigma    0.1",2220.8726329772617,2028.7107408061124,2159.9414861039536
"Wasserstein, surgical_case_durations    sigma    0.2",2127.616630851412,2245.132325781334,2445.5057582178897
"Wasserstein, surgical_case_durations    missing_entry    0.001",1511.83259419757,1358.4970480849022,1421.186075485814
"Wasserstein, surgical_case_durations    missing_entry    0.005",1440.216399734903,1561.7168865057242,1465.9912568755713
"Wasserstein, surgical_case_durations    missing_entry    0.01",1502.3215269140987,1576.2430173563043,1414.0945530813865
"Wasserstein, surgical_case_durations    missing_entry    0.05",1578.1887104146606,1387.7947465427578,1477.577411094405
"Wasserstein, surgical_case_durations    missing_entry    0.1",1602.6524514151047,1644.098690481359,1589.9733543823183
"Wasserstein, surgical_case_durations    missing_entry    0.5",2097.957230983458,1949.9044741855967,2084.7351058235663
"Wasserstein, surgical_case_durations    missing_entry_combined    0.001",1523.182682841,1592.5141512993603,1500.487344680246
"Wasserstein, surgical_case_durations    missing_entry_combined    0.005",1603.6692358218481,1544.3425265194624,1591.6225003482602
"Wasserstein, surgical_case_durations    missing_entry_combined    0.01",1540.7611018853565,1567.71108671638,1636.112839462429
"Wasserstein, surgical_case_durations    missing_entry_combined    0.05",1549.3374397331213,1633.571542260524,1608.2209545293051
"Wasserstein, surgical_case_durations    missing_entry_combined    0.1",1707.7480773362977,1655.4272837167812,1707.1313240519962
"Wasserstein, surgical_case_durations    missing_entry_combined    0.5",2181.797286066066,2074.36972446835,1985.2662057098748
"Wassersteinu, surgical_case_durations    sigma    0.005",826.7625781040698,801.2933609582313,806.4849219056548
"Wassersteinu, surgical_case_durations    sigma    0.01",865.5331690781757,877.286010305074,880.4033201706508
"Wassersteinu, surgical_case_durations    sigma    0.02",1390.7147445985488,1367.2268302787347,1374.810309969819
"Wassersteinu, surgical_case_durations    sigma    0.05",2522.0878928472216,2590.3065828728168,2624.3262903730893
"Wassersteinu, surgical_case_durations    sigma    0.1",3401.2683208376448,3367.0308432747133,3269.2349173364887
"Wassersteinu, surgical_case_durations    sigma    0.2",4008.0991373737716,3869.659509541092,3922.416981120108
"Wassersteinu, surgical_case_durations    missing_entry    0.001",1401.4216307378992,1285.8244783384062,1370.3121064590157
"Wassersteinu, surgical_case_durations    missing_entry    0.005",1492.3732172937164,1399.5946648569256,1536.2736011271647
"Wassersteinu, surgical_case_durations    missing_entry    0.01",1371.1556286904442,1471.4771361246155,1452.711675193526
"Wassersteinu, surgical_case_durations    missing_entry    0.05",1471.5056191623917,1427.6072202782923,1450.7670831610405
"Wassersteinu, surgical_case_durations    missing_entry    0.1",1444.2331144577572,1424.9768611822956,1607.1378241105585
"Wassersteinu, surgical_case_durations    missing_entry    0.5",1949.9466191030713,2014.1613279110252,1919.0384907362525
"Wassersteinu, surgical_case_durations    missing_entry_combined    0.001",1359.9454927201293,1325.565617577608,1352.3411655163993
"Wassersteinu, surgical_case_durations    missing_entry_combined    0.005",1378.605547831346,1420.3490764939231,1340.6984139242409
"Wassersteinu, surgical_case_durations    missing_entry_combined    0.01",1422.6423785668737,1402.6047528568813,1404.6392483147279
"Wassersteinu, surgical_case_durations    missing_entry_combined    0.05",1463.1785101408575,1419.010816461014,1407.2408143083896
"Wassersteinu, surgical_case_durations    missing_entry_combined    0.1",1395.1584377898557,1452.5023087137167,1443.127479642089
"Wassersteinu, surgical_case_durations    missing_entry_combined    0.5",1807.868488158242,1871.3532270519866,1810.01835703465
"Wasserstein, LBP RA    sigma    0.005",203.19290039695196,220.12406554225558,253.01348655962028
"Wasserstein, LBP RA    sigma    0.01",443.966984045277,397.75574500512175,403.6977231964142
"Wasserstein, LBP RA    sigma    0.02",795.4333372318964,844.1233099295985,768.4654928168285
"Wasserstein, LBP RA    sigma    0.05",1931.8660205465726,1793.6881075743088,1859.1181626065968
"Wasserstein, LBP RA    sigma    0.1",2052.9190552108803,2138.4696640838297,2004.2344434242184
"Wasserstein, LBP RA    sigma    0.2",1995.7814824408294,2075.577600417943,2149.2619711228917
"Wasserstein, LBP RA    missing_entry    0.001",592.5621122033052,495.3229876551892,482.44461867593736
"Wasserstein, LBP RA    missing_entry    0.005",476.0229466713983,523.4902824839347,611.8093441868077
"Wasserstein, LBP RA    missing_entry    0.01",580.9871707291873,538.7048122515981,621.7017407265655
"Wasserstein, LBP RA    missing_entry    0.05",619.2478042213656,622.7067092404458,710.3013924214605
"Wasserstein, LBP RA    missing_entry    0.1",840.5934935187746,860.8763829529047,806.3498902125904
"Wasserstein, LBP RA    missing_entry    0.5",1441.9819918484404,1499.5100424684435,1480.068256588199
"Wasserstein, LBP RA    missing_entry_combined    0.001",847.4640929941914,687.9452656007496,831.3563918281129
"Wasserstein, LBP RA    missing_entry_combined    0.005",681.8359804255116,780.1633098293748,723.6430636007054
"Wasserstein, LBP RA    missing_entry_combined    0.01",767.6203730167184,762.7654811039907,924.8059978366446
"Wasserstein, LBP RA    missing_entry_combined    0.05",930.0700538349851,1074.5324473862645,891.2236908047767
"Wasserstein, LBP RA    missing_entry_combined    0.1",1101.010989971923,1063.143302354443,989.4057403331242
"Wasserstein, LBP RA    missing_entry_combined    0.5",1800.0149194015376,1853.5708854885956,1787.6145022844155
"Wassersteinu, LBP RA    sigma    0.005",133.46989803063227,133.20560664453293,134.55653174741965
"Wassersteinu, LBP RA    sigma    0.01",287.6214691398359,286.81951618908636,290.3945244494902
"Wassersteinu, LBP RA    sigma    0.02",740.3007507739958,758.2997653270318,748.6099439511115
"Wassersteinu, LBP RA    sigma    0.05",1995.556134206404,1967.6524913211078,1983.7308690825998
"Wassersteinu, LBP RA    sigma    0.1",2875.8916110975315,2835.8433036182464,2860.8331509178993
"Wassersteinu, LBP RA    sigma    0.2",3189.3261628134087,3200.9366605476084,3226.5810939932485
"Wassersteinu, LBP RA    missing_entry    0.001",558.247850488196,465.90691365637144,494.70391134345994
"Wassersteinu, LBP RA    missing_entry    0.005",527.5409159857835,566.7275655600182,542.7834663326427
"Wassersteinu, LBP RA    missing_entry    0.01",599.3845601575897,577.5612294830993,517.185806258181
"Wassersteinu, LBP RA    missing_entry    0.05",657.3783735468107,592.0683082733515,663.1015385722441
"Wassersteinu, LBP RA    missing_entry    0.1",632.791469939903,715.6283981597453,714.7518455560186
"Wassersteinu, LBP RA    missing_entry    0.5",1440.5809671885513,1422.2211805582292,1451.6978815317877
"Wassersteinu, LBP RA    missing_entry_combined    0.001",723.0405298901235,732.0875567385942,796.8122222287847
"Wassersteinu, LBP RA    missing_entry_combined    0.005",748.5597534729815,793.370396701117,762.03464297217
"Wassersteinu, LBP RA    missing_entry_combined    0.01",772.2209212674356,753.7222965869822,776.1903109293863
"Wassersteinu, LBP RA    missing_entry_combined    0.05",847.1240237118844,821.1866145731559,860.0452594358353
"Wassersteinu, LBP RA    missing_entry_combined    0.1",974.6540500175677,953.9601615256445,938.6256590425595
"Wassersteinu, LBP RA    missing_entry_combined    0.5",1784.4369718871021,1880.9909214281724,1830.94183820655
"Wasserstein, surgical_case_durations, SD=4    sigma    0.005",1756.02371871665,1766.8283443985051,1747.4040447606474
"Wasserstein, surgical_case_durations, SD=4    sigma    0.01",2041.2934074961895,2053.1208591610034,1941.09438012415
"Wasserstein, surgical_case_durations, SD=4    sigma    0.02",2616.084287474954,2715.9273353665812,2580.9440595557285
"Wasserstein, surgical_case_durations, SD=4    sigma    0.05",3134.282561249995,3076.9196542380387,3179.8476625318585
"Wasserstein, surgical_case_durations, SD=4    sigma    0.1",3149.6194514432223,3144.021074363543,3129.9607988696944
"Wasserstein, surgical_case_durations, SD=4    sigma    0.2",3055.407789197141,3173.7186452895844,3177.4183457504973
"Wasserstein, surgical_case_durations, SD=4    missing_entry    0.001",1830.1720983663358,1986.2191656879004,1808.48787292281
"Wasserstein, surgical_case_durations, SD=4    missing_entry    0.005",1791.6553096861612,1849.0029699988986,1815.2186627647247
"Wasserstein, surgical_case_durations, SD=4    missing_entry    0.01",1774.0310778613562,1848.146382323793,1875.0836080156862
"Wasserstein, surgical_case_durations, SD=4    missing_entry    0.05",1896.5245800317664,2173.7883854554043,2093.960354127447
"Wasserstein, surgical_case_durations, SD=4    missing_entry    0.1",2047.1387718425785,2247.1465129259595,2023.3723712016745
"Wasserstein, surgical_case_durations, SD=4    missing_entry    0.5",2896.1260817429807,2665.434864040561,2798.7385252928334
"Wasserstein, surgical_case_durations, SD=4    missing_entry_combined    0.001",2699.381433817813,2503.4749308446308,2520.458604285114
"Wasserstein, surgical_case_durations, SD=4    missing_entry_combined    0.005",2551.076902008646,2480.2013606479577,2475.0031320464464
"Wasserstein, surgical_case_durations, SD=4    missing_entry_combined    0.01",2647.7706820386175,2547.228796882474,2621.215137452005
"Wasserstein, surgical_case_durations, SD=4    missing_entry_combined    0.05",2684.5933022671056,2723.9707874766837,2693.158855627285
"Wasserstein, surgical_case_durations, SD=4    missing_entry_combined    0.1",2675.7205086535405,2711.616227142125,2665.5439190943516
"Wasserstein, surgical_case_durations, SD=4    missing_entry_combined    0.5",3203.180499207693,3306.180839783984,3135.9528147956917
"Wassersteinu, surgical_case_durations, SD=4    sigma    0.005",1081.590022655743,1128.3669481823208,1102.7245368171618
"Wassersteinu, surgical_case_durations, SD=4    sigma    0.01",1114.7691861614505,1187.668837800292,1110.7512254151397
"Wassersteinu, surgical_case_durations, SD=4    sigma    0.02",2407.613205195418,2378.061375161318,2318.580168528521
"Wassersteinu, surgical_case_durations, SD=4    sigma    0.05",5437.651141162221,5501.10331461668,5803.241176084031
"Wassersteinu, surgical_case_durations, SD=4    sigma    0.1",6802.910390946902,6919.871793033539,6891.609816898292
"Wassersteinu, surgical_case_durations, SD=4    sigma    0.2",7507.9938058001135,7376.5554624978795,7481.27971031763
"Wassersteinu, surgical_case_durations, SD=4    missing_entry    0.001",1962.3262149540456,1724.467973283772,1888.3513921876968
"Wassersteinu, surgical_case_durations, SD=4    missing_entry    0.005",1921.0627754143536,1820.9679553345738,1822.856948832104
"Wassersteinu, surgical_case_durations, SD=4    missing_entry    0.01",1935.2849832072884,1925.5570205277406,1724.2740487369067
"Wassersteinu, surgical_case_durations, SD=4    missing_entry    0.05",1989.1206734723712,1998.0665416178213,1887.9999559593787
"Wassersteinu, surgical_case_durations, SD=4    missing_entry    0.1",2010.8663855940217,1995.6917468652252,1883.53399770784
"Wassersteinu, surgical_case_durations, SD=4    missing_entry    0.5",2624.0425221970486,2654.6847951215946,2465.646882651751
"Wassersteinu, surgical_case_durations, SD=4    missing_entry_combined    0.001",2288.3779631864168,2391.6884024923784,2232.026433437375
"Wassersteinu, surgical_case_durations, SD=4    missing_entry_combined    0.005",2401.8652460668786,2539.86212981001,2303.025234939391
"Wassersteinu, surgical_case_durations, SD=4    missing_entry_combined    0.01",2582.170295265454,2321.4621298538896,2337.0644225416654
"Wassersteinu, surgical_case_durations, SD=4    missing_entry_combined    0.05",2457.891557190723,2424.535771095084,2578.5875024658244
"Wassersteinu, surgical_case_durations, SD=4    missing_entry_combined    0.1",2525.5400930024316,2597.2794182464568,2658.6608718656253
"Wassersteinu, surgical_case_durations, SD=4    missing_entry_combined    0.5",3317.8998906692495,3237.0661303380934,3469.6271948846693
"Wasserstein, LBP RA, SD=4    sigma    0.005",424.64431790095915,471.31699996320174,410.1469838469954
"Wasserstein, LBP RA, SD=4    sigma    0.01",907.9735565532623,1078.252435233102,758.0329213210509
"Wasserstein, LBP RA, SD=4    sigma    0.02",1892.473074223778,1947.3981380078314,1888.0175572012063
"Wasserstein, LBP RA, SD=4    sigma    0.05",2886.4811293668195,2915.6453975300715,3336.9549176338855
"Wasserstein, LBP RA, SD=4    sigma    0.1",3104.5641795188694,3254.7252258898657,3013.871269851583
"Wasserstein, LBP RA, SD=4    sigma    0.2",3117.351859487383,3133.182323173296,3043.3759496941575
"Wasserstein, LBP RA, SD=4    missing_entry    0.001",925.4898469089758,844.1980256112985,690.0685789400356
"Wasserstein, LBP RA, SD=4    missing_entry    0.005",937.4974615286466,636.7280679435138,904.3857240086523
"Wasserstein, LBP RA, SD=4    missing_entry    0.01",749.7486945030776,828.7858041859694,669.766540029594
"Wasserstein, LBP RA, SD=4    missing_entry    0.05",1017.8343781953029,1046.4787825649119,1124.6859647740762
"Wasserstein, LBP RA, SD=4    missing_entry    0.1",1057.001010525741,1284.9054597949785,1180.2273708535158
"Wasserstein, LBP RA, SD=4    missing_entry    0.5",2515.859836968387,2395.92413150813,2285.2244314616614
"Wasserstein, LBP RA, SD=4    missing_entry_combined    0.001",2037.0919414498765,1945.9472315345188,1986.1549894660152
"Wasserstein, LBP RA, SD=4    missing_entry_combined    0.005",2123.7913625063748,1984.7868112916165,1814.4575285596661
"Wasserstein, LBP RA, SD=4    missing_entry_combined    0.01",2020.9200934370037,1848.4475079924507,1941.6215091283498
"Wasserstein, LBP RA, SD=4    missing_entry_combined    0.05",2080.140811140394,2111.432758235994,2065.669719827904
"Wasserstein, LBP RA, SD=4    missing_entry_combined    0.1",2261.0217881266244,2187.987867589233,2140.0229150183654
"Wasserstein, LBP RA, SD=4    missing_entry_combined    0.5",2719.2445957195,2862.656721833639,2836.5887368794793
"Wassersteinu, LBP RA, SD=4    sigma    0.005",102.68372346831816,92.6991692408227,97.13968935169514
"Wassersteinu, LBP RA, SD=4    sigma    0.01",342.54617715438303,366.71445972651156,344.3320810416987
"Wassersteinu, LBP RA, SD=4    sigma    0.02",1545.7214988152782,1506.5165008013098,1564.507375720679
"Wassersteinu, LBP RA, SD=4    sigma    0.05",3650.7004837511345,3680.8855219146085,3690.1555213084316
"Wassersteinu, LBP RA, SD=4    sigma    0.1",4498.368740047509,4429.525351918256,4581.712270140868
"Wassersteinu, LBP RA, SD=4    sigma    0.2",4803.578008238376,4977.254742865659,4801.006755579625
"Wassersteinu, LBP RA, SD=4    missing_entry    0.001",660.5421621229441,735.6518271126848,747.2736099552646
"Wassersteinu, LBP RA, SD=4    missing_entry    0.005",1003.7050627643154,765.1259148096825,941.9960757513306
"Wassersteinu, LBP RA, SD=4    missing_entry    0.01",656.5498117035437,756.0372570739627,701.684529719379
"Wassersteinu, LBP RA, SD=4    missing_entry    0.05",1073.9420031819159,1193.0847066884544,805.5331696650194
"Wassersteinu, LBP RA, SD=4    missing_entry    0.1",1153.9064062929021,1234.5222968034661,1085.6461572223764
"Wassersteinu, LBP RA, SD=4    missing_entry    0.5",2001.4051794575976,1985.1105830015592,1894.2708811637533
"Wassersteinu, LBP RA, SD=4    missing_entry_combined    0.001",1482.1014272490577,1517.0636498421127,1542.5805641527324
"Wassersteinu, LBP RA, SD=4    missing_entry_combined    0.005",1491.426828752338,1540.3620603815739,1510.5638346888566
"Wassersteinu, LBP RA, SD=4    missing_entry_combined    0.01",1542.801991787431,1658.4912128718584,1548.240098886827
"Wassersteinu, LBP RA, SD=4    missing_entry_combined    0.05",1660.791939565166,1639.9397720174293,1713.9462925827422
"Wassersteinu, LBP RA, SD=4    missing_entry_combined    0.1",1711.7217663223553,1810.289374833036,1759.0205586967327
"Wassersteinu, LBP RA, SD=4    missing_entry_combined    0.5",2340.2226280992495,2448.3285506058196,2546.3409196933358
"Wasserstein, surgical_case_durations, SD=100    sigma    0.005",1368.4195697676746,1398.9741448116129,1371.4536084016231
"Wasserstein, surgical_case_durations, SD=100    sigma    0.01",1403.3191874024574,1364.9542061574248,1374.1633284761037
"Wasserstein, surgical_case_durations, SD=100    sigma    0.02",1406.6517382384293,1451.7663818248056,1503.2521826811364
"Wasserstein, surgical_case_durations, SD=100    sigma    0.05",1540.7381628875992,1528.5750331418965,1506.4643366855855
"Wasserstein, surgical_case_durations, SD=100    sigma    0.1",1832.5285585895897,1746.5934293034843,1729.411428704537
"Wasserstein, surgical_case_durations, SD=100    sigma    0.2",2092.067893095678,2093.9078763554858,2058.4155787684076
"Wasserstein, surgical_case_durations, SD=100    missing_entry    0.001",1595.0150024341237,1521.2576230770128,1517.3550918022083
"Wasserstein, surgical_case_durations, SD=100    missing_entry    0.005",1546.7381261376263,1489.997940237119,1568.9180093565121
"Wasserstein, surgical_case_durations, SD=100    missing_entry    0.01",1511.4226044997238,1578.6388206802862,1468.9298193304967
"Wasserstein, surgical_case_durations, SD=100    missing_entry    0.05",1593.1659260473634,1606.107760797641,1566.1189892327266
"Wasserstein, surgical_case_durations, SD=100    missing_entry    0.1",1673.922811825986,1729.6207286446754,1693.6411302293059
"Wasserstein, surgical_case_durations, SD=100    missing_entry    0.5",2175.550367738664,2196.381823246917,2081.847011173935
"Wasserstein, surgical_case_durations, SD=100    missing_entry_combined    0.001",1440.0382011787383,1365.107707301041,1419.0208195288951
"Wasserstein, surgical_case_durations, SD=100    missing_entry_combined    0.005",1438.8103247101853,1451.494086917483,1403.9355652765087
"Wasserstein, surgical_case_durations, SD=100    missing_entry_combined    0.01",1462.0669783806848,1383.3115881894614,1442.5375363506216
"Wasserstein, surgical_case_durations, SD=100    missing_entry_combined    0.05",1470.2782282619964,1461.6787138797808,1478.3967564344925
"Wasserstein, surgical_case_durations, SD=100    missing_entry_combined    0.1",1491.3797902604124,1595.4885492533695,1579.2311778180158
"Wasserstein, surgical_case_durations, SD=100    missing_entry_combined    0.5",2070.7768159875186,2030.3640805605276,2023.616426745913
"Wassersteinu, surgical_case_durations, SD=100    sigma    0.005",949.0062641621264,994.2808247854631,931.7253591557943
"Wassersteinu, surgical_case_durations, SD=100    sigma    0.01",976.7028347880404,968.5696654673393,979.9625254067969
"Wassersteinu, surgical_case_durations, SD=100    sigma    0.02",1314.6670409608748,1334.6530079965144,1330.83414710361
"Wassersteinu, surgical_case_durations, SD=100    sigma    0.05",2307.2487573558437,2359.4838753131553,2405.656406475632
"Wassersteinu, surgical_case_durations, SD=100    sigma    0.1",3329.75065509668,3300.6315979213177,3400.1922650865445
"Wassersteinu, surgical_case_durations, SD=100    sigma    0.2",4168.197328354796,4180.147445818609,4220.029287768788
"Wassersteinu, surgical_case_durations, SD=100    missing_entry    0.001",1545.029456708479,1473.3174190859777,1500.9037744292762
"Wassersteinu, surgical_case_durations, SD=100    missing_entry    0.005",1509.974515457094,1567.0264649926205,1492.417355090925
"Wassersteinu, surgical_case_durations, SD=100    missing_entry    0.01",1483.6655854633618,1593.1153293977316,1524.167526768789
"Wassersteinu, surgical_case_durations, SD=100    missing_entry    0.05",1616.295594752584,1521.68359167903,1599.4935098781998
"Wassersteinu, surgical_case_durations, SD=100    missing_entry    0.1",1597.6480488632467,1655.8037053047894,1681.9576089792288
"Wassersteinu, surgical_case_durations, SD=100    missing_entry    0.5",2187.7565377640217,2065.9545820669573,2080.9487881321716
"Wassersteinu, surgical_case_durations, SD=100    missing_entry_combined    0.001",1346.379750191206,1309.317008479084,1317.7233734678089
"Wassersteinu, surgical_case_durations, SD=100    missing_entry_combined    0.005",1350.9667886307138,1325.8490360531425,1324.98657531444
"Wassersteinu, surgical_case_durations, SD=100    missing_entry_combined    0.01",1349.887063405967,1341.7889769591295,1339.847574647342
"Wassersteinu, surgical_case_durations, SD=100    missing_entry_combined    0.05",1372.3600120515034,1394.8615560493824,1404.9534407100268
"Wassersteinu, surgical_case_durations, SD=100    missing_entry_combined    0.1",1424.4543889457073,1421.4228676616785,1425.60629002536
"Wassersteinu, surgical_case_durations, SD=100    missing_entry_combined    0.5",1825.3220085385892,1851.087862633846,1802.2078457460173
"Wasserstein, LBP RA, SD=100    sigma    0.005",317.3871021137681,241.65969286781998,284.8443240514839
"Wasserstein, LBP RA, SD=100    sigma    0.01",404.5754511954243,414.8277091791316,476.69608405079225
"Wasserstein, LBP RA, SD=100    sigma    0.02",567.4697806528617,486.465016808079,501.0526943398801
"Wasserstein, LBP RA, SD=100    sigma    0.05",987.4352852542537,904.6953551058222,940.4429478320569
"Wasserstein, LBP RA, SD=100    sigma    0.1",1502.1950813060075,1839.8072511734838,1433.053531964313
"Wasserstein, LBP RA, SD=100    sigma    0.2",1873.6848159144997,1879.1468549612405,1899.80107544806
"Wasserstein, LBP RA, SD=100    missing_entry    0.001",340.14018092698217,379.5188018333981,352.0538071349358
"Wasserstein, LBP RA, SD=100    missing_entry    0.005",418.20041194937045,340.5680456404957,346.9711990836242
"Wasserstein, LBP RA, SD=100    missing_entry    0.01",403.7361073261294,397.53522589898313,433.9762085113161
"Wasserstein, LBP RA, SD=100    missing_entry    0.05",471.69459150444794,455.628816404594,463.37075207335454
"Wasserstein, LBP RA, SD=100    missing_entry    0.1",624.7674611099039,608.954684537428,552.3965275974651
"Wasserstein, LBP RA, SD=100    missing_entry    0.5",1556.016193244221,1620.5135610736818,1501.7249431691537
"Wasserstein, LBP RA, SD=100    missing_entry_combined    0.001",502.66075824932193,555.64474628278,463.0835432139961
"Wasserstein, LBP RA, SD=100    missing_entry_combined    0.005",517.701909326555,591.9193063748236,757.0209895904419
"Wasserstein, LBP RA, SD=100    missing_entry_combined    0.01",648.1726136071036,673.9449558782235,615.3949797468497
"Wasserstein, LBP RA, SD=100    missing_entry_combined    0.05",658.7461289591395,699.3262386521046,734.5416104391848
"Wasserstein, LBP RA, SD=100    missing_entry_combined    0.1",803.0984413475755,872.1050243212236,862.4082016426424
"Wasserstein, LBP RA, SD=100    missing_entry_combined    0.5",1696.8448621415332,1699.523367685893,1893.1020153264412
"Wassersteinu, LBP RA, SD=100    sigma    0.005",119.0532124886657,131.68390045935797,127.62532407571156
"Wassersteinu, LBP RA, SD=100    sigma    0.01",291.05255812432836,295.7406322830412,287.1988771585298
"Wassersteinu, LBP RA, SD=100    sigma    0.02",680.9661484817075,696.5160009537304,709.0024807498404
"Wassersteinu, LBP RA, SD=100    sigma    0.05",1479.8216807665606,1543.9787487454405,1524.7840682843473
"Wassersteinu, LBP RA, SD=100    sigma    0.1",2199.644949152753,2230.5138338286833,2214.7033938021814
"Wassersteinu, LBP RA, SD=100    sigma    0.2",2755.0169842099326,2757.8819768552003,2776.630966370811
"Wassersteinu, LBP RA, SD=100    missing_entry    0.001",285.9996365782925,235.31099673733414,303.12694173072856
"Wassersteinu, LBP RA, SD=100    missing_entry    0.005",301.62251173146944,400.72380642780263,360.1147649060219
"Wassersteinu, LBP RA, SD=100    missing_entry    0.01",339.6791282218668,293.54963697456475,348.1880372569848
"Wassersteinu, LBP RA, SD=100    missing_entry    0.05",368.15774051521356,429.0948618422129,384.7455747980381
"Wassersteinu, LBP RA, SD=100    missing_entry    0.1",499.5054246037181,464.8681641032923,514.5207941935442
"Wassersteinu, LBP RA, SD=100    missing_entry    0.5",1358.8102788674626,1358.0213169925094,1340.4004865252193
"Wassersteinu, LBP RA, SD=100    missing_entry_combined    0.001",676.4283296641482,698.6652044000907,718.3109771707472
"Wassersteinu, LBP RA, SD=100    missing_entry_combined    0.005",714.9477857192387,704.9250454395827,668.5374483961152
"Wassersteinu, LBP RA, SD=100    missing_entry_combined    0.01",721.936466416166,694.2146205783298,705.6267730011167
"Wassersteinu, LBP RA, SD=100    missing_entry_combined    0.05",788.0474544252788,769.7679859597325,756.4527011540976
"Wassersteinu, LBP RA, SD=100    missing_entry_combined    0.1",858.6432284968092,875.2256001778036,815.2615805491082
"Wassersteinu, LBP RA, SD=100    missing_entry_combined    0.5",1506.2494333314023,1515.5939630204084,1498.6804651824125
"JSD, SD=4    training_method    supervised",0.0,0.0,0.0
"JSD, SD=4    training_method    supervised_2_percent",0.0,0.0,0.0
"JSD, SD=4    training_method    semi",0.0,0.0,0.0
"JSD, SD=4    training_method    semi_sup_first",0.0,0.0,0.0
"JSD, SD=4    training_method    semi_mixed",0.0,0.0,0.0
"JSD, SD=4    training_method    unsupervised",0.0,0.0,0.0
"JSD, SD=4    activation_types    ['relu']",0.0,0.0,0.0
"JSD, SD=4    activation_types    ['relu', 'relu', 'relu', 'relu', 'relu']",0.0,0.0,0.0
"JSD, SD=4    activation_types    ['sin', 'cos', 'linear']",0.0,0.0,0.0
"JSD, SD=4    activation_types    ['sin', 'cos', 'linear', 'relu', 'sigmoid']",0.0,0.0,0.0
"JSD, SD=4    input_layer_type    dense",0.0,0.0,0.0
"JSD, SD=4    input_layer_type    gaussian_dropout",0.0,0.0,0.0
"JSD, SD=4    input_layer_type    sqrt_softmax",0.0,0.0,0.0
"JSD, SD=4    input_layer_type    gaussian_kernel",0.0,0.0,0.0
"JSD, SD=4    input_layer_type    CNN",0.0,0.0,0.0
"JSD, SD=4    input_layer_type    VAE",0.0,0.0,0.0
"JSD, SD=4    encoding_dim    2",0.0,0.0,0.0
"JSD, SD=4    encoding_dim    3",0.0,0.0,0.0
"JSD, SD=4    encoding_dim    6",0.0,0.0,0.0
"JSD, SD=4    hidden_layers    5",0.0,0.0,0.0
"JSD, SD=4    hidden_layers    7",0.0,0.0,0.0
"JSD, SD=4    hidden_layers    9",0.0,0.0,0.0
"JSD, SD=4    hidden_layers    27",0.0,0.0,0.0
"JSD, SD=4    activity_regularizer    ",0.0,0.0,0.0
"JSD, SD=4    activity_regularizer    L2, 0.01",0.0,0.0,0.0
"JSD, SD=4    activity_regularizer    L1, 0.01",0.0,0.0,0.0
"JSD, SD=4    activity_regularizer    L1, 10^-4",0.0,0.0,0.0
"JSD, SD=4    sigma    0.005",0.0,0.0,0.0
"JSD, SD=4    sigma    0.01",0.0,0.0,0.0
"JSD, SD=4    sigma    0.05",0.0,0.0,0.0
"JSD, SD=4    sigma    0.1",0.0,0.0,0.0
"JSD, SD=4    sigma    0.2",0.0,0.0,0.0
"JSD, SD=4    BN_size    2",0.0,0.0,0.0
"JSD, SD=4    BN_size    4",0.0,0.0,0.0
"JSD, SD=4    BN_size    5",0.0,0.0,0.0
"JSD, SD=4    BN_size    10",0.0,0.0,0.0
"JSD, SD=4    BN_size    20",0.0,0.0,0.0
"JSD, SD=4    BN_size    30",0.0,0.0,0.0
"JSD, SD=4    labeled_data_percentage    99",0.0,0.0,0.0
"JSD, SD=4    labeled_data_percentage    50",0.0,0.0,0.0
"JSD, SD=4    labeled_data_percentage    20",0.0,0.0,0.0
"JSD, SD=4    labeled_data_percentage    10",0.0,0.0,0.0
"JSD, SD=4    labeled_data_percentage    5",0.0,0.0,0.0
"JSD, SD=4    labeled_data_percentage    1",0.0,0.0,0.0
"JSD, SD=4    labeled_data_percentage    0.5",0.0,0.0,0.0
"JSD, SD=4    labeled_data_percentage    0.25",0.0,0.0,0.0
"JSD, SD=4    labeled_data_percentage    0.125",0.0,0.0,0.0
"JSD, SD=4    labeled_data_percentage    0.05",0.0,0.0,0.0
"JSD, SD=4    labeled_data_percentage    0.01",0.0,0.0,0.0
"JSD, SD=4    sampling_density    15",0.0,0.0,0.0
"JSD, SD=4    sampling_density    25",83.77685448568364,96.10074098597153,93.39182456432867
"JSD, SD=4    sampling_density    50",69.79430058357414,68.07837350250558,103.88702880741178
"JSD, SD=4    sampling_density    100",260.0333055896919,236.63478612889827,256.58763814338056
"JSD, SD=4    sampling_density    150",726.4900945781347,735.7843192054545,867.4912702988308
"JSD, SD=4    sampling_density    300",1200.3454400580783,1300.5721322202494,1423.5427343239235
"JSD, SD=4    gaussian_noise_sigma    lambda SD, 0.01",0.0,0.0,0.0
"JSD, SD=4    gaussian_noise_sigma    lambda SD, 0.02",0.0,0.0,0.0
"JSD, SD=4    gaussian_noise_sigma    lambda SD, 0.05",0.0,0.0,0.0
"JSD, SD=4    gaussian_noise_sigma    lambda SD, 0.1",0.0,0.0,0.0
"JSD, SD=4    gaussian_noise_sigma    lambda SD, 0.2",0.0,0.0,0.0
"JSD, SD=4    gaussian_noise_sigma    lambda SD, (0.01 over SD) cdot 100",0.0,0.0,0.0
"JSD, SD=4    gaussian_noise_sigma    lambda SD, (0.02 over SD) cdot 100",0.0,0.0,0.0
"JSD, SD=4    gaussian_noise_sigma    lambda SD, (0.05 over SD) cdot 100",0.0,0.0,0.0
"JSD, SD=4    gaussian_noise_sigma    lambda SD, (0.1 over SD) cdot 100",0.0,0.0,0.0
"JSD, SD=4    gaussian_noise_sigma    lambda SD, (0.2 over SD) cdot 100",0.0,0.0,0.0
"JSD, SD=4    missing_entry    0.001",0.0,0.0,0.0
"JSD, SD=4    missing_entry    0.005",0.0,0.0,0.0
"JSD, SD=4    missing_entry    0.01",0.0,0.0,0.0
"JSD, SD=4    missing_entry    0.05",0.0,0.0,0.0
"JSD, SD=4    missing_entry    0.1",0.0,0.0,0.0
"JSD, SD=4    missing_entry    0.5",0.0,0.0,0.0
"JSD, SD=4    missing_entry_combined    0.001",0.0,0.0,0.0
"JSD, SD=4    missing_entry_combined    0.005",0.0,0.0,0.0
"JSD, SD=4    missing_entry_combined    0.01",0.0,0.0,0.0
"JSD, SD=4    missing_entry_combined    0.05",0.0,0.0,0.0
"JSD, SD=4    missing_entry_combined    0.1",0.0,0.0,0.0
"JSD, SD=4    missing_entry_combined    0.5",0.0,0.0,0.0
"JSD, SD=4    missing_entry_no_denoising    0.001",0.0,0.0,0.0
"JSD, SD=4    missing_entry_no_denoising    0.005",0.0,0.0,0.0
"JSD, SD=4    missing_entry_no_denoising    0.01",0.0,0.0,0.0
"JSD, SD=4    missing_entry_no_denoising    0.05",0.0,0.0,0.0
"JSD, SD=4    missing_entry_no_denoising    0.1",0.0,0.0,0.0
"JSD, SD=4    missing_entry_no_denoising    0.5",0.0,0.0,0.0
"JSD, SD=4    rows    100",0.0,0.0,0.0
"JSD, SD=4    rows    1000",0.0,0.0,0.0
"JSD, SD=4    rows    100000",0.0,0.0,0.0
"JSD, SD=4    rows    1000000",0.0,0.0,0.0
"JSDu, SD=4    activation_types    ['relu']",0.0,0.0,0.0
"JSDu, SD=4    activation_types    ['relu', 'relu', 'relu', 'relu', 'relu']",0.0,0.0,0.0
"JSDu, SD=4    activation_types    ['sin', 'cos', 'linear']",0.0,0.0,0.0
"JSDu, SD=4    activation_types    ['sin', 'cos', 'linear', 'relu', 'sigmoid']",0.0,0.0,0.0
"JSDu, SD=4    input_layer_type    dense",0.0,0.0,0.0
"JSDu, SD=4    input_layer_type    gaussian_dropout",0.0,0.0,0.0
"JSDu, SD=4    input_layer_type    sqrt_softmax",0.0,0.0,0.0
"JSDu, SD=4    input_layer_type    gaussian_kernel",0.0,0.0,0.0
"JSDu, SD=4    input_layer_type    CNN",0.0,0.0,0.0
"JSDu, SD=4    input_layer_type    VAE",0.0,0.0,0.0
"JSDu, SD=4    encoding_dim    2",0.0,0.0,0.0
"JSDu, SD=4    encoding_dim    3",0.0,0.0,0.0
"JSDu, SD=4    encoding_dim    6",0.0,0.0,0.0
"JSDu, SD=4    hidden_layers    5",0.0,0.0,0.0
"JSDu, SD=4    hidden_layers    7",0.0,0.0,0.0
"JSDu, SD=4    hidden_layers    9",0.0,0.0,0.0
"JSDu, SD=4    hidden_layers    27",0.0,0.0,0.0
"JSDu, SD=4    activity_regularizer    ",0.0,0.0,0.0
"JSDu, SD=4    activity_regularizer    L2, 0.01",0.0,0.0,0.0
"JSDu, SD=4    activity_regularizer    L1, 0.01",0.0,0.0,0.0
"JSDu, SD=4    activity_regularizer    L1, 10^-4",0.0,0.0,0.0
"JSDu, SD=4    sigma    0.005",0.0,0.0,0.0
"JSDu, SD=4    sigma    0.01",0.0,0.0,0.0
"JSDu, SD=4    sigma    0.05",0.0,0.0,0.0
"JSDu, SD=4    sigma    0.1",0.0,0.0,0.0
"JSDu, SD=4    sigma    0.2",0.0,0.0,0.0
"JSDu, SD=4    BN_size    2",0.0,0.0,0.0
"JSDu, SD=4    BN_size    4",0.0,0.0,0.0
"JSDu, SD=4    BN_size    5",0.0,0.0,0.0
"JSDu, SD=4    BN_size    10",0.0,0.0,0.0
"JSDu, SD=4    BN_size    20",0.0,0.0,0.0
"JSDu, SD=4    BN_size    30",0.0,0.0,0.0
"JSDu, SD=4    sampling_density    15",0.0,0.0,0.0
"JSDu, SD=4    sampling_density    25",275.5428813621895,289.31398801076347,281.70131628482267
"JSDu, SD=4    sampling_density    50",197.81248197789253,196.86396720840355,190.29647211079458
"JSDu, SD=4    sampling_density    100",228.67459892445015,336.6336280894738,202.49716817628928
"JSDu, SD=4    sampling_density    150",735.9219970539739,744.9173861275402,810.9897382314751
"JSDu, SD=4    sampling_density    300",960.8027863665034,1002.8863407039072,917.2562704204389
"JSDu, SD=4    gaussian_noise_sigma    lambda SD, 0.01",0.0,0.0,0.0
"JSDu, SD=4    gaussian_noise_sigma    lambda SD, 0.02",0.0,0.0,0.0
"JSDu, SD=4    gaussian_noise_sigma    lambda SD, 0.05",0.0,0.0,0.0
"JSDu, SD=4    gaussian_noise_sigma    lambda SD, 0.1",0.0,0.0,0.0
"JSDu, SD=4    gaussian_noise_sigma    lambda SD, 0.2",0.0,0.0,0.0
"JSDu, SD=4    gaussian_noise_sigma    lambda SD, (0.01 over SD) cdot 100",0.0,0.0,0.0
"JSDu, SD=4    gaussian_noise_sigma    lambda SD, (0.02 over SD) cdot 100",0.0,0.0,0.0
"JSDu, SD=4    gaussian_noise_sigma    lambda SD, (0.05 over SD) cdot 100",0.0,0.0,0.0
"JSDu, SD=4    gaussian_noise_sigma    lambda SD, (0.1 over SD) cdot 100",0.0,0.0,0.0
"JSDu, SD=4    gaussian_noise_sigma    lambda SD, (0.2 over SD) cdot 100",0.0,0.0,0.0
"JSDu, SD=4    missing_entry    0.001",0.0,0.0,0.0
"JSDu, SD=4    missing_entry    0.005",0.0,0.0,0.0
"JSDu, SD=4    missing_entry    0.01",0.0,0.0,0.0
"JSDu, SD=4    missing_entry    0.05",0.0,0.0,0.0
"JSDu, SD=4    missing_entry    0.1",0.0,0.0,0.0
"JSDu, SD=4    missing_entry    0.5",0.0,0.0,0.0
"JSDu, SD=4    missing_entry_combined    0.001",0.0,0.0,0.0
"JSDu, SD=4    missing_entry_combined    0.005",0.0,0.0,0.0
"JSDu, SD=4    missing_entry_combined    0.01",0.0,0.0,0.0
"JSDu, SD=4    missing_entry_combined    0.05",0.0,0.0,0.0
"JSDu, SD=4    missing_entry_combined    0.1",0.0,0.0,0.0
"JSDu, SD=4    missing_entry_combined    0.5",0.0,0.0,0.0
"JSDu, SD=4    missing_entry_no_denoising    0.001",0.0,0.0,0.0
"JSDu, SD=4    missing_entry_no_denoising    0.005",0.0,0.0,0.0
"JSDu, SD=4    missing_entry_no_denoising    0.01",0.0,0.0,0.0
"JSDu, SD=4    missing_entry_no_denoising    0.05",0.0,0.0,0.0
"JSDu, SD=4    missing_entry_no_denoising    0.1",0.0,0.0,0.0
"JSDu, SD=4    missing_entry_no_denoising    0.5",0.0,0.0,0.0
"JSDu, SD=4    rows    100",0.0,0.0,0.0
"JSDu, SD=4    rows    1000",0.0,0.0,0.0
"JSDu, SD=4    rows    100000",0.0,0.0,0.0
"JSDu, SD=4    rows    1000000",0.0,0.0,0.0
"Wasserstein, SD=100    training_method    supervised",95.3225034182158,190.9844197352636,93.77808806270495
"Wasserstein, SD=100    training_method    supervised_2_percent",996.8480225039693,1286.804983936899,1201.735510281334
"Wasserstein, SD=100    training_method    semi",9.13671453002441,6.2649569137123065,15.214307809632292
"Wasserstein, SD=100    training_method    semi_sup_first",474.7128218922746,451.11233759541585,471.39394073344306
"Wasserstein, SD=100    training_method    semi_mixed",338.18083336803755,335.3725780071495,339.73570122156
"Wasserstein, SD=100    training_method    unsupervised",460.58748989978756,486.24343607541766,473.2224347528145
"Wasserstein, SD=100    activation_types    ['relu']",105.00733241402753,126.89659249180698,94.58415627595751
"Wasserstein, SD=100    activation_types    ['relu', 'relu', 'relu', 'relu', 'relu']",5.1330117318944835,5.044582490533412,5.108403803653021
"Wasserstein, SD=100    activation_types    ['sin', 'cos', 'linear']",20.838817275029967,24.93022530233158,28.93436263547317
"Wasserstein, SD=100    activation_types    ['sin', 'cos', 'linear', 'relu', 'sigmoid']",7.087157695382274,9.650431356217936,6.2468933633929105
"Wasserstein, SD=100    input_layer_type    dense",5.074200398739395,7.422237188553564,8.280375871255105
"Wasserstein, SD=100    input_layer_type    gaussian_dropout",7.2868508108585495,8.891760054340216,7.4049022493602905
"Wasserstein, SD=100    input_layer_type    sqrt_softmax",414.1909417282104,442.53832365483447,505.62779152446956
"Wasserstein, SD=100    input_layer_type    gaussian_kernel",12.171111908521258,11.239664060020907,9.505202916348617
"Wasserstein, SD=100    input_layer_type    CNN",5.8447516981020335,4.456163828600803,5.772958308405122
"Wasserstein, SD=100    input_layer_type    VAE",2025.188373723184,1990.8185081326528,1974.0890856463423
"Wasserstein, SD=100    encoding_dim    2",10.651116845973664,13.203213825504605,20.388850844258293
"Wasserstein, SD=100    encoding_dim    3",8.222136815890249,8.516496740844794,7.371496520318279
"Wasserstein, SD=100    encoding_dim    6",7.902749432432806,3.9294072066206573,5.121662693653512
"Wasserstein, SD=100    hidden_layers    5",17.493810218022855,14.761479408797925,16.943021350277494
"Wasserstein, SD=100    hidden_layers    7",14.236124130270513,543.8563055892162,107.9092046662683
"Wasserstein, SD=100    hidden_layers    9",1931.131517471768,2025.6182035870563,2030.7575773218937
"Wasserstein, SD=100    hidden_layers    27",0.0,0.0,0.0
"Wasserstein, SD=100    activity_regularizer    ",11.929439353993091,9.51879122469554,6.506351839010912
"Wasserstein, SD=100    activity_regularizer    L2, 0.01",29.88615171591467,29.135914635446742,34.52701832469157
"Wasserstein, SD=100    activity_regularizer    L1, 0.01",124.23338497888338,87.55525405316621,129.48813767097602
"Wasserstein, SD=100    activity_regularizer    L1, 10^-4",9.300968825807708,6.804947905783369,9.87713493660003
"Wasserstein, SD=100    sigma    0.005",4.20064912588429,4.855610447026594,4.387362760723495
"Wasserstein, SD=100    sigma    0.01",5.084328888094092,4.260240372947385,3.9521784457503286
"Wasserstein, SD=100    sigma    0.05",44.811575533611645,52.44095296667691,60.50062229620036
"Wasserstein, SD=100    sigma    0.1",534.5353925973294,511.13877867409497,489.6452362344993
"Wasserstein, SD=100    sigma    0.2",1560.5187540642944,1722.7190417723161,1675.3755340279292
"Wasserstein, SD=100    BN_size    2",3.251961588980317,2.798706667122228,3.1658833457014417
"Wasserstein, SD=100    BN_size    4",14.230748361391582,13.123738200439856,12.427389001899002
"Wasserstein, SD=100    BN_size    5",36.08450604997664,20.071119217728853,23.57300279093775
"Wasserstein, SD=100    BN_size    10",119.87375837218977,121.78355786773352,168.58651916502228
"Wasserstein, SD=100    BN_size    20",546.4747155966182,573.0713450691302,505.101644492277
"Wasserstein, SD=100    BN_size    30",1126.7332896413657,1014.2792892374665,1017.5389098675455
"Wasserstein, SD=100    labeled_data_percentage    99",64.36084393839585,103.10256046989052,107.18298969056576
"Wasserstein, SD=100    labeled_data_percentage    50",3.621181491750793,3.4530984786145225,2.7884577937175443
"Wasserstein, SD=100    labeled_data_percentage    20",3.978111093870657,3.27231944643842,3.0429083207554175
"Wasserstein, SD=100    labeled_data_percentage    10",4.23125244586174,5.097975141232697,4.694095322483628
"Wasserstein, SD=100    labeled_data_percentage    5",5.6244278683579285,4.435829944431061,4.353214097497482
"Wasserstein, SD=100    labeled_data_percentage    1",14.07971574089099,17.95206195392034,18.08276938198403
"Wasserstein, SD=100    labeled_data_percentage    0.5",54.50337636958322,42.90249969496294,63.93170363686268
"Wasserstein, SD=100    labeled_data_percentage    0.25",143.70123869229838,110.39872843916518,111.81903638712618
"Wasserstein, SD=100    labeled_data_percentage    0.125",279.2254466246538,324.98696396167804,303.44272139944127
"Wasserstein, SD=100    labeled_data_percentage    0.05",540.408331286998,609.6255447044787,630.3583372246833
"Wasserstein, SD=100    labeled_data_percentage    0.01",2467.985145070336,768.6076565901897,1133.7632623987479
"Wasserstein, SD=100    sampling_density    4",0.0,0.0,0.0
"Wasserstein, SD=100    sampling_density    15",0.0,0.0,0.0
"Wasserstein, SD=100    sampling_density    25",22.343706598849202,23.725180685031052,20.843038682560795
"Wasserstein, SD=100    sampling_density    50",12.072324427419227,11.819570073487629,9.293173715887216
"Wasserstein, SD=100    sampling_density    150",10.503514007045435,7.494364712780295,6.496397268676793
"Wasserstein, SD=100    sampling_density    300",9.102097900724662,6.921923961604207,20.376170014995303
"Wasserstein, SD=100    gaussian_noise_sigma    lambda SD, 0.01",7.421071975339858,5.499372695793655,9.340856094881653
"Wasserstein, SD=100    gaussian_noise_sigma    lambda SD, 0.02",7.597644323935356,7.397800235865478,9.614848785825513
"Wasserstein, SD=100    gaussian_noise_sigma    lambda SD, 0.05",18.868198546085004,28.177034058260272,15.279100221561228
"Wasserstein, SD=100    gaussian_noise_sigma    lambda SD, 0.1",431.5973409126389,382.8452865839892,303.240147868661
"Wasserstein, SD=100    gaussian_noise_sigma    lambda SD, 0.2",1588.6746134873356,1603.0599459439616,1519.708800545788
"Wasserstein, SD=100    gaussian_noise_sigma    lambda SD, (0.01 over SD) cdot 100",5.5759726367601425,9.106651847293971,8.410824609018302
"Wasserstein, SD=100    gaussian_noise_sigma    lambda SD, (0.02 over SD) cdot 100",6.393060405448505,7.759446494383372,7.971501860018198
"Wasserstein, SD=100    gaussian_noise_sigma    lambda SD, (0.05 over SD) cdot 100",13.838132772811086,17.674162231510834,19.16427719264244
"Wasserstein, SD=100    gaussian_noise_sigma    lambda SD, (0.1 over SD) cdot 100",295.3165861211632,369.9472264451298,277.5486774555884
"Wasserstein, SD=100    gaussian_noise_sigma    lambda SD, (0.2 over SD) cdot 100",1604.6706763280645,1549.163155620665,1538.8950295211696
"Wasserstein, SD=100    missing_entry    0.001",117.5203427039753,145.44712322573278,236.12191431960213
"Wasserstein, SD=100    missing_entry    0.005",151.20426509524916,159.53600821916217,104.67447302308217
"Wasserstein, SD=100    missing_entry    0.01",197.30127766294163,188.98145855191183,174.9346344340666
"Wasserstein, SD=100    missing_entry    0.05",284.65624044857685,251.33451454009864,295.7175373912234
"Wasserstein, SD=100    missing_entry    0.1",386.5741502410328,630.5809482388977,337.25766805046754
"Wasserstein, SD=100    missing_entry    0.5",1420.0441287852534,1337.0277236438396,1169.402202349536
"Wasserstein, SD=100    missing_entry_combined    0.001",9.374085962459791,11.374048579754788,10.79742994278607
"Wasserstein, SD=100    missing_entry_combined    0.005",24.350710321579157,20.527413202544672,24.952753932399254
"Wasserstein, SD=100    missing_entry_combined    0.01",26.51950688939484,29.27332468879508,36.48542797776008
"Wasserstein, SD=100    missing_entry_combined    0.05",131.58112445830824,130.82747631741853,108.80853391621554
"Wasserstein, SD=100    missing_entry_combined    0.1",251.99437421073225,250.6406710602983,209.6125633451013
"Wasserstein, SD=100    missing_entry_combined    0.5",1252.53483211106,1254.6531581721665,1308.7165583176295
"Wasserstein, SD=100    missing_entry_no_denoising    0.001",141.56246048722835,146.22185834827545,195.82918933284043
"Wasserstein, SD=100    missing_entry_no_denoising    0.005",182.4314742981494,100.37388801530226,200.31500610282617
"Wasserstein, SD=100    missing_entry_no_denoising    0.01",184.16807064206148,152.98000361145657,146.87559296688858
"Wasserstein, SD=100    missing_entry_no_denoising    0.05",278.43071852877205,288.91430635612477,195.10144514844438
"Wasserstein, SD=100    missing_entry_no_denoising    0.1",361.7899333780734,301.08552582104335,389.8095476731121
"Wasserstein, SD=100    missing_entry_no_denoising    0.5",1125.455009918985,1151.1428737189756,1147.889516299486
"Wasserstein, SD=100    rows    100",16.25211428009915,20.58266275996497,48.23039809598466
"Wasserstein, SD=100    rows    1000",22.661528264736454,16.45491028875528,22.53519594915877
"Wasserstein, SD=100    rows    100000",14.369326374870852,17.118229775685048,19.322707304929846
"Wasserstein, SD=100    rows    1000000",133.34067738059082,140.15134826493102,111.62331899504531
"JSD, SD=100    training_method    supervised",3.42333119882744,2.063595271990824,1.0323104038236006
"JSD, SD=100    training_method    supervised_2_percent",1852.296049742176,1651.0989579897837,1604.8430553883138
"JSD, SD=100    training_method    semi_sup_first",215.3101091416749,263.15031772959617,292.0895628403157
"JSD, SD=100    training_method    semi_mixed",153.81259914734562,177.20020562933044,209.94727777437345
"JSD, SD=100    activation_types    ['relu']",2004.948258921492,2065.362279512653,2129.5931936757443
"JSD, SD=100    activation_types    ['relu', 'relu', 'relu', 'relu', 'relu']",313.9536793408865,280.52109518080704,251.39395739662763
"JSD, SD=100    activation_types    ['sin', 'cos', 'linear']",810.084182220397,859.3477617448088,821.9715210098741
"JSD, SD=100    activation_types    ['sin', 'cos', 'linear', 'relu', 'sigmoid']",497.77646844135785,287.3092560209946,434.65204409130155
"JSD, SD=100    input_layer_type    dense",144.12961713593208,230.69108660761987,147.74648703058548
"JSD, SD=100    input_layer_type    gaussian_dropout",187.9365297484891,150.22325135447755,211.70787259824726
"JSD, SD=100    input_layer_type    sqrt_softmax",1490.9303998446471,1486.0178318596568,1511.1067500441884
"JSD, SD=100    input_layer_type    gaussian_kernel",410.2346670797858,347.3718088416502,534.6774324916588
"JSD, SD=100    input_layer_type    CNN",105.3716019563574,137.32564719977313,89.26253353875886
"JSD, SD=100    input_layer_type    VAE",2241.9654005135067,2255.8289067768546,2435.4884736443996
"JSD, SD=100    encoding_dim    2",900.0254411544765,854.1468641849016,871.1347277920052
"JSD, SD=100    encoding_dim    3",165.43938715834926,113.18083126717295,116.94298932871969
"JSD, SD=100    encoding_dim    6",43.37673855936592,56.52340629478782,56.761178026588695
"JSD, SD=100    hidden_layers    5",69.50044653287729,48.72918501376894,46.532990224255144
"JSD, SD=100    hidden_layers    7",1223.9619758640438,1431.665916925666,1187.5424659311843
"JSD, SD=100    hidden_layers    9",3121.6850553540808,2969.070690577708,3046.0409300927336
"JSD, SD=100    hidden_layers    27",0.0,0.0,0.0
"JSD, SD=100    activity_regularizer    ",387.8666293935813,242.08398534381087,536.7474270204444
"JSD, SD=100    activity_regularizer    L2, 0.01",980.083435849474,848.2973229609634,890.2509013826284
"JSD, SD=100    activity_regularizer    L1, 0.01",1512.6546604184027,1465.6909818628333,1381.598828601684
"JSD, SD=100    activity_regularizer    L1, 10^-4",242.41247484722328,156.4708861017145,198.519407251009
"JSD, SD=100    sigma    0.005",2.5219820851533177,1.5500177162532525,3.0072962101435605
"JSD, SD=100    sigma    0.01",14.729398857074665,27.097546842359662,17.27100177469061
"JSD, SD=100    sigma    0.05",1004.8934304954092,821.1336734605951,1063.6709644714758
"JSD, SD=100    sigma    0.1",1526.9398849568763,1498.9082740231686,1468.8667919424825
"JSD, SD=100    sigma    0.2",2323.4454858349354,2255.3380751569393,2297.690837323489
"JSD, SD=100    BN_size    2",53.035662610699646,63.29713950784806,55.35673455675794
"JSD, SD=100    BN_size    4",253.43247881149944,460.54606401116064,210.49152947881353
"JSD, SD=100    BN_size    5",659.8613531849552,431.40825744381095,891.0188500145075
"JSD, SD=100    BN_size    10",1258.995327788463,1443.753471426051,1459.4707390795377
"JSD, SD=100    BN_size    20",3693.941747212628,3889.347456568221,4069.138026791023
"JSD, SD=100    BN_size    30",8141.655474949061,8037.480824013052,8606.167452588685
"JSD, SD=100    labeled_data_percentage    99",5.208568641328856,1.4902639980138321,20.85118625170636
"JSD, SD=100    labeled_data_percentage    50",25.59317218533063,55.827766486122485,23.43564330835556
"JSD, SD=100    labeled_data_percentage    20",53.89790923260263,30.72822603354419,29.70804288926739
"JSD, SD=100    labeled_data_percentage    10",56.897857283038036,151.61277040541836,60.46363975565469
"JSD, SD=100    labeled_data_percentage    5",68.2480528205312,75.35989727723478,98.0690797037083
"JSD, SD=100    labeled_data_percentage    1",273.88626567292954,221.84169650718596,194.97759953847802
"JSD, SD=100    labeled_data_percentage    0.5",227.01153577868808,278.1261139172989,204.01676509557325
"JSD, SD=100    labeled_data_percentage    0.25",387.5664058992453,287.6272625626269,504.2357453620393
"JSD, SD=100    labeled_data_percentage    0.125",656.1176525297163,830.2918593496931,811.7758682560423
"JSD, SD=100    labeled_data_percentage    0.05",780.3801940995529,792.2767107850577,775.3201647339687
"JSD, SD=100    labeled_data_percentage    0.01",477.1156916445103,635.723099114748,463.50876181920637
"JSD, SD=100    gaussian_noise_sigma    lambda SD, 0.01",123.59738968379767,495.8688898323592,216.94642649277932
"JSD, SD=100    gaussian_noise_sigma    lambda SD, 0.02",349.14252677358104,430.7081565609899,541.296259576861
"JSD, SD=100    gaussian_noise_sigma    lambda SD, 0.05",1001.0603061050127,911.0348370535712,1165.3588498232086
"JSD, SD=100    gaussian_noise_sigma    lambda SD, 0.1",1510.7202204190528,1622.354761114792,1940.3370076977722
"JSD, SD=100    gaussian_noise_sigma    lambda SD, 0.2",2126.0318477392766,2110.553956220181,1878.4268577802864
"JSD, SD=100    gaussian_noise_sigma    lambda SD, (0.01 over SD) cdot 100",101.9218106288429,157.93182222240955,143.87883935714035
"JSD, SD=100    gaussian_noise_sigma    lambda SD, (0.02 over SD) cdot 100",356.9131192370934,497.93654863675977,558.7349901889764
"JSD, SD=100    gaussian_noise_sigma    lambda SD, (0.05 over SD) cdot 100",992.5989135671131,926.6028747060898,1053.9725767543005
"JSD, SD=100    gaussian_noise_sigma    lambda SD, (0.1 over SD) cdot 100",1583.942694506115,1389.433231180939,1519.0484452883177
"JSD, SD=100    gaussian_noise_sigma    lambda SD, (0.2 over SD) cdot 100",2242.1367886634744,1784.9151305009646,2293.4969090327886
"JSD, SD=100    missing_entry    0.001",8.01257080225161,4.8292157538551574,16.93901757521245
"JSD, SD=100    missing_entry    0.005",16.48671523586535,17.82306221568728,49.77910840628569
"JSD, SD=100    missing_entry    0.01",96.17275850619674,83.57291201894851,66.07634221335576
"JSD, SD=100    missing_entry    0.05",263.4108973612385,212.58157628153023,188.39662268100548
"JSD, SD=100    missing_entry    0.1",338.71660798424756,397.5183007618706,477.01701559878506
"JSD, SD=100    missing_entry    0.5",1496.3510432268297,1748.914579801431,1697.25242171044
"JSD, SD=100    missing_entry_combined    0.001",191.5485054671426,151.12760632402316,339.252065166028
"JSD, SD=100    missing_entry_combined    0.005",437.2262164823919,170.55995459481363,234.06412536631373
"JSD, SD=100    missing_entry_combined    0.01",233.68706488199967,209.66816297319104,200.47400923636732
"JSD, SD=100    missing_entry_combined    0.05",439.8635247833558,391.0495934070316,445.9047203423004
"JSD, SD=100    missing_entry_combined    0.1",694.7397821129174,637.7314591371154,634.3821355204286
"JSD, SD=100    missing_entry_combined    0.5",1548.4213129326981,1564.8086623214988,1668.5857969299673
"JSD, SD=100    missing_entry_no_denoising    0.001",208.4362885991382,252.81604995751016,98.95165841434661
"JSD, SD=100    missing_entry_no_denoising    0.005",132.16061054453104,183.48785786933684,75.38144624854158
"JSD, SD=100    missing_entry_no_denoising    0.01",115.87892740947927,203.44808539806814,158.90214468005195
"JSD, SD=100    missing_entry_no_denoising    0.05",266.1720213580565,332.54626733664406,309.4988893222041
"JSD, SD=100    missing_entry_no_denoising    0.1",371.28819450124297,386.7136473484135,436.1855810933781
"JSD, SD=100    missing_entry_no_denoising    0.5",1322.3766458561481,1449.9942318499393,1425.3367295337548
"JSD, SD=100    rows    100",19.00995141801282,23.546954894128486,29.961226291594844
"JSD, SD=100    rows    1000",128.85964521299255,114.52240404565624,136.79357150703032
"JSD, SD=100    rows    100000",52.85838124225787,59.6520030684579,14.34337881644169
"JSD, SD=100    rows    1000000",18.23995345085345,6.648366130307542,9.816007105931671
"Wassersteinu, SD=100    activation_types    ['relu']",503.1235839587942,517.65289079036,562.1957143985496
"Wassersteinu, SD=100    activation_types    ['relu', 'relu', 'relu', 'relu', 'relu']",481.1266070351088,490.08703253290236,461.8942951053068
"Wassersteinu, SD=100    activation_types    ['sin', 'cos', 'linear']",472.3832429304372,473.4663310899357,467.58994232863677
"Wassersteinu, SD=100    activation_types    ['sin', 'cos', 'linear', 'relu', 'sigmoid']",472.83825473055674,469.4308212315433,470.4429380525096
"Wassersteinu, SD=100    input_layer_type    dense",493.65241088740765,485.5074172517451,489.8963034344952
"Wassersteinu, SD=100    input_layer_type    gaussian_dropout",489.4981686065053,486.4238591506869,467.47814414340075
"Wassersteinu, SD=100    input_layer_type    sqrt_softmax",758.4729773111633,759.4135034397702,861.7454073752725
"Wassersteinu, SD=100    input_layer_type    gaussian_kernel",475.1042661108731,479.55951514766116,509.77752946825194
"Wassersteinu, SD=100    input_layer_type    CNN",492.3977027311257,494.1643171063773,484.90787043944897
"Wassersteinu, SD=100    input_layer_type    VAE",1985.3536542818174,2007.8830580868662,1929.7909751486236
"Wassersteinu, SD=100    encoding_dim    2",471.21025933142255,470.07832306137595,469.0475230058415
"Wassersteinu, SD=100    encoding_dim    3",471.86920769890924,472.5127665530048,476.8152115978978
"Wassersteinu, SD=100    encoding_dim    6",466.875473362099,469.9784813480137,470.20323046420725
"Wassersteinu, SD=100    hidden_layers    5",485.26730284481243,472.7128371796924,498.81689241405184
"Wassersteinu, SD=100    hidden_layers    7",474.7368008184897,492.20901767517523,486.9583444419937
"Wassersteinu, SD=100    hidden_layers    9",489.0666314961011,459.65047462242745,491.2408018728556
"Wassersteinu, SD=100    hidden_layers    27",0.0,0.0,0.0
"Wassersteinu, SD=100    activity_regularizer    ",461.16918507719333,466.12553172549127,467.20925009326595
"Wassersteinu, SD=100    activity_regularizer    L2, 0.01",471.3792674139336,475.30046982344675,488.8163368162187
"Wassersteinu, SD=100    activity_regularizer    L1, 0.01",515.7242435077885,520.2178570555457,496.995205533166
"Wassersteinu, SD=100    activity_regularizer    L1, 10^-4",465.6232535123417,462.0862615335706,476.48619341843425
"Wassersteinu, SD=100    sigma    0.005",67.90628758403327,67.48998073638519,71.64572535528319
"Wassersteinu, SD=100    sigma    0.01",189.62202310023534,191.2056683915077,194.2986388338404
"Wassersteinu, SD=100    sigma    0.05",1058.100560023564,1087.1809599801327,1069.4535029251033
"Wassersteinu, SD=100    sigma    0.1",1582.5333453658454,1558.2100178176433,1547.0037890551748
"Wassersteinu, SD=100    sigma    0.2",1976.9505035155353,1994.9203328003168,2017.8445966523493
"Wassersteinu, SD=100    BN_size    2",317.3544119102369,314.86430827534895,303.4913708487177
"Wassersteinu, SD=100    BN_size    4",629.66219717079,641.6575350049216,618.539141428083
"Wassersteinu, SD=100    BN_size    5",814.745877553712,824.5269340422709,797.53163418183
"Wassersteinu, SD=100    BN_size    10",1685.1658300699057,1675.7242499785168,1696.7684066746378
"Wassersteinu, SD=100    BN_size    20",3503.4788801083864,3492.0514944258175,3486.094004113733
"Wassersteinu, SD=100    BN_size    30",5322.833997838412,5219.45817380618,5334.071542582682
"Wassersteinu, SD=100    sampling_density    4",0.0,0.0,0
"Wassersteinu, SD=100    sampling_density    15",0.0,0.0,0
"Wassersteinu, SD=100    sampling_density    25",484.27573005864633,484.3888354498918,492.8280193820175
"Wassersteinu, SD=100    sampling_density    50",470.23783281870317,494.66282890761653,483.936421959806
"Wassersteinu, SD=100    sampling_density    150",452.12066618863224,462.23421094035336,470.99143240704933
"Wassersteinu, SD=100    sampling_density    300",473.1888699271782,463.90461638388723,470.1485625261301
"Wassersteinu, SD=100    gaussian_noise_sigma    lambda SD, 0.01",462.6426690545311,463.2448326976181,455.4255859247439
"Wassersteinu, SD=100    gaussian_noise_sigma    lambda SD, 0.02",462.66836343912547,443.5761127449981,464.3766876932532
"Wassersteinu, SD=100    gaussian_noise_sigma    lambda SD, 0.05",469.7248065174233,463.25974657669065,485.05015390892515
"Wassersteinu, SD=100    gaussian_noise_sigma    lambda SD, 0.1",637.8917423968485,668.0263321235018,663.2659793273215
"Wassersteinu, SD=100    gaussian_noise_sigma    lambda SD, 0.2",1829.9415856689666,1847.7164022162483,1843.1069683465614
"Wassersteinu, SD=100    gaussian_noise_sigma    lambda SD, (0.01 over SD) cdot 100",482.79492110833144,471.29673404608434,464.280990363548
"Wassersteinu, SD=100    gaussian_noise_sigma    lambda SD, (0.02 over SD) cdot 100",476.0626097573948,458.25303064774437,452.55638537619143
"Wassersteinu, SD=100    gaussian_noise_sigma    lambda SD, (0.05 over SD) cdot 100",471.8816374879153,456.6907758193126,475.44329348249255
"Wassersteinu, SD=100    gaussian_noise_sigma    lambda SD, (0.1 over SD) cdot 100",722.9997240704885,785.6023409474033,698.242661334582
"Wassersteinu, SD=100    gaussian_noise_sigma    lambda SD, (0.2 over SD) cdot 100",1872.11353875948,1908.3989960537638,1861.6725595750909
"Wassersteinu, SD=100    missing_entry    0.001",159.3523013501739,99.35581353849972,175.87778919217112
"Wassersteinu, SD=100    missing_entry    0.005",159.94113555385835,124.67325208640574,138.6641964332616
"Wassersteinu, SD=100    missing_entry    0.01",143.49192362728834,169.50192641911758,136.71548589971886
"Wassersteinu, SD=100    missing_entry    0.05",203.19818261215815,194.35924270008525,267.2767914048201
"Wassersteinu, SD=100    missing_entry    0.1",333.2831057616052,357.8514955134309,270.7314717926033
"Wassersteinu, SD=100    missing_entry    0.5",1133.9675611379248,1089.928294717189,1015.816755157151
"Wassersteinu, SD=100    missing_entry_combined    0.001",460.8276213826991,473.4514413546613,466.78084386454645
"Wassersteinu, SD=100    missing_entry_combined    0.005",479.3513377428615,480.52397032009145,469.5926615452265
"Wassersteinu, SD=100    missing_entry_combined    0.01",492.0819360222773,480.7384487281041,485.32491414710773
"Wassersteinu, SD=100    missing_entry_combined    0.05",562.180291310748,554.0862755103641,550.5718221651248
"Wassersteinu, SD=100    missing_entry_combined    0.1",644.8540596416508,630.1960849918328,634.3706856920487
"Wassersteinu, SD=100    missing_entry_combined    0.5",1296.573941906499,1291.0702850982168,1267.6716059245325
"Wassersteinu, SD=100    missing_entry_no_denoising    0.001",123.24555913802348,166.83284694218008,112.32647535093619
"Wassersteinu, SD=100    missing_entry_no_denoising    0.005",165.23260870011748,146.09425976895238,124.57267801634542
"Wassersteinu, SD=100    missing_entry_no_denoising    0.01",125.36377011456321,116.9417913829597,165.50673601328742
"Wassersteinu, SD=100    missing_entry_no_denoising    0.05",234.0529874908296,177.55810466926303,231.1971238597866
"Wassersteinu, SD=100    missing_entry_no_denoising    0.1",289.4818646115445,298.04538673866847,310.33577159515994
"Wassersteinu, SD=100    missing_entry_no_denoising    0.5",955.7158404221097,985.0666824130294,1253.335678452925
"Wassersteinu, SD=100    rows    100",5.811041705475862,5.500505888677257,5.634118176644315
"Wassersteinu, SD=100    rows    1000",47.36962967092237,48.657049903482864,47.82816229588265
"Wassersteinu, SD=100    rows    100000",4648.141464668617,4740.670282332289,4794.211736979647
"Wassersteinu, SD=100    rows    1000000",47599.82922621575,46925.5042596505,47501.60968159674
"JSDu, SD=100    activation_types    ['relu']",1765.4687127063687,1802.071274005431,1841.4132237580986
"JSDu, SD=100    activation_types    ['relu', 'relu', 'relu', 'relu', 'relu']",316.68742102140243,221.283025170197,279.2212062600809
"JSDu, SD=100    activation_types    ['sin', 'cos', 'linear']",791.7518210686426,719.8113896562351,805.2605665728456
"JSDu, SD=100    activation_types    ['sin', 'cos', 'linear', 'relu', 'sigmoid']",222.33093055950877,356.97390670628835,504.9966811553154
"JSDu, SD=100    input_layer_type    dense",222.54979143419868,210.0683168619076,214.7465731692085
"JSDu, SD=100    input_layer_type    gaussian_dropout",250.54909703782602,192.96754665481754,232.6692938502497
"JSDu, SD=100    input_layer_type    sqrt_softmax",1462.2617946363603,1471.6778406507908,1392.6727520264046
"JSDu, SD=100    input_layer_type    gaussian_kernel",442.6741304081304,594.2767123894158,606.9216289974878
"JSDu, SD=100    input_layer_type    CNN",213.92624538691496,202.21787205940245,218.64692680976123
"JSDu, SD=100    input_layer_type    VAE",2230.303109639204,2207.2234444813557,2222.208331456313
"JSDu, SD=100    encoding_dim    2",737.9215260802462,796.815989256251,757.1391962049817
"JSDu, SD=100    encoding_dim    3",243.7742869474464,150.89992038440664,218.98563464806858
"JSDu, SD=100    encoding_dim    6",189.66066660911673,184.0118005686184,191.8994437295633
"JSDu, SD=100    hidden_layers    5",213.83905790153955,214.74944453159713,209.73209501858327
"JSDu, SD=100    hidden_layers    7",271.97350996498835,249.0170796526304,248.71935362538431
"JSDu, SD=100    hidden_layers    9",247.52211182507568,224.85705954628278,219.13254310810726
"JSDu, SD=100    hidden_layers    27",0.0,0.0,0.0
"JSDu, SD=100    activity_regularizer    ",171.72362051838945,172.4661797748476,163.05505402367106
"JSDu, SD=100    activity_regularizer    L2, 0.01",1018.7412914813851,1009.5113801798349,999.1316595498989
"JSDu, SD=100    activity_regularizer    L1, 0.01",1589.721568986058,1496.1925265427042,1550.9483426417496
"JSDu, SD=100    activity_regularizer    L1, 10^-4",424.5898881850118,243.7258847482662,221.5243839399856
"JSDu, SD=100    sigma    0.005",5.532561749583006,6.164863953954939,6.117051173097687
"JSDu, SD=100    sigma    0.01",47.8597838573701,42.961640757923085,33.50560145579504
"JSDu, SD=100    sigma    0.05",1270.8287872303235,1265.6264413955878,1283.5450740490749
"JSDu, SD=100    sigma    0.1",1818.4548208242995,1779.709771739795,1825.3054740312064
"JSDu, SD=100    sigma    0.2",2144.4292979807747,2152.588130045947,2138.109324264229
"JSDu, SD=100    BN_size    2",116.97718360489534,115.68153183766464,111.23291016937915
"JSDu, SD=100    BN_size    4",345.5966984234795,428.8444212422133,361.85589650055977
"JSDu, SD=100    BN_size    5",417.54581552231224,759.7536665565397,888.8292810734622
"JSDu, SD=100    BN_size    10",818.21694128955,847.0503970555494,842.1559211495319
"JSDu, SD=100    BN_size    20",1940.3168905307634,1933.9865600567673,1890.8202787098771
"JSDu, SD=100    BN_size    30",2989.719471886754,2952.7713528754653,3021.006695153957
"JSDu, SD=100    gaussian_noise_sigma    lambda SD, 0.01",248.59022878601226,366.1746590464845,237.74551359899553
"JSDu, SD=100    gaussian_noise_sigma    lambda SD, 0.02",636.2456824281397,797.3213662071977,636.3796209994562
"JSDu, SD=100    gaussian_noise_sigma    lambda SD, 0.05",958.3257526668349,937.8894284220353,979.4566737969246
"JSDu, SD=100    gaussian_noise_sigma    lambda SD, 0.1",1441.325518538574,1316.6851211396408,1393.9894430507593
"JSDu, SD=100    gaussian_noise_sigma    lambda SD, 0.2",2099.0944792097243,2120.16485975237,2083.2224864796526
"JSDu, SD=100    gaussian_noise_sigma    lambda SD, (0.01 over SD) cdot 100",229.32594677198324,252.54069794443643,317.6374709573826
"JSDu, SD=100    gaussian_noise_sigma    lambda SD, (0.02 over SD) cdot 100",492.9487842824704,769.1051924832873,421.2560276700642
"JSDu, SD=100    gaussian_noise_sigma    lambda SD, (0.05 over SD) cdot 100",955.3533227951064,977.5401771256636,903.8008204219556
"JSDu, SD=100    gaussian_noise_sigma    lambda SD, (0.1 over SD) cdot 100",1395.9301568261003,1356.867895297525,1409.592225693078
"JSDu, SD=100    gaussian_noise_sigma    lambda SD, (0.2 over SD) cdot 100",2117.546632132067,2099.9794086972715,2099.823108567748
"JSDu, SD=100    missing_entry    0.001",123.91121696242115,5.053124642999141,5.466589050556047
"JSDu, SD=100    missing_entry    0.005",19.16266990399138,207.54717749321148,23.139281138565096
"JSDu, SD=100    missing_entry    0.01",31.235260966868225,117.12670168460505,33.6223765894336
"JSDu, SD=100    missing_entry    0.05",153.05612393609377,202.22661192196574,178.6790625979302
"JSDu, SD=100    missing_entry    0.1",463.99837324394747,426.5179336569354,372.8928381082837
"JSDu, SD=100    missing_entry    0.5",1284.5750112118365,1742.9726905938119,1412.9517954040687
"JSDu, SD=100    missing_entry_combined    0.001",237.43794721999961,290.3345036258967,372.8128851389044
"JSDu, SD=100    missing_entry_combined    0.005",250.7075992430137,197.33862799889943,313.44846603377255
"JSDu, SD=100    missing_entry_combined    0.01",394.95350463456623,296.12253728086097,258.1231764940359
"JSDu, SD=100    missing_entry_combined    0.05",357.9534799906149,401.1942124737475,468.7309520217244
"JSDu, SD=100    missing_entry_combined    0.1",489.9280483863163,533.9018828889548,524.6453879992869
"JSDu, SD=100    missing_entry_combined    0.5",1251.5330946867919,1219.5016459923245,1271.4175399980536
"JSDu, SD=100    missing_entry_no_denoising    0.001",65.20417113023494,165.73764159631497,161.36577980075538
"JSDu, SD=100    missing_entry_no_denoising    0.005",154.94602018579053,75.87206865155777,75.9998846650334
"JSDu, SD=100    missing_entry_no_denoising    0.01",97.99437200565949,144.52434081788027,186.85582626569425
"JSDu, SD=100    missing_entry_no_denoising    0.05",198.79810770561048,220.45355668304194,221.66719658676902
"JSDu, SD=100    missing_entry_no_denoising    0.1",353.7715554398636,358.0687375270705,337.8151698853815
"JSDu, SD=100    missing_entry_no_denoising    0.5",1322.7485556721067,1319.3819714998267,1228.5282712233266
"JSDu, SD=100    rows    100",2.8763170314481883,2.8047893877651795,3.092872240460152
"JSDu, SD=100    rows    1000",21.818333881139488,22.29807816881331,22.639453037661404
"JSDu, SD=100    rows    100000",1996.5547324096206,2079.9457431556766,2027.9166349299114
"JSDu, SD=100    rows    1000000",20264.230830345645,21027.999085103045
